Gene,Bile_Duct
DNAJC6,true
ATXN1L,true
HOXA9,true
F11,true
IRS2,true
DNASE1L3,true
SPANXN3,true
SYDE2,true
TREML3P,true
GCNT3,true
GPR50,true
IL17F,true
MAGEC1,true
SREBF2,true
GOLGA2,true
TMEM33,true
OR13A1,true
CNN3,true
HOXD4,true
KIAA0319L,true
CD244,true
DCX,true
AMZ2,true
CELF1,true
C15orf48,true
RNU6-354P,true
SRGAP1,true
IGSF9B,true
B4GALT2,true
HTR5A,true
SLC30A3,true
RP11-119F19.5,true
ZIC5,true
STX1A,true
HRCT1,true
POLE2,true
NUFIP2,true
SSRP1,true
SEMA5A,true
SLC44A1,true
SMARCD3,true
APOBEC4,true
PCDHA1,true
PLAGL2,true
PTPRN2,true
LTN1,true
BRAF,true
TECPR2,true
SMG1,true
ZNF148,true
SLC12A8,true
ZFP42,true
JAKMIP1,true
CTSC,true
ATP9A,true
LGI4,true
FOXO1,true
EGR1,true
MZB1,true
NDUFV1,true
SMIM10,true
SPERT,true
AGO2,true
TGDS,true
ZBTB39,true
ISOC2,true
ZCCHC4,true
PLA2G7,true
TRPM5,true
NEDD1,true
FAM71D,true
UBASH3A,true
GTPBP4,true
FAM186A,true
TAS2R9,true
PMFBP1,true
DHX30,true
VPS52,true
FAM167A,true
APBB3,true
APOBEC3D,true
WIPI2,true
NYAP1,true
MLLT10,true
PRRC2B,true
NHS,true
ARL4C,true
PTPRF,true
KCNT2,true
ZNF204P,true
ESYT1,true
ANXA2R,true
KIAA0355,true
PNMA2,true
TMEM68,true
RBBP4,true
DLG5,true
RIMKLB,true
NLRP8,true
E2F7,true
TNFAIP1,true
MUC16,true
SUGP2,true
AURKC,true
NEK6,true
CUL9,true
MSH5,true
MUC5B,true
SAP30L,true
KIFAP3,true
ARCN1,true
DHX36,true
AC024937.1,true
COL4A2,true
FOXO3,true
KTI12,true
ADRBK1,true
RAC1,true
RNASET2,true
SRPK1,true
SOD2,true
RIN2,true
NPIPB7,true
PTPN3,true
DNAAF3,true
CCR5,true
ZNF710,true
AMOTL2,true
SI,true
SHPRH,true
SENP2,true
EIF4G2,true
PLXNB3,true
DCAF13,true
ZNF735,true
IQCA1,true
PHIP,true
PRMT3,true
HYAL1,true
SYS1,true
PDPK1,true
NDUFB10,true
CIR1,true
GJA10,true
HOXA6,true
FAM32A,true
F13A1,true
ZBTB34,true
SPATS2,true
TGFBR2,true
ISL1,true
PPP1CA,true
PTH1R,true
NAA10,true
EXOSC10,true
SAGE1,true
PLA2G4C,true
DLX2,true
PHLDB2,true
TBC1D10B,true
KIF3C,true
MTMR10,true
COL6A6,true
IGJ,true
ZNF525,true
HOXD3,true
ZXDB,true
DCC,true
BRD1,true
CYP2D6,true
PTK2B,true
BOLL,true
SF3B1,true
FKBP5,true
ZDHHC15,true
CBFA2T3,true
ELK1,true
SOCS6,true
TBX1,true
IZUMO2,true
UBR2,true
DNAH5,true
ATP8B3,true
ANKIB1,true
ROMO1,true
ANKRD36BP2,true
CHD8,true
ST5,true
MRVI1,true
CEP135,true
SLC16A10,true
ISG15,true
SH3PXD2A,true
PPP3CB,true
TMX3,true
TAF1D,true
PCDHA9,true
C3orf20,true
TP53,true
ALOX12B,true
G3BP2,true
SUPT20HL2,true
UBFD1,true
UTRN,true
DNAJC11,true
ADGRL1,true
LMTK3,true
HLA-DMB,true
RP11-80F22.15,true
SLC5A1,true
DYNC1LI1,true
TRAP1,true
LPAR4,true
UBE4B,true
KIF26A,true
KCNIP2,true
HRH3,true
CARD10,true
MYO1A,true
XKR4,true
NR1I3,true
MKI67,true
ODF2,true
RNF2,true
ERCC2,true
SHF,true
PLCXD3,true
UBE2F,true
NRBP2,true
CLVS1,true
ANKRD30B,true
NLRP7,true
CAPN6,true
SPPL2B,true
LPPR4,true
HSD17B14,true
FAM71B,true
DDX17,true
KIRREL3,true
PIPSL,true
CATSPERD,true
TAOK1,true
GRK1,true
TM9SF3,true
MVD,true
MCM9,true
ANK1,true
PRDM12,true
CEBPE,true
SGCB,true
GNAQ,true
PRB4,true
OR8B3,true
PPAPDC3,true
CSNK1G1,true
SPEG,true
TMEM116,true
ZBTB41,true
TBX10,true
RHOA,true
NOVA2,true
ARHGAP12,true
RBFOX1,true
ARNTL,true
OR5H14,true
TCAM1P,true
NLGN4X,true
ELMOD3,true
ACP6,true
BMP4,true
NONO,true
OR2H1,true
MZT2A,true
RN7SL319P,true
SP2,true
MRPL2,true
CNTRL,true
CELF4,true
ADAMTS2,true
TRIM49D2,true
FLJ42102,true
OR5AP2,true
VWA5B1,true
EIF1AD,true
PGBD5,true
MPDZ,true
MRPS7,true
DYRK1A,true
MAP1A,true
STAT2,true
OR5I1,true
IPO5,true
CPSF6,true
DNAH11,true
DENND4A,true
CDKN2A,true
MICAL3,true
CALHM3,true
MYO9A,true
PCDHAC2,true
RNF4,true
NKAPL,true
WBP11P1,true
PPP2R5D,true
PNRC2,true
KIRREL2,true
KDR,true
NPW,true
TBX5,true
LMLN,true
ZFYVE26,true
ARL4A,true
ROCK2,true
CHRM1,true
SMG8,true
AP4E1,true
PPARGC1A,true
NEUROD1,true
PMM2,true
POU5F2,true
NXPE3,true
SCN8A,true
C15orf52,true
ISX,true
ESPN,true
RREB1,true
BRCA1,true
KLHL36,true
MITF,true
CDK2,true
PCF11,true
OR5D16,true
OTUD1,true
C6orf222,true
RLN1,true
DNAH8,true
AJAP1,true
JADE3,true
WBP1,true
UBTF,true
CTR9,true
PCK2,true
B4GALT6,true
CLASP2,true
DYRK2,true
NRG2,true
ARFGAP2,true
HMGB1,true
ARHGEF2,true
EEFSEC,true
CHD4,true
MEI1,true
NAV3,true
ASB2,true
SYNE2,true
SNX2,true
MGEA5,true
BPIFB6,true
BRD2,true
FRMPD4,true
UBXN8,true
CBWD2,true
AC116366.6,true
RYR2,true
RNH1,true
ANKMY1,true
ERAP1,true
TEAD3,true
ABCA7,true
UBQLN2,true
GNA12,true
SHANK1,true
KLHL22,true
GPX5,true
DNAL1,true
CYSLTR1,true
BRINP1,true
CAPN13,true
WHSC1L1,true
ABHD12,true
FBXW2,true
RNF19B,true
SEC24D,true
TTC3,true
TSHZ1,true
FLRT2,true
USP2,true
ANKFY1,true
CLTCL1,true
LIM2,true
SLC25A1,true
F9,true
PPP2R3A,true
BAG3,true
NUAK2,true
AC245033.1,true
OSBPL8,true
NME8,true
CEP295,true
TBX18,true
PDCD7,true
DDC,true
IGHM,true
NEK11,true
EPB41L2,true
EPHA10,true
HSPA8,true
ERG,true
KCNH1,true
TEAD1,true
MAGEE1,true
SOGA3,true
ZNF559-ZNF177,true
DDX51,true
PKHD1,true
SRBD1,true
ZBTB4,true
GC,true
LSM14B,true
COX7A2L,true
PRAMEF17,true
SCEL,true
CKAP4,true
BTBD3,true
PPP2R4,true
PER1,true
MSX2,true
AC215219.2,true
POU3F2,true
KRTAP12-2,true
SOX3,true
BDNF,true
RASSF5,true
SHANK2,true
ZNF682,true
C1S,true
OVOL2,true
TRIOBP,true
STX4,true
UGGT1,true
UPRT,true
CENPE,true
ZNF507,true
SOX2,true
FAM127A,true
RND2,true
OGFR,true
VWA7,true
DISP1,true
RBMY1A3P,true
TRIM2,true
CCDC120,true
THOC5,true
CD96,true
C3,true
WDR34,true
B3GNT2,true
TMEM64,true
SBF2,true
SYNGAP1,true
AIFM3,true
ZNF430,true
MIR4697,true
DNAH17,true
PPL,true
TGFBRAP1,true
HNRNPUL1,true
IKZF5,true
DRG2,true
QSOX1,true
CACNA1C,true
TAS2R20,true
ANGEL1,true
BACH2,true
SLC9C1,true
HMCN1,true
TIMMDC1,true
ASB7,true
AFMID,true
PBX2,true
ZNF536,true
PPIL6,true
ARIH2,true
GAD1,true
MPPED1,true
NID1,true
EXOC5,true
FPR2,true
ARF6,true
TSHZ3,true
EIF3H,true
MFF,true
PLEKHG3,true
EIF1AX,true
DDX43,true
MTR,true
CPNE9,true
LRRC32,true
APBB1IP,true
FMR1,true
MTMR12,true
CARHSP1,true
RIMBP2,true
C8orf89,true
HYAL3,true
PTBP3,true
SRC,true
LONRF2,true
CECR6,true
SEC31A,true
STK32C,true
TPBG,true
PRDM10,true
MAGEA1,true
RERE,true
CEMIP,true
ACTC1,true
ANO3,true
HSFX1,true
OR51A4,true
DUSP21,true
ZNF652,true
WDFY1,true
PLSCR5,true
DARS,true
TCP11L2,true
CCDC154,true
SLC10A7,true
SAMD7,true
MST1P2,true
CCND2,true
OPRM1,true
MUCL1,true
C11orf73,true
TSPAN13,true
AHCYL1,true
GRM5,true
SLC16A6,true
CCDC168,true
NSF,true
POLN,true
PUM2,true
RHOBTB2,true
RPL7A,true
HIST1H3G,true
ADGRE2,true
COX10,true
CRHR1,true
GTPBP1,true
PANK1,true
B2M,true
RTN4RL1,true
ABCC4,true
PRCD,true
SLX4,true
GTF2IRD1,true
DTX1,true
MMP2,true
PRPF8,true
ZNF180,true
NKX1-2,true
UXS1,true
ADAMTSL1,true
TACR2,true
RP11-45A17.3,true
BEND7,true
PRDM16,true
ABI3,true
KREMEN2,true
CNOT7,true
R3HDM2,true
SDCCAG8,true
WDR7,true
SULT1A1,true
IL33,true
MYH14,true
CCDC174,true
TLN2,true
PGM5P2,true
C1orf216,true
HERPUD2,true
NBR1,true
BIRC2,true
SRSF11,true
TLE4,true
ANGPTL1,true
EBF3,true
SLC22A5,true
ZCCHC8,true
ADAT2,true
HTR3D,true
ZER1,true
TRPM6,true
DDN,true
CSNK2A1,true
MROH1,true
HNRNPUL2,true
DNAJB13,true
BTG3,true
ZNF354B,true
ANKS1A,true
DNAJC9,true
CCNT2,true
STK25,true
SLC5A9,true
LRRC8B,true
ZFP91,true
UTP3,true
CHAMP1,true
MARCO,true
BTBD11,true
PPM1N,true
CDH4,true
CSPG4,true
LAMA4,true
ADAM2,true
KIF1C,true
NRARP,true
TRAF3IP2,true
ABCG4,true
SF3B2,true
BLM,true
OR4Q3,true
VENTX,true
ZNF738,true
KIAA1586,true
NHLRC2,true
NEU1,true
MAF,true
MUC6,true
SMEK1,true
PLEKHA6,true
TMEM260,true
H2BFM,true
PYGM,true
ZNF609,true
PCDH9,true
MED23,true
IL10RA,true
FSIP2,true
PLEKHH3,true
ZNF766,true
VPS54,true
HIRIP3,true
OPRK1,true
PPP4R1L,true
ATF5,true
PNCK,true
FAM133A,true
MARVELD3,true
FAM222B,true
TNRC6B,true
UCKL1,true
HOOK1,true
SUCO,true
ESRRG,true
ST8SIA2,true
SNX20,true
OGFOD1,true
CNDP1,true
LRRC71,true
NOTCH4,true
SLC1A6,true
INTS12,true
TEPP,true
SUPT20H,true
SYT7,true
TMTC4,true
TNK1,true
NEB,true
CTNND2,true
TXLNA,true
ALOX12,true
UFD1L,true
SCUBE3,true
WNK2,true
MTUS1,true
NFE2L1,true
TMPRSS15,true
MSRB2,true
YY2,true
CNOT6L,true
CANX,true
NOP56,true
GCC2,true
TCP11L1,true
TDRD6,true
ZDHHC21,true
SNORA72,true
PDE4C,true
C2orf69,true
CMA1,true
STAG2,true
DHX8,true
EIF4G3,true
AIFM1,true
ROCK1,true
RAB2A,true
MRC2,true
KCNA4,true
DRC7,true
INHBA,true
SDR16C5,true
MPZL3,true
GOLGA6A,true
ZSCAN25,true
KIAA1211,true
AL078621.1,true
NFIB,true
ZFX,true
CDC20B,true
COPA,true
CCDC178,true
SV2A,true
FCHSD2,true
PTK2,true
ZSWIM3,true
PLCG1,true
FLRT3,true
VNN1,true
CHEK2,true
CAD,true
B4GALT7,true
RAI1,true
CSNK1G3,true
SPRED1,true
ANKRD65,true
UGCG,true
ZNF880,true
CCDC144NL,true
TSPAN18,true
SLCO5A1,true
FAM19A5,true
ACAP2,true
TJAP1,true
PIKFYVE,true
ESCO2,true
PAN3,true
SLAIN1,true
CCDC108,true
CAPN12,true
KDM4A,true
ZBTB49,true
APC,true
PHLDB1,true
CSMD2,true
LVRN,true
NCS1,true
CMTR1,true
NPIPA1,true
MKX,true
TSPEAR,true
AGO3,true
ONECUT2,true
ANKRD34A,true
NOS1,true
KCTD21,true
KNG1,true
GNPDA2,true
CNNM4,true
PEX5L,true
ITIH1,true
UGT2B15,true
DGKA,true
TTC23L,true
PPIC,true
ADO,true
N4BP1,true
SNRPG,true
MALAT1,true
MKS1,true
TMTC2,true
PADI4,true
GATAD1,true
SLC4A2,true
YAP1,true
OR9I1,true
CADM2,true
AC005071.4,true
RHPN2,true
NLRP11,true
AL078471.5,true
CCNA2,true
RASA2,true
CSMD1,true
HBS1L,true
ZFP82,true
FGFR4,true
C9orf131,true
RGPD1,true
WDR27,true
UGT3A1,true
ZBTB5,true
LTBP1,true
INTS10,true
ATAD2B,true
GRINA,true
ZIC4,true
NDUFB4,true
ITGA6,true
EIF5AL1,true
CADM1,true
ANKRD26P1,true
TMEM126B,true
MC4R,true
ZFR,true
VWA3B,true
CR1,true
UTP20,true
CLDN25,true
LOXL3,true
C2orf71,true
RPS6KA5,true
RNF13,true
MCEE,true
COL5A1,true
MST1L,true
CMTM3,true
FAM135A,true
ITGA3,true
C1orf100,true
CNOT3,true
ZNF74,true
CPT1B,true
TMIGD1,true
ZCCHC24,true
REG1B,true
CALM3,true
PLEKHN1,true
ZNF726,true
EPHA4,true
SCP2,true
INPP5D,true
C9orf85,true
DXO,true
ZNF568,true
LMO3,true
AIRE,true
FAM43B,true
MIEF1,true
CNOT11,true
EEF1A1,true
SCUBE1,true
TIAF1,true
PHF6,true
PPFIBP2,true
NFIX,true
CUZD1,true
RUVBL2,true
KNDC1,true
CEACAM3,true
FSTL4,true
CC2D1B,true
DCDC2B,true
RP11-142A22.3,true
DNAJB12,true
TAOK3,true
FEM1B,true
FLNA,true
L1TD1,true
EPG5,true
KCNS2,true
MREG,true
C14orf119,true
IL12B,true
RAB5B,true
LAP3,true
UGP2,true
GRIA1,true
SMTN,true
ASXL3,true
ADNP2,true
CTBP1,true
GSDMD,true
UHMK1,true
PCDHA11,true
CCDC88A,true
UNC80,true
PCDHGA9,true
PRDM2,true
HAMP,true
ZNF12,true
NACA,true
EIF3L,true
C15orf53,true
EN1,true
ERI2,true
PDE4A,true
COL6A5,true
MAGEA11,true
ADGRV1,true
FRMPD2,true
ARHGAP28,true
NRAS,true
TRIM27,true
TMEM141,true
PLA2G4E,true
TLN1,true
KIAA0226,true
ZNF627,true
GPBP1L1,true
CADM4,true
CENPBD1,true
TRIM36,true
STAG1,true
FGFR2,true
ARF3,true
PPP1R3C,true
SCNM1,true
NOS1AP,true
SAE1,true
FGG,true
LBHD1,true
PABPN1,true
TBCCD1,true
OPHN1,true
SLC3A2,true
OTUD6A,true
LSR,true
ORAOV1,true
ELMSAN1,true
GVINP1,true
DUXA,true
NTM,true
GLRX,true
SATB1,true
NR3C1,true
CACNA1E,true
DAZAP1,true
PRSS12,true
GOLGA6L22,true
MSANTD3,true
FZD9,true
LIAS,true
ADGRD2,true
SLC44A5,true
DLGAP1,true
MUC4,true
CDH23,true
HCFC1,true
FAM114A1,true
H1F0,true
SAMD4A,true
LIN9,true
PROM1,true
TMEM87A,true
GABRA5,true
EYS,true
ZBED4,true
NKAIN2,true
ZNF703,true
ZNF296,true
DST,true
DOCK2,true
LNX1,true
PRMT7,true
PPCS,true
LMAN1,true
GABRA3,true
DCUN1D5,true
RWDD3,true
ATP7B,true
GPR17,true
PHF3,true
pk,true
ASPHD1,true
EGLN3,true
FSIP1,true
CHI3L1,true
SLC25A37,true
KCTD8,true
GPATCH2,true
OR1E2,true
EPHA8,true
GDPD4,true
FFAR3,true
TNNI3K,true
KIAA1324L,true
ANXA10,true
ZNF271P,true
MARK3,true
IRF2BP2,true
CFAP43,true
TMEM30B,true
ITPRIP,true
PHLPP1,true
BRAP,true
ZHX3,true
CHRM3,true
CASP8AP2,true
ITGA2B,true
MACF1,true
C9orf91,true
C2CD2L,true
PCDH15,true
MGAT4B,true
USP21,true
GSG1L,true
WDR25,true
CACNA1G,true
IRX2,true
XPO5,true
DYNC1I2,true
ZNF528,true
MOV10,true
OCA2,true
SLC7A6,true
DENND1A,true
CD40LG,true
WASH1,true
ANKRD13A,true
RP11-575F12.1,true
APPL1,true
PAPSS2,true
CAMSAP1,true
PDIK1L,true
C6orf10,true
TNN,true
RNF139,true
NFE2L3,true
TMUB2,true
SPAG4,true
PRAMEF12,true
FARSB,true
SLC7A11,true
EIF1,true
C2orf16,true
SEC24A,true
PRR26,true
QKI,true
NDUFA4L2,true
VAMP2,true
RUFY1,true
SOX4,true
ASPRV1,true
HORMAD1,true
GOLGA6B,true
HMGCR,true
PURB,true
FAM58BP,true
TTLL4,true
PVR,true
GNPTG,true
TRIP12,true
IGKV1D-42,true
NTRK3,true
KDELR3,true
IGHG4,true
MAK,true
RALBP1,true
TMEM237,true
ROBO1,true
CAV1,true
RIPK2,true
MAMDC4,true
POM121,true
ENGASE,true
CHRM2,true
NR2E1,true
BMPER,true
BMI1,true
CTCF,true
ZNF658,true
DDX11,true
PTP4A1,true
DNAJB8,true
NLK,true
POLR3C,true
ARPP21,true
C11orf57,true
PLK2,true
PRDM5,true
ARID1A,true
TMEM88B,true
RP11-219A15.2,true
AGPAT3,true
MS4A14,true
SEPT7,true
ZNF24,true
DPP8,true
ADARB2,true
CPD,true
ANKRD24,true
IQSEC1,true
CTAGE11P,true
POLR2B,true
ICAM1,true
PPP1R18,true
VPS8,true
MROH5,true
ZNF268,true
CLHC1,true
TET2,true
SCLY,true
MAP7D2,true
SLITRK1,true
PPP2R5C,true
ANK2,true
VN1R1,true
KCNC2,true
SLC38A2,true
PARGP1,true
ZBTB48,true
TMEM41B,true
NBPF14,true
ARL8A,true
RP11-71N10.1,true
RTP4,true
G3BP1,true
CLCN5,true
IBTK,true
ZNF503,true
ERLEC1,true
ASIC4,true
RNASE4,true
FLJ33360,true
PABPC5,true
CDX4,true
KCNMA1,true
BTBD8,true
TMA7,true
JRKL,true
PIDD1,true
LRRC52,true
TOB1,true
TRBV5-1,true
MICAL1,true
CHL1,true
EXOC6B,true
KBTBD4,true
TACC3,true
FRAS1,true
MARCH2,true
KBTBD8,true
GPI,true
PJA2,true
SV2B,true
POM121L9P,true
CTSD,true
SLC8A3,true
BLK,true
TMEM55B,true
PPP1R3A,true
MTG2,true
IFNA8,true
NPHS1,true
PIH1D2,true
TRAV27,true
UBE3A,true
POLA1,true
ANO7,true
KPNA7,true
MRPS15,true
ARID5A,true
OR10C1,true
DUSP18,true
ST7L,true
C18orf63,true
DDB2,true
GZF1,true
SP140L,true
UNC5D,true
NKD2,true
HS2ST1,true
RARA,true
DPP6,true
SOBP,true
RPGRIP1,true
RAB3D,true
HNRNPM,true
RCOR1,true
RP11-556N21.1,true
EGFR,true
ATRNL1,true
KIAA1468,true
NOXO1,true
PDYN,true
RBM12,true
GPHN,true
LYST,true
SLC9A1,true
TMED7-TICAM2,true
SLC7A3,true
PCGF5,true
CDC27,true
ZIM3,true
EVA1C,true
TDRD9,true
FER1L6,true
ESYT2,true
AP2A1,true
BOC,true
YLPM1,true
CHTF18,true
DYSF,true
CD6,true
MON1A,true
ZNRD1,true
FAM50A,true
LGR4,true
OR52B6,true
COL4A4,true
PATZ1,true
ABCA4,true
TCIRG1,true
NPIPB9,true
YES1,true
OSBP,true
THADA,true
GUSBP2,true
FOXN1,true
CDHR1,true
CALN1,true
DHX9,true
MXD1,true
METTL22,true
ARFGEF3,true
PASD1,true
GPR84,true
C1orf140,true
TNS2,true
DYNC1H1,true
HLA-DQB2,true
ANKRD36,true
LTB4R2,true
ZFHX3,true
CPN2,true
JADE2,true
LTBP4,true
TGM1,true
SHC4,true
LRCH3,true
POTEH,true
ITCH,true
C11orf88,true
RAB3B,true
KCNK1,true
IP6K2,true
CHD5,true
YWHAE,true
SUV420H1,true
SBK1,true
HP09025,true
CEP126,true
FHOD3,true
ZNF345,true
URI1,true
MAGEH1,true
MAPK1,true
TRIM15,true
CUEDC2,true
RP11-136K7.2,true
KLLN,true
COL20A1,true
ZAN,true
HES7,true
SEC61G,true
LCA5L,true
ALPK1,true
ITPR1,true
CBX6,true
LRRC55,true
GALNT13,true
FUZ,true
RABL6,true
KIAA2026,true
OAS2,true
CH17-13I23.1,true
GYG2,true
MGA,true
MATR3,true
ZFYVE16,true
ZNF100,true
ACSF2,true
XYLB,true
PDE8A,true
SNX14,true
SMC4,true
CMYA5,true
SELENBP1,true
POLE,true
HIST1H3A,true
PPP1R21,true
TTI2,true
GIMAP8,true
BTG2,true
PIK3R4,true
Y_RNA,true
SLC2A2,true
TLR3,true
TSPAN12,true
KIF7,true
CASK,true
HDAC5,true
AMER2,true
FYN,true
ZFP36L2,true
FAM131A,true
HDAC6,true
BTF3L4,true
SORBS1,true
PARP10,true
SLCO6A1,true
ADAM33,true
TYMP,true
ZXDA,true
GLIDR,true
EIF3J,true
CCNB3,true
OR51F2,true
DHX32,true
C12orf49,true
SCN4A,true
PHKA2,true
C8orf86,true
ZNF423,true
PGPEP1L,true
GSTTP1,true
IFRD1,true
AKAP13,true
RPE,true
LRRK1,true
FDPS,true
LAMA5,true
FN1,true
CHD1L,true
HGF,true
GID4,true
IQCC,true
CDIPT,true
ARSF,true
USP34,true
NSA2,true
HCN1,true
TNXB,true
TRAPPC9,true
SEMA3D,true
GCNT1,true
TOP2A,true
C12orf74,true
PCDHGA6,true
RAB11B,true
IGLV3-1,true
PRAMEF2,true
MSC,true
NRROS,true
DDX26B,true
OR7E24,true
IBSP,true
PRDM13,true
IFNL3,true
MEX3A,true
HAUS6,true
RSBN1L,true
OR4N2,true
HERC2P3,true
TRHR,true
ATP5F1,true
FAM47C,true
SEMA4C,true
ADGRA1,true
TPD52L3,true
PGBD2,true
HLA-DOA,true
FAM177A1,true
ZFAT,true
BAD,true
ZFAND6,true
IGF2BP2,true
CNTLN,true
GPN2,true
TNFRSF10C,true
ETS2,true
DNAJC5B,true
MCM4,true
HSF5,true
IGHG1,true
MINK1,true
SLC22A1,true
ZNF169,true
ERMARD,true
CCDC85A,true
EXD1,true
EN2,true
HIST1H1T,true
ZHX2,true
EMCN,true
ZNF385A,true
ZBTB7A,true
P2RY10,true
PAX1,true
SRCIN1,true
ELAC2,true
ACSM5,true
OTX2,true
AGPS,true
RHOT1,true
CXCL3,true
SCAF11,true
COL24A1,true
LINC00461,true
ORM1,true
ZNF18,true
MYH9,true
ME1,true
VWA5B2,true
RP11-383M4.6,true
AHCYL2,true
KIF5C,true
TRUB1,true
TRRAP,true
EGR3,true
NOD2,true
BLOC1S3,true
MARK1,true
C18orf25,true
TOR4A,true
PDE3A,true
NXPH4,true
ATG4B,true
SLC22A23,true
LAIR2,true
HAAO,true
TMEM198,true
KRT16P3,true
GRIA3,true
THRAP3,true
SF3A3,true
PTPRC,true
SRSF5,true
DYNLL1,true
OR2T10,true
DAB1,true
FERD3L,true
KATNAL2,true
SH3BP5,true
TTC12,true
ISLR2,true
DOPEY1,true
SYNJ1,true
CYFIP2,true
PPP6C,true
CEP290,true
PRKAA2,true
HIC2,true
NLGN1,true
CFAP36,true
NUDT12,true
UNC45A,true
RP11-35N6.1,true
BCAS3,true
CRY1,true
SNX21,true
FAM72C,true
APBB2,true
PREX1,true
HTN1,true
CYP4F2,true
PPM1E,true
GPX3,true
POLR2F,true
CHGB,true
TRAM1L1,true
ZNF486,true
DHH,true
TOMM40,true
PIEZO2,true
POLRMT,true
PENK,true
C18orf54,true
CASKIN1,true
CCDC105,true
SH3GL2,true
C2orf57,true
PSAT1,true
FBXO8,true
MRPS16,true
ATP8B1,true
SPATA31A1,true
MRPL44,true
GALNT5,true
CEP95,true
RP11-495P10.1,true
SLC43A3,true
VANGL1,true
STON1-GTF2A1L,true
NOL4,true
ZBTB3,true
THSD7A,true
SFN,true
IPO13,true
KIF21B,true
TRIM39,true
GPR85,true
PEX11B,true
GMPR,true
BCAR3,true
STAB2,true
NUP153,true
DDX59,true
GBAS,true
ADCY10,true
MBTD1,true
TPCN1,true
MPHOSPH9,true
OR2T6,true
FOXG1,true
GPR149,true
KIAA1462,true
PDS5B,true
SNX7,true
MRGPRX1,true
INPPL1,true
LCT,true
SLBP,true
IL25,true
ZBTB38,true
CEP250,true
PPP1R1A,true
SUSD6,true
EIF2AK2,true
UQCC1,true
SCARF1,true
IKZF2,true
ATF4,true
AGAP2,true
KMT2E,true
FSHB,true
OR9G4,true
DLC1,true
DMBT1P1,true
FZD8,true
SLC38A3,true
PURA,true
FST,true
EIF4ENIF1,true
FBXO5,true
FAM135B,true
ZMIZ2,true
SLC47A2,true
RTTN,true
KIAA0825,true
RP11-890B15.2,true
ZNF835,true
VASP,true
OSBPL11,true
RPL15,true
DNM2,true
TICRR,true
TTC28,true
HIAT1,true
PRRT4,true
BAIAP3,true
RSPH10B,true
WNT3A,true
PAPD5,true
PCDHA4,true
COPS5,true
FEZ1,true
YIPF4,true
RAD54B,true
KIR2DL4,true
PCDH7,true
ROS1,true
PET100,true
STK39,true
PDCL,true
ZNF69,true
ZNF229,true
DDX52,true
NID2,true
PTGER3,true
YAF2,true
NOTCH2,true
BHLHE41,true
LPCAT4,true
TSC2,true
TMCO4,true
LRP1B,true
GABPA,true
PNPLA3,true
KCNAB2,true
ZNF800,true
TBX3,true
TENM2,true
MXI1,true
CLCN6,true
MAP1S,true
NUTM2F,true
SLC35E1,true
DENND4C,true
GFM1,true
FUT4,true
CUL3,true
GARNL3,true
SNORD3A,true
ESRP2,true
GMFG,true
NINJ1,true
FUBP3,true
CD2AP,true
PTBP1,true
C19orf54,true
SPRY4,true
HERC1,true
RAPGEF3,true
OR51B5,true
NYAP2,true
WAPAL,true
PABPC3,true
SCN3A,true
PHC3,true
GRM1,true
TNIP1,true
C6orf201,true
API5,true
FAM76B,true
BCORL1,true
KHDRBS2,true
SEMA3B,true
RIMS1,true
MYO5B,true
LRP6,true
SLCO3A1,true
ZBBX,true
DCUN1D3,true
ENO4,true
WHAMMP2,true
AREG,true
SIGLEC10,true
CHD1,true
CKS1B,true
NIN,true
ENC1,true
POMGNT2,true
KCNJ2,true
RPRD2,true
ZFP36L1,true
TMEM128,true
GRM8,true
FAM63B,true
CCDC90B,true
PLIN4,true
ARHGEF38,true
USP48,true
RPS6KA3,true
CDC37L1,true
THPO,true
NBEA,true
ANKRD1,true
ZC3H14,true
TPTE,true
AGXT,true
HADHB,true
RYR3,true
NF1,true
DEFB105A,true
HMGCL,true
PAIP2,true
CRIM1,true
MARCH6,true
CDYL2,true
ZNF610,true
IMP3,true
RGS3,true
DMXL2,true
PCDHGA3,true
SOGA1,true
ZNF407,true
GS1-309P15.2,true
ARL6,true
VAMP5,true
ALDH1A2,true
ZNF596,true
ZNF233,true
RP11-434D2.7,true
DIP2A,true
C1QL4,true
TMSB10,true
AKR7L,true
NR2C1,true
PDCD10,true
CDH5,true
PPA1,true
USH1C,true
CDK19,true
KRT3,true
PAQR9,true
SKI,true
PITRM1,true
MYO3A,true
NME7,true
XPNPEP2,true
PIWIL3,true
KRT39,true
GLCCI1,true
RAB22A,true
TMEM108,true
ITFG3,true
GAL3ST1,true
CELF3,true
ADGRL2,true
WBP1L,true
ELMOD1,true
NXF1,true
HELQ,true
TMEFF1,true
FCGBP,true
PLRG1,true
ZNF236,true
GADL1,true
FAT4,true
ZNF354A,true
REP15,true
SIT1,true
CTSW,true
NUDT9,true
CAPN5,true
TSC22D2,true
UBE2W,true
LINC01341,true
KRCC1,true
ZNF688,true
FNDC3B,true
OR8H1,true
KCNH8,true
HIST1H2BD,true
SLC39A3,true
ABCB6,true
KLK12,true
ARMC6,true
NETO2,true
ATP2B3,true
F8,true
CASP16,true
KLF11,true
MURC,true
DGKZ,true
CALD1,true
QPRT,true
CTIF,true
TLX2,true
BRDT,true
NR2F2,true
KPNA3,true
PPM1J,true
UPF1,true
CNBD2,true
SREK1IP1,true
TMCC1,true
CDH10,true
ACTRT2,true
PCK1,true
EFNB1,true
ZCCHC5,true
CASP8,true
C14orf159,true
MOSPD2,true
FGF12,true
AKAP7,true
USP29,true
APPBP2,true
OR5L2,true
SMS,true
FOXA1,true
LIX1L,true
AGTR2,true
MED13L,true
DR1,true
CCDC140,true
CEP350,true
KRT17,true
LAMA3,true
MAX,true
GRB2,true
FLG2,true
ZBTB37,true
HSBP1,true
GIGYF2,true
SIX6,true
CHRDL2,true
NAV2,true
TMC4,true
CCBE1,true
FCHO2,true
CUL5,true
PHF21B,true
MRPL45,true
NEURL4,true
ZNF469,true
RASGRF1,true
FBXO28,true
C7orf43,true
DNAH7,true
KHDRBS1,true
CDH26,true
PDLIM3,true
LAMB3,true
C1orf115,true
BEST2,true
TNRC18,true
CDCP2,true
NPTN,true
DMD,true
JUND,true
KMO,true
FRMD4B,true
PRTG,true
BRWD1,true
IRAK2,true
ETV5,true
ATP1B3,true
CACNG1,true
ZNF667,true
IFI6,true
MC1R,true
GGNBP2,true
SLC10A6,true
ECI2,true
GOLGA6L6,true
CACNG5,true
MAP2K4,true
PICK1,true
HNRNPL,true
MRTO4,true
XPNPEP1,true
GGN,true
MAT1A,true
PLAUR,true
PLAG1,true
THYN1,true
GLRA2,true
NLGN2,true
LRRC63,true
LRRK2,true
PAFAH1B2,true
TRAF4,true
C11orf30,true
APOLD1,true
TCEAL1,true
VPRBP,true
TSPYL2,true
AMDHD1,true
AC004381.6,true
MED16,true
LRRC6,true
VPS26B,true
DENND4B,true
HOXB3,true
RBMY2EP,true
TRIM68,true
NSD1,true
ARL6IP1,true
APAF1,true
ADGRG4,true
DNASE2B,true
PLXNB2,true
EPHA2,true
LARP4B,true
ZNF410,true
RBM27,true
S1PR3,true
TACC1,true
AC011718.2,true
SEC16B,true
DIS3L,true
AC008079.9,true
CYBB,true
ACTBL2,true
MME,true
TAF3,true
OR52I1,true
KIR3DL3,true
MAGEL2,true
ZFYVE9,true
UBE3D,true
BTNL9,true
APITD1-CORT,true
DOLK,true
ZNF821,true
CABIN1,true
FAM95B1,true
SNX5,true
ZNF606,true
NDST3,true
FADS1,true
CCDC15,true
WIPF1,true
PRKDC,true
OR11L1,true
VANGL2,true
RP11-863P13.4,true
PRKRIR,true
IRX3,true
MKL2,true
AOX1,true
RIMBP3,true
PAX8,true
OR2D3,true
SAV1,true
LLGL1,true
C5,true
TPRN,true
CCDC14,true
TMEM209,true
ARHGAP29,true
ZNF544,true
MAB21L1,true
SPATS2L,true
CIT,true
HOMER2,true
CDKL1,true
CYBA,true
PCDHB7,true
DDX3X,true
FAM46A,true
OIT3,true
NXF5,true
DNAH2,true
OR1S1,true
SALL1,true
OSBPL3,true
CEACAM5,true
ANO2,true
ATHL1,true
RABGAP1,true
TMEM50B,true
DLL1,true
SMARCC1,true
PTPN4,true
PNN,true
TMBIM6,true
RP11-113D6.10,true
RELB,true
TNIK,true
MAT2A,true
HAUS4,true
ESX1,true
MAST4,true
MTUS2,true
C9orf173,true
C16orf62,true
GANC,true
FAM195A,true
AHCTF1,true
NT5DC2,true
BAZ1B,true
MGAT2,true
MRPL11,true
CNOT10,true
MMP16,true
CTTNBP2NL,true
FOXD4L4,true
BCOR,true
SDR16C6P,true
AKT3,true
FAXDC2,true
BRD3,true
MASP1,true
WASIR2,true
KBTBD3,true
CYP2E1,true
DOCK6,true
KIF6,true
GIPC3,true
CDK14,true
STAC2,true
MTF1,true
TMEM245,true
RAB1B,true
NLRP14,true
XPO7,true
WDR70,true
TMPRSS9,true
SDAD1,true
SIPA1L3,true
FYB,true
LINC00092,true
GALM,true
EDN1,true
TNFRSF10D,true
PRICKLE3,true
ATP5O,true
CCDC18,true
ADCYAP1,true
RARG,true
TRBV30,true
ZNF320,true
CASD1,true
KBTBD11,true
STK32A,true
GRM3,true
SYT10,true
ACHE,true
KCNK17,true
POLR3E,true
KLHL12,true
MLPH,true
NAMPT,true
GRIK2,true
RBM15B,true
PEAK1,true
TVP23B,true
HBB,true
EP400,true
ZNF250,true
FANCA,true
ITGA5,true
TIPARP,true
DNAI1,true
HELLPAR,true
WDTC1,true
ASF1A,true
E2F3,true
GLI3,true
HS3ST6,true
ABCC1,true
ADGRL3,true
ADAMTS13,true
MT1F,true
CCT4,true
RBMY1A1,true
ZNF134,true
CERK,true
ERLIN2,true
ALPL,true
EML2,true
TUFT1,true
ZMYM2,true
ILF3,true
PARP16,true
KCTD13,true
BRCA2,true
MBL1P,true
FLG,true
SPAG16,true
TMEM11,true
ZNF860,true
MYH7B,true
RPL28,true
SENP5,true
ZYX,true
ST6GAL1,true
PITPNM1,true
ZNF730,true
ABCF2,true
ABCA12,true
NPAP1,true
MOCOS,true
NOL3,true
FAM20B,true
COPS8,true
PCDHB17P,true
RAN,true
ID4,true
CYP21A2,true
NUP98,true
GLG1,true
ALDH3B1,true
KLHL20,true
CACNA1D,true
LRP1,true
PTGR1,true
OSMR,true
TRO,true
ABI2,true
RNA5SP311,true
TULP1,true
OR10S1,true
MAGED1,true
CTD-3187F8.14,true
SMAD4,true
TTLL9,true
SLC20A2,true
RTBDN,true
PPP1R10,true
LDLRAD1,true
CHRNB3,true
KIAA0907,true
RFWD3,true
ATP5S,true
BRWD3,true
FGFR1OP,true
S1PR5,true
OR4A15,true
SPEF2,true
RGS9,true
MCHR1,true
OTUD4,true
MAP1B,true
ALG3,true
RIMS2,true
SMC3,true
ZNF547,true
ELAVL4,true
N4BP2,true
NR4A3,true
LANCL2,true
HSPA9,true
ARID1B,true
APOA4,true
FLII,true
ZNF513,true
SLC25A25,true
SLC34A2,true
SERINC5,true
ST3GAL3,true
ZNF850,true
TFAP2B,true
ZCCHC3,true
AS3MT,true
KRTAP10-9,true
TCF20,true
GPC4,true
PDXDC1,true
COL8A2,true
UPP2,true
SLC8A1,true
MYO18A,true
DNAJB6,true
TMEM35,true
CD300LD,true
ZNF728,true
UVSSA,true
ASPM,true
SYNDIG1,true
C14orf169,true
RP11-1415C14.3,true
CDH1,true
FAM228A,true
TDG,true
PI15,true
ZFHX2,true
LPIN1,true
PIAS1,true
TYW1,true
ASCC3,true
COG8,true
HIVEP1,true
CMIP,true
TSHR,true
ANP32E,true
EPB41L4A,true
MAPK8IP1,true
MRPS27,true
NOS3,true
FGD4,true
WWP1,true
RBMXL3,true
IVL,true
AK3,true
ITPR2,true
RALGAPA2,true
F2RL1,true
ST13,true
TAS1R1,true
ZCCHC16,true
CTNND1,true
ZNF529,true
MPC1,true
AFF1,true
MKNK2,true
RBP2,true
PIGS,true
PLCB2,true
UBBP4,true
ANKRD33,true
RAB11FIP2,true
ACE,true
C8orf33,true
FOXK1,true
SENP6,true
RP11-551L14.1,true
DOCK4,true
ABCA6,true
PDE10A,true
ACBD3,true
MYH2,true
MAPKAPK2,true
MSS51,true
C8B,true
ZNF532,true
ANKRD42,true
SP140,true
SPRY3,true
DLG3,true
XPR1,true
NLRX1,true
ALB,true
TFRC,true
BMP6,true
AGBL5,true
GSDMA,true
FOXQ1,true
SLC25A16,true
CAPRIN1,true
IRX1,true
CREBZF,true
FANCB,true
PID1,true
SYAP1,true
UBXN11,true
WNT8A,true
PIK3CB,true
LEF1,true
GON4L,true
NFYC,true
RGS4,true
ACTR3B,true
AC104809.3,true
LOXL2,true
GBF1,true
ANAPC13,true
VCX3A,true
IL1RL2,true
NFKB1,true
RAD50,true
FOXA2,true
TAS2R3,true
KCNU1,true
PRDM9,true
KRT1,true
CYP2S1,true
CCDC7,true
CR2,true
GUCY2C,true
SRSF4,true
PAOX,true
CSF1,true
UBR1,true
PIK3R1,true
C17orf70,true
LDLRAD3,true
ZNF101,true
UBR5,true
ERV3-1,true
TMEM247,true
CLNS1A,true
CNEP1R1,true
DCAF8,true
ZFP62,true
LINC00987,true
BUB1B,true
SNCAIP,true
DDX39B,true
ELF4,true
PSPC1,true
TSSC4,true
TICAM1,true
RPS24,true
ABCA2,true
SPINK5,true
ST7,true
COX20,true
CFDP1,true
WBSCR22,true
TPM3,true
KRTAP10-10,true
LPP,true
OFCC1,true
C11orf52,true
SRRM1,true
TRBV29-1,true
IGF2,true
NREP,true
CPLX4,true
PIK3R2,true
RFC2,true
FAM221A,true
AUH,true
ASAP3,true
PRICKLE4,true
PDXDC2P,true
SRFBP1,true
DSC1,true
ADGRB3,true
UBE2M,true
CFB,true
RTL1,true
LONP2,true
YTHDF3,true
DGKI,true
WDR5B,true
TRPS1,true
BRD7,true
PCDH12,true
DYNC1LI2,true
AC024560.3,true
CTTNBP2,true
CRYBG3,true
MIR548H4,true
MYOT,true
MRPL50,true
CD48,true
ABCG5,true
POU3F1,true
PANX1,true
ADRB1,true
EXPH5,true
FYCO1,true
RP5-944M2.3,true
SHC1,true
AHNAK2,true
ERCC6L,true
SOX11,true
GCN1L1,true
ROR2,true
PHF20L1,true
KDM3A,true
DCAF8L1,true
KIAA1522,true
PDE4DIP,true
B4GAT1,true
PRDM1,true
TEX261,true
CYP4F8,true
CYP2F1,true
DLAT,true
ACADVL,true
JPH3,true
SEPT11,true
TPT1-AS1,true
CELSR1,true
IPO9,true
ZAR1,true
SCN2A,true
ASAH2,true
MFAP3L,true
CHADL,true
PDCL3P4,true
PNPLA2,true
MASTL,true
FAM122A,true
HSPA12B,true
RP11-193H5.1,true
USPL1,true
ITGAD,true
G2E3,true
CACNA1B,true
AFG3L2,true
RET,true
ZUFSP,true
STOX1,true
HNRNPF,true
UBR3,true
OR10A4,true
ZNF786,true
DPP10,true
PREX2,true
C1QC,true
MAGEB10,true
TNK2,true
TUBD1,true
C5orf24,true
HSP90AB1,true
ANKHD1-EIF4EBP3,true
EP300,true
ZNF575,true
TP63,true
RB1CC1,true
HRNR,true
SMC1B,true
ASAP1,true
LRRC8A,true
LY86,true
ANKRD62,true
CYP3A5,true
SEC14L3,true
PLD1,true
CACNA1F,true
INTU,true
MCOLN2,true
KIT,true
CLK4,true
AP3S1,true
SPOCK1,true
PSMA3,true
HTRA4,true
PLGLA,true
RXRB,true
C1orf210,true
CAMKK2,true
TMED5,true
HPSE2,true
UNC13C,true
KIR3DX1,true
ELP2,true
DDX47,true
SMIM19,true
CD200,true
SNAI1,true
FAM209A,true
HIPK1,true
WRNIP1,true
NLRP3,true
SLC22A10,true
RHOB,true
CSRP1,true
BMS1P15,true
RHAG,true
SLC6A6,true
TMPO,true
SYDE1,true
THAP1,true
AGPAT9,true
DNAH6,true
PEPD,true
UBE2N,true
ERBB2IP,true
RP11-240B13.2,true
SELT,true
ABCA8,true
NEDD4L,true
TINAG,true
TBC1D22B,true
FSCN1,true
REV3L,true
SYMPK,true
FAM227A,true
WIPF2,true
PROSER1,true
SUPT16H,true
PKD1L2,true
ABCB9,true
LARP1,true
MAP10,true
SP1,true
ZNF799,true
MIPOL1,true
RPUSD4,true
RNU1-133P,true
ZNF618,true
SH3TC2,true
GHDC,true
EFCAB11,true
NACAD,true
TMEM63A,true
TRIM50,true
PLEKHB2,true
CSMD3,true
KPNB1,true
SPATA31D1,true
FRYL,true
HOXC4,true
TRAT1,true
LNP1,true
C2,true
KRIT1,true
HPN,true
YPEL2,true
TCP10,true
APMAP,true
KLF9,true
ANGPT1,true
KCNK4,true
PPP1R15B,true
ECM2,true
BCL9,true
TAP1,true
ERRFI1,true
RANBP3,true
ZNF208,true
CDKN1A,true
AKIRIN2,true
PKNOX1,true
GPR31,true
CARD8,true
TMEM211,true
SH3D19,true
PARD6B,true
ZSCAN10,true
FYTTD1,true
ASH1L,true
L1CAM,true
PLEKHA1,true
SCYL1,true
NOP9,true
ZNF91,true
VAPB,true
PPP1CB,true
USP27X,true
PLEKHM1,true
THAP5,true
SELL,true
ANKRD45,true
IPO11,true
ZNF630,true
C1QTNF3,true
TIGIT,true
SOAT1,true
PCDHB6,true
BBS7,true
SEPP1,true
KLHL29,true
USP12,true
GNAL,true
PCDHGA4,true
SDK2,true
LDLR,true
HCN2,true
SLIT1,true
IFI16,true
VPS16,true
GPX2,true
TSEN54,true
TRIML2,true
TUBB,true
MRPL57,true
SPTBN5,true
DPRX,true
AHDC1,true
LIN28B,true
ZSCAN1,true
C9orf72,true
CCDC74A,true
SLC23A2,true
COL7A1,true
SRI,true
OVCH1,true
B3GNT6,true
LSM14A,true
ZNFX1,true
Metazoa_SRP,true
RBM12B,true
ABCB4,true
OR2L13,true
WDR81,true
SPATA7,true
PHLDB3,true
TBR1,true
PHYH,true
USP9X,true
MEGF10,true
ART3,true
KIAA2012,true
AQP8,true
JAG1,true
NRXN1,true
TRPV4,true
RALYL,true
GDF5OS,true
SLITRK3,true
ZMYM4,true
APOA1,true
HEPH,true
PSMD2,true
TMEM150A,true
MAB21L2,true
TMEM31,true
GBP4,true
IL32,true
CRYGA,true
RP11-3L10.3,true
FAM71F2,true
SLC16A7,true
PCLO,true
SLC32A1,true
VAV1,true
SEPT7P2,true
KRT83,true
CLTB,true
DCLK1,true
ZC3H6,true
TENM4,true
SKA2,true
DNAJA3,true
FAM179A,true
GNL3,true
MIR6859-4,true
ELF2,true
HIST1H3H,true
PKDREJ,true
MEF2D,true
CTXN2,true
CCL4L1,true
ZNF626,true
PRKAG3,true
C16orf59,true
MED13,true
C17orf107,true
CDH13,true
PROX1,true
TSC1,true
C1QTNF1,true
PDE3B,true
CTD-3092A11.1,true
CS,true
UBAP2,true
TPST1,true
EYA2,true
MPP5,true
FOXRED1,true
CTSL3P,true
TIE1,true
ZFP3,true
CHIA,true
H3F3B,true
MT1X,true
MGAT3,true
ATP8B2,true
PAPPA2,true
MED28,true
DRD1,true
LHFPL4,true
TCTE1,true
ADAMTS18,true
LCE2B,true
TCF7L2,true
RRP7A,true
ARHGEF18,true
ASB15,true
IDH1,true
GART,true
NPY2R,true
RASD2,true
DNASE1L2,true
OR10J3,true
MMEL1,true
NES,true
AAK1,true
ARX,true
ZSWIM2,true
C1orf94,true
OLFM3,true
PRPF18,true
SEMA5B,true
CEP68,true
POM121L8P,true
ZNF552,true
FAM120A,true
PLEKHH2,true
KTN1,true
FAM175B,true
CDK20,true
SESN3,true
TTN,true
ARMC4,true
LRRC56,true
SUPT6H,true
DOCK7,true
SERPINA12,true
GGH,true
STX12,true
ADRB3,true
SEC14L4,true
OR6T1,true
PDGFRB,true
CYP20A1,true
ZC3H12A,true
PLXNA2,true
COPS7A,true
ANKRD28,true
NYNRIN,true
NRXN3,true
CTNNA2,true
USP46,true
UST,true
CCDC136,true
CLTC,true
PRDM8,true
KIF4B,true
VSIG10L,true
SNORD3C,true
WBP2,true
KLHL25,true
LINC01342,true
NDN,true
IZUMO1R,true
RRBP1,true
PIEZO1,true
CARD11,true
CPSF1,true
PCDHA2,true
VAV3,true
SSBP1,true
SLC39A9,true
BIN1,true
TLCD1,true
LIN7C,true
RP11-526A4.1,true
WWP2,true
NVL,true
CP,true
PCDHB15,true
ANKRD12,true
SH3GLB1,true
RUSC2,true
FSTL5,true
OTUD5,true
CBX4,true
HDAC7,true
C14orf183,true
PKP1,true
PTCD2,true
CCDC103,true
RXRA,true
NCKIPSD,true
MSTO1,true
SCN7A,true
ZNF777,true
EIF3I,true
ISYNA1,true
PDE4B,true
FBP1,true
AMER3,true
GAL3ST2,true
SASH1,true
CAMTA1,true
ANKK1,true
SLC22A7,true
CD37,true
BCAN,true
TTLL2,true
IGHV3-52,true
ADRM1,true
CDH20,true
FOXD4L3,true
FOXN3,true
BFSP1,true
STRN,true
CDR2L,true
PDLIM2,true
NCBP1,true
SVOPL,true
SPARC,true
INF2,true
MARCKS,true
IL2,true
KLF5,true
PIK3R3,true
SLC4A10,true
WNT10B,true
SCAF1,true
BOD1L1,true
RABGEF1,true
NOTCH1,true
NUMBL,true
PCDHA5,true
SUN1,true
EXTL3,true
SYNPO2L,true
SETD1B,true
NPM3,true
ACBD5,true
MTFR2,true
OR6C3,true
ACVR1B,true
PIK3CA,true
RIT1,true
GPR3,true
DCAF5,true
SYCP1,true
SLC2A11,true
MYO6,true
TRIP11,true
IGF1R,true
ZNF99,true
DNAJC5,true
VTRNA2-1,true
RCC1,true
FAM127C,true
ABCB1,true
C11orf31,true
SH2B3,true
FAM47B,true
BTBD7,true
COPG2,true
GALNT14,true
RGPD8,true
ARID4B,true
OLIG1,true
PNPLA6,true
UBL3,true
MYOM1,true
MAP4K5,true
ZNF33B,true
LAMP2,true
ZPBP2,true
REL,true
SLC17A2,true
PRKD1,true
RHPN1,true
CLDN7,true
PDE9A,true
NELL2,true
GOLGA6L5P,true
IL17RE,true
LRRC4,true
WDR60,true
TMEM150C,true
SERPINF2,true
UNC79,true
HMHA1,true
SKA3,true
TAAR1,true
FAM178A,true
SEPT6,true
CDK12,true
DLK1,true
SOX5,true
RTN1,true
MCM8,true
SASS6,true
RCC2,true
SLC43A2,true
RNF220,true
RASSF10,true
ST6GALNAC3,true
CBWD1,true
RAD17,true
BMP5,true
AIM1L,true
ZNF281,true
F12,true
TNFAIP8,true
HTR6,true
PDAP1,true
OR51S1,true
TNPO3,true
LEFTY2,true
POPDC3,true
RAPGEF2,true
EFCAB5,true
ANKRD13C,true
SULF2,true
BARHL1,true
RBM33,true
CNOT6,true
VTI1A,true
INPP5J,true
NCAM2,true
WNT3,true
MOG,true
RYR1,true
LIMD1,true
MLLT4,true
NAA35,true
TBC1D8,true
PF4V1,true
ADORA1,true
HS3ST1,true
ATP6V1G1,true
BRDTP1,true
PRPF40A,true
SGTB,true
ANK3,true
UBE3C,true
TMTC1,true
KLF12,true
KRAS,true
FLYWCH1,true
TPRA1,true
CLPX,true
STARD13,true
VPS13A,true
DCAF12L1,true
NUP133,true
OR10X1,true
SRF,true
TSPAN14,true
OR5W2,true
FAM84A,true
COBLL1,true
ST18,true
LIN54,true
SNORD3B-1,true
PGBD1,true
MIIP,true
TMEM147,true
CYP4F3,true
CYP4F30P,true
ADAMTS20,true
PDE4D,true
KIAA1429,true
HDX,true
GAR1,true
PCNT,true
RP5-1121E10.2,true
EHD2,true
WDR91,true
AP2S1,true
PTPRG,true
RTN3,true
WNT7A,true
FAM71A,true
TRIM51,true
PHOSPHO1,true
NKX2-2,true
SCN11A,true
TUBA3C,true
IDE,true
CGGBP1,true
FLNC,true
EPHX1,true
FBXO46,true
SRSF8,true
LINC01553,true
EZR,true
CTC1,true
SHBG,true
GNAO1,true
FBXO43,true
MOV10L1,true
IMPG1,true
FAR2P1,true
ADAM9,true
CCR10,true
LRFN4,true
PLEKHG6,true
AGAP5,true
TBC1D19,true
AKAP6,true
XIRP2,true
ICK,true
PTEN,true
KIAA0368,true
GALNT11,true
WNK4,true
ZNF23,true
ARHGEF11,true
ZDHHC12,true
GNB1L,true
MTSS1L,true
TRABD2A,true
SH2D7,true
GPS2,true
SCN3B,true
RNFT1,true
UBN1,true
TMEM135,true
NRN1L,true
TANC1,true
GRK5,true
ARHGEF5,true
LRRC74A,true
C2CD3,true
KIRREL,true
DNAAF2,true
MEST,true
KPNA4,true
FAM169A,true
WDR48,true
EPHB1,true
ACVR2A,true
MCC,true
CECR2,true
HIST1H2AI,true
ADAM28,true
PHYHIP,true
LIF,true
C20orf85,true
TYK2,true
SDCBP,true
PHKA1,true
STK11,true
ANXA8,true
CHCHD2,true
KDM8,true
SENP1,true
DIO2,true
GLIS1,true
PLEKHA7,true
ITGA1,true
CDC42EP2,true
ADGRG2,true
IFT122,true
TMEM199,true
FAT3,true
SLC35C2,true
PPP3CA,true
PLK5,true
ABCC9,true
TEX15,true
GLTSCR1,true
ZNF789,true
TAF10,true
ATAT1,true
SLC38A7,true
APP,true
EP400NL,true
EEPD1,true
ZNF704,true
ASPN,true
SIGLEC1,true
CERKL,true
RRM1,true
IQGAP2,true
COL28A1,true
BMP2K,true
FAM181A,true
AFF3,true
BAP1,true
HDGF,true
RP11-848G14.5,true
PDZRN3,true
PIM1,true
ALDH3A1,true
LRRC1,true
CCNK,true
PER3,true
MAP2,true
DGKE,true
PRRC2C,true
FUS,true
EDAR,true
EIF2B4,true
FBN1,true
ERC1,true
LARP6,true
C11orf42,true
TTC39C,true
ABHD1,true
BCHE,true
MAP3K15,true
FCRL5,true
NFE2L2,true
TNFAIP8L3,true
SLITRK2,true
RAB19,true
COL11A1,true
ARHGAP23,true
STK36,true
FAF2,true
PCDHA12,true
WDR33,true
P3H2,true
GPD1,true
STK31,true
ADAR,true
KAT6A,true
C10orf128,true
ZNF770,true
GNL1,true
AK8,true
KCP,true
PRKG1,true
IDH2,true
SPPL2C,true
PLXNB1,true
ICE1,true
MRPL10,true
C3P1,true
MIR6859-1,true
PARG,true
DPY19L2P2,true
SORCS3,true
BLOC1S5-TXNDC5,true
RUNX1T1,true
SNORD116-11,true
LATS2,true
NPFFR1,true
LCN1,true
SLC17A6,true
ATG2A,true
ARV1,true
SMIM3,true
MAOB,true
ZNF449,true
FLI1,true
ADGB,true
SPATA4,true
POC1B-GALNT4,true
KIAA1109,true
TAS2R41,true
LCP2,true
WDFY4,true
OR52M1,true
SMG1P5,true
PPAP2A,true
KHK,true
CACNA1I,true
RTN2,true
PPM1A,true
SOCS4,true
RP11-96O20.2,true
B4GALNT3,true
BTBD18,true
DCT,true
RBM44,true
MEF2A,true
FMN1,true
RAB31,true
NIPBL,true
FLT3,true
GPRC5C,true
CTBP2,true
TLR6,true
ACSM6,true
ZNF699,true
TUBGCP2,true
HDAC4,true
ZNF512B,true
ZNF611,true
PPIP5K1,true
CDH7,true
DARS2,true
SRPX2,true
BHLHE22,true
PASK,true
GBA3,true
SERPINE2,true
TTL,true
DACH2,true
SSPO,true
SLC26A9,true
EPC1,true
USP6NL,true
TTR,true
XIST,true
ZC3H7B,true
FOLR1,true
USP6,true
MICALL1,true
ZZZ3,true
LIPA,true
RP11-119D9.1,true
SIPA1,true
BAHCC1,true
GUSB,true
RPL39P34,true
PPP1R16A,true
SSH2,true
STAP2,true
TP53INP2,true
ZBTB11,true
MAP3K2,true
KAZALD1,true
FRMD5,true
PARP12,true
GXYLT1,true
SAMD4B,true
AGAP1,true
NUP210,true
TFIP11,true
AC087651.1,true
STAB1,true
HLA-DRA,true
HEXIM1,true
GPR155,true
FARP2,true
TAMM41,true
CLEC14A,true
HUWE1,true
SMIM8,true
RBM25,true
USP8,true
CDK6,true
LRRC16B,true
STK24,true
OR6P1,true
NXF4,true
GRID1,true
CUL4B,true
TMCO3,true
FXYD7,true
ZDHHC17,true
LPAL2,true
CRTC1,true
NCAM1,true
SMURF1,true
GTF2IRD2B,true
LRCH2,true
SYCP2,true
ASB13,true
AC005251.3,true
NDUFS2,true
CDC42EP1,true
GOPC,true
ELAVL3,true
ATP4B,true
LINC01566,true
RP11-108O10.8,true
BID,true
RNF103,true
PCDH19,true
NELL1,true
C16orf71,true
TCAP,true
SLC26A7,true
HSDL1,true
NF2,true
IGFBP4,true
TMEM39B,true
B3GNT5,true
RAD21,true
ZFC3H1,true
WASF2,true
CHM,true
DSC3,true
CYC1,true
UBQLNL,true
SLC27A5,true
OR2M1P,true
ZFP41,true
UBN2,true
LHX6,true
SSTR1,true
HSP90AB2P,true
MYO1C,true
SCN10A,true
PTDSS2,true
PLA2G6,true
LRRIQ4,true
PAX2,true
CLEC12B,true
MIR6511A1,true
TAB3,true
FAM13B,true
LFNG,true
RABEP2,true
MINA,true
SSU72P8,true
TRPM2,true
TNFAIP8L1,true
IFIT5,true
PLEC,true
OPRD1,true
TIA1,true
GDI1,true
GPATCH8,true
ADGRF3,true
PCSK4,true
ANKRD34C,true
WTIP,true
KIF14,true
SESTD1,true
PCDHA6,true
OGDHL,true
TEX2,true
UBXN7,true
TXNIP,true
LRP12,true
PIGG,true
IVNS1ABP,true
TBX6,true
DOCK9,true
ZNF217,true
P2RY12,true
PKP4,true
ZC3H15,true
HK3,true
AVL9,true
JAKMIP2,true
SPTAN1,true
PDP2,true
IGKV1-9,true
TIMM50,true
MYCBP,true
CDC42,true
FOXD1,true
ACTR1B,true
GRIN2C,true
PLCD3,true
CBFA2T2,true
KIAA1257,true
TMEM184A,true
CAMK1D,true
LRR1,true
PPAP2B,true
LRSAM1,true
BNC2,true
EPB41L5,true
COL6A3,true
AIM1,true
CREM,true
RDH10,true
OPCML,true
PINX1,true
ZSCAN32,true
VWA8,true
GIT2,true
KCNF1,true
APBA3,true
CACNB2,true
NHLH2,true
DCANP1,true
PSEN2,true
KIAA1456,true
SMC1A,true
RNPC3,true
MTERF2,true
NDRG1,true
TPH1,true
FAM102B,true
ZNF573,true
EDN3,true
RBFA,true
C1QBP,true
CRAT,true
ATR,true
PXDN,true
CCDC141,true
EZH2,true
SNED1,true
ZNF697,true
DCUN1D1,true
NISCH,true
BCL7A,true
PIP5K1A,true
DAXX,true
ABHD2,true
SETD5,true
OR5M11,true
ZNF234,true
GABRQ,true
FZD1,true
NOL10,true
KCNIP4,true
ASIC5,true
OR2T12,true
MXD4,true
TBC1D23,true
TMEM2,true
ARHGAP5,true
BEND3,true
FAM53C,true
TNRC6A,true
KMT2A,true
COL9A2,true
SH3BP4,true
MEIS1,true
TMEM97,true
CCDC71,true
CDH12,true
TRIM13,true
CFAP54,true
ZNF639,true
LEMD3,true
CAPS,true
STMN2,true
PRR3,true
CCDC184,true
CRB1,true
ATP6V1B2,true
VEGFA,true
MATK,true
TYRP1,true
BACE2,true
TP53BP1,true
SFRP1,true
CNOT1,true
SCNN1G,true
IL18BP,true
FPR1,true
MYLK,true
ZP4,true
GRIK5,true
LRRFIP2,true
MGME1,true
CD80,true
EMX2,true
UBE2D3,true
TPP1,true
RP4-806M20.3,true
SLC25A33,true
UNC13B,true
BCL11B,true
RDM1,true
AHR,true
CELSR3,true
SEC16A,true
DGAT1,true
TMEM63B,true
CYP11B1,true
THSD4,true
CBLL1,true
GCC2-AS1,true
CHMP1A,true
SLC35B1,true
IL1F10,true
PSMA5,true
ZNF736,true
CFHR5,true
AF254983.1,true
SLC30A1,true
KIAA1211L,true
DNM1P47,true
KIAA2018,true
DTX4,true
UBE2R2,true
EIF4E2,true
CD72,true
PXDC1,true
S100A13,true
HSD3B1,true
CES3,true
LETM2,true
ZNF28,true
PRDM6,true
NCK2,true
ING3,true
SCML2,true
ASH2L,true
SLC30A5,true
FAM64A,true
AC023310.1,true
SLC35B3,true
VCP,true
JMJD4,true
STAC3,true
GTF3C2,true
SKAP2,true
CCPG1,true
ZNF792,true
CIDEB,true
MAP3K5,true
HMGB3,true
TRPC4,true
EGR4,true
BNIP3L,true
MORC1,true
PPP1R26,true
CSF1R,true
SPTY2D1,true
ANP32A,true
SPNS1,true
USP17L15,true
SND1,true
ATG9A,true
RPL38,true
AMY2A,true
ZC3H12B,true
SYT12,true
SSTR3,true
ADAMTS12,true
ABHD12B,true
AMBP,true
HAS1,true
EML5,true
TBL1X,true
THRB,true
NGEF,true
PRAM1,true
OR11H1,true
CPAMD8,true
SMARCA4,true
RNU6-704P,true
IWS1,true
SON,true
STARD5,true
GATAD2A,true
AHNAK,true
ADGRB1,true
NRK,true
LAMB1,true
STAT3,true
MKRN3,true
HOXB6,true
DIP2C,true
COL6A1,true
RBMX,true
MIR600,true
HEBP1,true
TM9SF2,true
CDYL,true
RP11-404K5.2,true
MAP3K19,true
AKTIP,true
IMPA1,true
TMEM161A,true
CFAP44,true
TCF7,true
TMEM136,true
SETD2,true
UGT1A3,true
ALPK3,true
PCED1A,true
KMT2B,true
FOXP3,true
NDUFA13,true
OR10H4,true
BIRC3,true
AXIN2,true
ADCY5,true
CGNL1,true
TMEM109,true
LDOC1,true
KCTD16,true
TET3,true
PLLP,true
C3orf67,true
NRXN2,true
ABCG2,true
RPGRIP1L,true
WNT11,true
CREB3L1,true
NFAT5,true
ERCC8,true
NT5C1B,true
GRIN2A,true
DTNA,true
SLC12A1,true
FBXL15,true
OR2T33,true
PJA1,true
ARHGEF6,true
OR56A5,true
EPHA7,true
ATF7IP,true
FLT1,true
CCSER1,true
ARHGAP36,true
ADAMTS16,true
CLINT1,true
GGPS1,true
VCAM1,true
TRPC6,true
GNA15,true
USP9Y,true
SERBP1,true
CTAG2,true
GREM1,true
SPTBN1,true
FANCD2,true
HEPACAM2,true
TEX19,true
MIER1,true
SPHK2,true
ZNF579,true
ZNF383,true
CACNB3,true
TAL1,true
OBSCN,true
CLOCK,true
ACLY,true
MAGI1,true
SLC45A1,true
PCDHB13,true
UNC93A,true
LINC00334,true
SLMAP,true
SAMSN1,true
P2RY11,true
PTGER4,true
ADORA3,true
MGAT5B,true
CAPN8,true
FOSL1,true
RTEL1,true
FKRP,true
ZKSCAN4,true
PRR23B,true
PRKAG1,true
PTPRK,true
ZNF521,true
POU4F2,true
TLL1,true
ZNF354C,true
KIAA1683,true
CLDN2,true
FBXO24,true
EVPLL,true
SIX4,true
PNKP,true
SELO,true
WDR72,true
CCDC93,true
C9orf172,true
WBP4,true
RGPD3,true
UBQLN1,true
CLCC1,true
C1orf198,true
KMT2D,true
MUC7,true
CTNNBL1,true
UAP1,true
HIP1,true
DVL2,true
CAND1,true
DPP3,true
C11orf16,true
BMP2,true
PRCC,true
ANKRD32,true
EI24P4,true
IFITM10,true
SLC33A1,true
ANKRD11,true
MEIS2,true
IMPG2,true
KLK4,true
FAT2,true
SVEP1,true
FCRL4,true
NCOR2,true
ZBTB16,true
GRAMD1C,true
ZNF431,true
SGK1,true
PRKAB2,true
ZFHX4,true
ERN1,true
MICU2,true
CLEC2A,true
AKNA,true
ISL2,true
ATG7,true
SERINC4,true
LCN12,true
ZKSCAN8,true
NTN1,true
YOD1,true
JADE1,true
CCK,true
LRIT3,true
POU2F2,true
PDP1,true
SMAD5,true
VPS45,true
KLHDC7A,true
ATF6B,true
OR51G2,true
LRP8,true
AC138969.4,true
POM121L7,true
LRRD1,true
ZNF275,true
NPM1,true
PHOSPHO2,true
SSH1,true
NBEAL1,true
ANKRD35,true
CUBN,true
UBXN2B,true
SPTLC2,true
FILIP1L,true
TENM1,true
MYO15A,true
MS4A12,true
ACSM2B,true
NEFM,true
PTCHD1,true
EPHA3,true
RP6-74O6.2,true
ZNF124,true
IGSF3,true
INPP5B,true
PPEF2,true
ZNF721,true
BSG,true
HK2,true
INTS8,true
REG3G,true
LRRC74B,true
SREBF1,true
PTPN21,true
FOXP2,true
H2AFZ,true
MAP3K10,true
IL12A-AS1,true
DNASE1L1,true
ITPKB,true
DNAJB1,true
RPL12,true
BACH1,true
FBRSL1,true
NOL12,true
C16orf86,true
WFIKKN2,true
TRHDE,true
TXNDC16,true
TMPRSS11B,true
TGFA,true
ATXN7L3B,true
KCNJ14,true
EYA4,true
MYPN,true
PRDX1,true
AR,true
HDHD3,true
HLA-A,true
EPN1,true
FGF7,true
RALGPS2,true
LINGO1,true
NPS,true
WHSC1,true
DKKL1,true
KCND2,true
TMEM132E,true
P4HA2,true
FBXW7,true
MACROD2,true
RNF7,true
DUSP10,true
WDR11,true
PIK3C2B,true
GPC1,true
LYSMD4,true
PARD3,true
ZNF780B,true
ZDHHC9,true
IGDCC4,true
RPRD1B,true
CHD7,true
EEF2K,true
PAX3,true
ANKRD13B,true
GOLGA6C,true
RNF125,true
TTC39A,true
GOLGA6L10,true
FBN3,true
KANSL1,true
CARD6,true
PCDHAC1,true
METTL8,true
PRKCD,true
CENPF,true
SH3GL1,true
VEGFC,true
PPP1R12A,true
CCDC34,true
PIN4,true
PCDHGB1,true
PLA2G4D,true
GPX8,true
FHAD1,true
PTPRZ1,true
TFAP2D,true
TUBGCP3,true
SYTL3,true
CHRNA5,true
ITGAM,true
RCL1,true
DIS3L2,true
GPR146,true
CNTROB,true
CALCB,true
PLCB1,true
SIRT3,true
HSDL2,true
SPEN,true
DCAF4L2,true
ZNF280D,true
SYP,true
OPLAH,true
FLRT1,true
ENSA,true
CREB3L4,true
CDHR2,true
NNT,true
RECK,true
BRD9,true
RHOBTB1,true
MSL1,true
SRSF10,true
OCRL,true
KLHL11,true
DAZL,true
A1CF,true
CCDC170,true
ASCC2,true
FKBP8,true
CTDSP1,true
ELOVL5,true
KCNK2,true
ROBO4,true
WDR26,true
HTR1F,true
MFSD2A,true
ZBTB20,true
PSG5,true
MIR1270,true
HNRNPA2B1,true
ABLIM1,true
TNPO1,true
IFT46,true
DAO,true
VWA5A,true
RSC1A1,true
C1orf174,true
SALL4,true
KCNH2,true
MAN2B1,true
VPS13B,true
ABCB11,true
NAV1,true
COL9A1,true
ZRANB3,true
FAM208B,true
RBP3,true
HOXB4,true
ZNF440,true
GPR158,true
ZFAND2B,true
SPTBN2,true
NRIP1,true
SNW1,true
MTHFD1,true
GPR179,true
LRP2,true
BMP15,true
BRK1,true
SLC9A3,true
MLK4,true
FAM69B,true
ZNF583,true
CNR1,true
DDX6,true
MVP,true
NAIF1,true
MYCBP2,true
ACTRT3,true
TM2D1,true
MAF1,true
LINGO1-AS1,true
GNPAT,true
EMILIN2,true
POMGNT1,true
NRDE2,true
MAEL,true
COX18,true
FAM114A2,true
AQP1,true
MUC20,true
HDAC9,true
TMUB1,true
CARD14,true
CTCFL,true
SCFD1,true
NDEL1,true
ZNF45,true
SLC2A8,true
PKD2,true
NXPH1,true
LIMCH1,true
ROBO2,true
FIP1L1,true
WDR17,true
MNT,true
NAP1L1,true
INSIG1,true
CNNM3,true
CEP152,true
RLF,true
ZSCAN16,true
ABHD14B,true
NPAS3,true
ELAVL2,true
OSGIN1,true
CUX1,true
BRINP3,true
TRIB3,true
EIF4A2,true
RIPK4,true
MNDA,true
DHX37,true
UGT2B28,true
DAAM2,true
WIZ,true
KRTAP27-1,true
ATP7A,true
SOX12,true
BCL9L,true
ZNF90,true
LIFR,true
DLGAP4,true
FGFRL1,true
LRRCC1,true
KDM5A,true
KMT2C,true
HLA-F,true
FRG2C,true
LRTM1,true
ZFP1,true
LRRC7,true
TSPAN33,true
NSMF,true
CIPC,true
THAP9,true
TIGD7,true
NDRG3,true
SGCA,true
C10orf67,true
SLC25A26,true
FARS2,true
ATP5EP2,true
CDH2,true
SYNPO,true
C6orf47,true
PCDHGA8,true
LMX1B,true
SLC4A7,true
SP4,true
TMEM150B,true
ZNF815P,true
COL4A3,true
CWF19L2,true
TTLL10,true
EAF1,true
UAP1L1,true
ATP5G2,true
AMPD1,true
TIMM23,true
BCL3,true
ZNF653,true
IKZF3,true
BICD1,true
SYNJ2BP,true
PCDH11X,true
LARP4,true
PDK4,true
GPM6A,true
ASCC1,true
CENPI,true
LRRC70,true
PHACTR3,true
SH3BP5L,true
CERCAM,true
AMMECR1L,true
AJ271736.1,true
PCMTD2,true
C19orf80,true
SEZ6L,true
DCAF7,true
DRGX,true
FAM217B,true
SLC38A10,true
SH3KBP1,true
AGBL3,true
TRY2P,true
DIAPH3,true
ZNF500,true
MCOLN1,true
DPH2,true
XKR3,true
AKAP11,true
CARNS1,true
FMN2,true
CCDC88C,true
ABCC12,true
CHD9,true
DCTN1,true
FAM8A1,true
MYEF2,true
RAP2B,true
EDEM2,true
XCL1,true
ZMPSTE24,true
CDC42BPG,true
SOS2,true
POLR3H,true
CYB561A3,true
PTPN14,true
GGT2,true
NKTR,true
FAT1,true
PTPN20,true
ST8SIA6,true
IGF2R,true
NBPF15,true
LNX2,true
SYNCRIP,true
C10orf62,true
ABCA1,true
RD3,true
HOXA3,true
KRT87P,true
KCNMB2,true
CHD2,true
MKLN1,true
HAPLN3,true
SLC25A27,true
RP11-574M7.2,true
AP3S2,true
NPIPB6,true
NFKBIE,true
MIR9-3,true
SRP54,true
A1BG,true
TGFBR3,true
BCL11A,true
PYURF,true
OR10G4,true
SPTB,true
ZNF720,true
ZNF184,true
NANOS1,true
ATP2B1,true
PODN,true
ARID2,true
OFD1,true
XAGE3,true
RUNDC3B,true
ZNF131,true
MOB1B,true
ITK,true
KRTAP24-1,true
CYR61,true
ATAD5,true
ZNF16,true
AC124312.1,true
TARDBP,true
ALG10,true
PPARA,true
DLG4,true
DIAPH1,true
PCNXL2,true
FAM35A,true
CDK11B,true
POU1F1,true
OR2T4,true
CPED1,true
TES,true
GGA1,true
PLEKHM1P,true
MGAT4C,true
ATP6V0D2,true
ERGIC2,true
WDR55,true
ZBTB24,true
CRTAP,true
SERTM1,true
MDM4,true
FAM126B,true
CNOT4,true
ANKRD20A19P,true
POTEM,true
ARMC9,true
CTD-2139B15.2,true
EHMT2,true
DUSP1,true
ATP8B4,true
GUCY2F,true
STX3,true
RFESD,true
PSAP,true
ZFAND2A,true
KCNS1,true
GULP1,true
RAB6A,true
TCEAL7,true
RBM18,true
SRCAP,true
STS,true
DPY19L3,true
MOGAT2,true
HEY2,true
KLK5,true
ZNF569,true
RTP3,true
MCCC1,true
CALCOCO1,true
NET1,true
FBXO3,true
KIFC3,true
C3orf30,true
ADCY3,true
PIK3R6,true
UPK3A,true
PCDHA10,true
CYP4F22,true
HUS1B,true
HAS2,true
SCUBE2,true
CANT1,true
CBFB,true
RSBN1,true
SLC12A6,true
DHX40,true
ITPRIPL2,true
ERICH3,true
APCDD1,true
ATP13A3,true
C3orf56,true
ASPDH,true
GOLGA6L9,true
ZNRF3,true
FRMPD3,true
TMEM107,true
GSTK1,true
KCNE4,true
ATXN10,true
SSTR4,true
ARRDC3,true
FBXO42,true
TCF3,true
RAB2B,true
HDC,true
PPP2R2D,true
MAP3K14,true
SLC17A3,true
CAPN1,true
ZNF691,true
INADL,true
ZNF185,true
NPR3,true
CA6,true
COG5,true
CCDC152,true
MAP3K3,true
DSG4,true
MTHFD2,true
EAPP,true
SCN1A,true
ACO2,true
LINC01310,true
CLVS2,true
HECA,true
LINC00346,true
RDH12,true
ZNF750,true
RAP1A,true
CORO2A,true
AC011467.1,true
TRIM55,true
PARD6A,true
SLC41A2,true
HOXC6,true
PLOD1,true
AMZ2P1,true
NEBL,true
MFAP3,true
NEO1,true
NSRP1,true
PSD3,true
ODF1,true
CDK9,true
STK11IP,true
RPS3,true
HDDC3,true
TTYH3,true
MARCH7,true
ANXA6,true
PPHLN1,true
SLC25A44,true
CFAP61,true
GPR61,true
FRY,true
PLXNA4,true
ATP6V1A,true
TCF25,true
C1QTNF9,true
MTM1,true
ZNF226,true
ERAP2,true
HEATR6,true
PDCD11,true
SNPH,true
WDFY3,true
CAPRIN2,true
PTPRO,true
TEX101,true
CNTNAP3,true
TELO2,true
PFKM,true
PCNP,true
NHLH1,true
ACKR4,true
TM4SF1,true
ELP5,true
RASA1,true
NAA25,true
NPHP4,true
PKD1P6,true
ABCC2,true
CELF2,true
OR2A12,true
ANGEL2,true
CPLX1,true
CALML3,true
NDNF,true
HTATSF1,true
GPR173,true
FAM50B,true
EVPL,true
PRKRA,true
HSPBAP1,true
DPF3,true
PDE2A,true
RECQL4,true
UBE2Q1,true
ZC3HAV1,true
ACSL5,true
SMAP2,true
ZNF107,true
PTPRD,true
SKP2,true
SYCP2L,true
HSPA13,true
ANKLE1,true
NUB1,true
LINC01106,true
GBP1P1,true
CTD-2666L21.1,true
PAK6,true
DAOA,true
MEDAG,true
SMG5,true
EBLN2,true
RSPO2,true
DAPK1,true
T,true
LYRM9,true
VAPA,true
ELN,true
WNK1,true
MUC2,true
DDX19A,true
MLLT6,true
ARID3B,true
CNTNAP5,true
RTFDC1,true
SLC9A9,true
ATXN2,true
GNB2,true
SSBP2,true
FAM27C,true
ARHGAP6,true
APEX2,true
WDR61,true
PXN,true
STK40,true
RGS20,true
SLC11A1,true
EIF2B5,true
APOB,true
HNRNPU,true
MYH6,true
SLC26A10,true
EPS8L1,true
MPRIP,true
SLC5A3,true
CALCR,true
CLK1,true
NPBWR1,true
PSMG4,true
DNAJC14,true
SOX9,true
PFKL,true
MRPL49,true
PLCE1,true
TYW1B,true
TEX30,true
SPOCK3,true
PSMC1,true
SLIT2,true
FUT9,true
ZNF136,true
CYSTM1,true
ZC3H7A,true
SULT1E1,true
KAT5,true
PHOX2A,true
RAB27B,true
NLRP5,true
SEMA6D,true
MEX3C,true
ZNF839,true
FNDC5,true
EVA1A,true
TMED8,true
OAS3,true
FOXP1,true
KCNN2,true
DSTYK,true
IGSF10,true
ITGB4,true
USP47,true
MRFAP1,true
HIRA,true
STX1B,true
EML1,true
CENPU,true
FAM193A,true
CD53,true
MAGEA3,true
NOL4L,true
HECW2,true
TUBB2A,true
ZNF727,true
STAT1,true
JDP2,true
ANKRD50,true
RALGPS1,true
SMURF2,true
DNA2,true
ATP1A3,true
SLC4A11,true
DLGAP2,true
SLC38A4,true
TSTD2,true
HDGFRP3,true
LYPLA2,true
RP1L1,true
NTF3,true
PLK1,true
HZGJ,true
ZNF804A,true
EDEM3,true
UTP14C,true
UROD,true
CREB5,true
RBBP8,true
ZNF14,true
DUSP3,true
LPGAT1,true
OR4K17,true
TUBB2B,true
BIRC6,true
WRAP53,true
MTMR6,true
EIF4G1,true
PHLPP2,true
AC108142.1,true
REEP3,true
SEMA4D,true
BCO2,true
LMBR1,true
TRANK1,true
PALD1,true
ABCC3,true
TDO2,true
CREBRF,true
ISY1-RAB43,true
MIR1972-2,true
TRPC5,true
PLEKHG4,true
ZNF716,true
SKIDA1,true
VGF,true
ZFP2,true
CMAS,true
PRDM4,true
HMX3,true
CSHL1,true
LPA,true
ZNF707,true
RNF213,true
TRIM8,true
TRIM49,true
TIRAP,true
GRIA4,true
CYP2B6,true
C3orf36,true
CTSLP2,true
INTS2,true
BZRAP1,true
DOCK8,true
MST1,true
STPG1,true
CATSPERB,true
CMBL,true
DLGAP5,true
ICE2,true
TRMT5,true
KRT10,true
R3HDM1,true
DSCAML1,true
RIF1,true
CAMSAP3,true
LRRC37BP1,true
HYKK,true
TNFSF10,true
FAM120C,true
GALNT12,true
WHAMM,true
SMARCAL1,true
SPTA1,true
CD177,true
ART5,true
SNRNP200,true
SLC35D3,true
SLFN12,true
WDR44,true
NEXN,true
MAP2K7,true
TRAV13-2,true
ZNF534,true
USP42,true
KIF3B,true
ARAF,true
DCAF12L2,true
NUTF2,true
CDC14A,true
SPTBN4,true
AFF4,true
SIGMAR1,true
ADSS,true
SPOPL,true
CTSB,true
CSE1L,true
LINC00710,true
SH3BP2,true
THSD7B,true
MLEC,true
INPP5F,true
KRTAP2-2,true
GRB14,true
ARMC5,true
CLSTN1,true
TULP4,true
EXTL1,true
WDFY2,true
DPYSL4,true
KRTAP13-2,true
REXO1L1P,true
ZNF608,true
FZR1,true
OR7C1,true
TMEM163,true
ATP1A2,true
LILRB1,true
TMEM158,true
ZHX1,true
INTS7,true
PXMP4,true
MTRNR2L1,true
SCAF4,true
PLCL1,true
ZNF598,true
SEMA6A,true
SRD5A2,true
DICER1,true
PNLDC1,true
RAD51,true
CHRNB1,true
DOCK10,true
ZIC3,true
ADGRG3,true
CBLN3,true
PAFAH1B1,true
PTCH1,true
SCARA5,true
ZBTB21,true
DCBLD2,true
ELOVL6,true
SLC44A3,true
EPN2,true
ATAD1,true
MAL,true
SPHK1,true
MBD6,true
EVI5L,true
OR6V1,true
CCNY,true
PIK3C2A,true
PTGFRN,true
KRT18,true
PCSK2,true
IRS1,true
C12orf43,true
BBC3,true
ARID5B,true
STKLD1,true
TXNDC15,true
PLEK,true
NEURL2,true
KIAA1024,true
IARS,true
RPTN,true
PI4KAP2,true
HLA-DMA,true
DOCK3,true
DMXL1,true
PRPF39,true
TAS1R3,true
SULT4A1,true
SRSF1,true
GPNMB,true
PKHD1L1,true
RN7SL248P,true
FBN2,true
NKX6-1,true
PELI1,true
CACNA2D1,true
PTGER2,true
GABPB1,true
SYNE1,true
BASP1,true
ANXA11,true
SLMO2,true
SLC35E4,true
ENOX1,true
NPLOC4,true
NPBWR2,true
OR10G3,true
CCDC83,true
KYNU,true
KIF26B,true
LRRTM4,true
ALDH16A1,true
GABRB3,true
PPP5C,true
NT5DC1,true
ADAM32,true
SH3BP1,true
ATXN7L1,true
PAGE2B,true
BMP7,true
APOL2,true
MAP2K1,true
HYDIN,true
C1orf146,true
GSE1,true
GABRG3,true
MYADM,true
RP11-85G18.6,true
CNTN4,true
EXOC3,true
DCHS2,true
CES4A,true
MSN,true
PUM1,true
MYH1,true
TMEM256-PLSCR3,true
LRRC48,true
ATAD3C,true
ERBB2,true
UBE2A,true
CASP7,true
GNG7,true
PPP6R2,true
ZNF550,true
U2AF1L4,true
TOM1,true
COL22A1,true
ZSCAN18,true
SGCE,true
ZNF827,true
FBXO6,true
FAM230B,true
MAP3K11,true
SLC16A14,true
GATS,true
SSU72,true
PARD6G-AS1,true
COLCA2,true
CCT8L2,true
RGS14,true
SOX10,true
LAMA1,true
NOM1,true
APBB1,true
TRIM54,true
ELF3,true
LRRC4C,true
TECPR1,true
GALNT9,true
TDRD12,true
ATE1,true
FAM184A,true
SLC12A7,true
RP13-395E19.3,true
TAS1R2,true
SETBP1,true
BPTF,true
HAND2,true
BBS12,true
LRCH1,true
FAM91A1,true
SNX30,true
BPIFA2,true
EML6,true
PRR12,true
YEATS2,true
RNF207,true
FAM222A,true
DNAJC16,true
AGFG1,true
DPYS,true
TAF2,true
SLC12A5,true
CDC26,true
HRASLS5,true
GIGYF1,true
ATXN3,true
RP11-434D2.2,true
JAZF1,true
OR2AK2,true
TMEM132C,true
CHAF1A,true
ZBTB43,true
NRIP2,true
TLR1,true
GREB1,true
CTRL,true
CRLF1,true
ZNF831,true
FGF16,true
SNRPD3,true
HAGHL,true
RP11-56A10.1,true
RBM4,true
LGALS8,true
KIF19,true
DDX10,true
USP28,true
PRICKLE2,true
CDC42BPB,true
PPP4R1,true
EEF2,true
WEE2,true
LARS2,true
PRMT1,true
TRERF1,true
MIR450B,true
GUSBP3,true
MAST1,true
TIGD3,true
NIPAL1,true
RPL36A,true
TCF4,true
ADH6,true
TP53TG3D,true
KIAA1217,true
DDX20,true
FAH,true
GATA6,true
PSD,true
INO80,true
RPS12,true
ELL2,true
MED24,true
PIP5KL1,true
TGM3,true
ENTPD7,true
ATP9B,true
OSBPL9,true
ALMS1,true
CYP2A13,true
GLUL,true
ADAM21,true
PERM1,true
ANKZF1,true
HELZ,true
PRRT3,true
MFSD4,true
PTPRA,true
FMNL1,true
PRKAR1A,true
ARHGEF4,true
SPX,true
DCTN6,true
ACTRT1,true
MAU2,true
MAP4K4,true
KEAP1,true
ARGLU1,true
TEX14,true
VPS4B,true
SETX,true
IRF6,true
PRG4,true
ATP13A4,true
PFKP,true
ZDHHC19,true
AC006116.24,true
SYT1,true
USP18,true
C9orf152,true
MAN1B1,true
RDX,true
ACSL3,true
EXOC1,true
CORO7,true
SPDYE5,true
SLC5A10,true
OR2J3,true
SCRN1,true
IGF2BP1,true
NEIL3,true
VGLL4,true
BTK,true
RELN,true
AMBRA1,true
HMOX1,true
OR2L2,true
ATP13A2,true
UBXN4,true
PDIA2,true
SYNM,true
DIP2B,true
PCDH10,true
UBE2Q2P1,true
GPX1,true
DZIP1,true
SCIN,true
GABRA4,true
XPOT,true
RFX8,true
RPIA,true
DENND2A,true
TMC2,true
ZNF638,true
NEUROG3,true
RIOK2,true
LTB4R,true
MMP9,true
CLIP4,true
MFSD9,true
NTRK1,true
MAPK12,true
KCNQ3,true
AGTR1,true
PPM1F,true
ATM,true
TMCO1,true
HERC4,true
NHLRC1,true
CNTN2,true
NR0B2,true
PAX6,true
NCOA3,true
SZRD1,true
DLGAP3,true
ACTR6,true
SIRPD,true
ETS1,true
PCDHGB4,true
TMEM132D,true
CNTFR,true
CKAP2,true
RNU6-614P,true
PALLD,true
ALG11,true
PELI2,true
VWF,true
MTFMT,true
PDS5A,true
GCNT2,true
SEC1P,true
DCP1A,true
ZNF740,true
CXorf40A,true
RP11-204M4.2,true
DBNDD2,true
RAB4A,true
RNPS1,true
MYO7A,true
DMRT2,true
KCNAB1,true
MYRIP,true
PSG8,true
DGKB,true
ROCK1P1,true
P3H4,true
SCG5,true
MYO5C,true
SMARCD1,true
CEP89,true
RBM8A,true
ZMYND8,true
RABL3,true
CFAP47,true
SLC34A1,true
FNDC3A,true
DCHS1,true
PSME3,true
NCOR1,true
AP1B1,true
EFNB2,true
PPP2R5B,true
SET,true
ATG14,true
GPER1,true
NUDT22,true
CACNG2,true
HOXA7,true
ITPR3,true
UBE2Q2,true
TEFM,true
MISP,true
NDRG4,true
CPA1,true
TUBB8,true
ZNF292,true
MRPS21,true
CEP97,true
PSIP1,true
LRIG2,true
NPR2,true
C16orf78,true
CPNE4,true
CKAP5,true
NCOA4,true
USP31,true
EHMT1,true
MAML3,true
CXorf57,true
FOCAD,true
ZNF366,true
IRF1,true
MTL5,true
MAZ,true
MID1IP1,true
HHLA2,true
PNMA3,true
SFXN4,true
ARHGEF12,true
KCNG1,true
SNTB2,true
KIF1B,true
ACIN1,true
NFKBIZ,true
ELAVL1,true
RHOBTB3,true
GPC6,true
KDM5C,true
AMPH,true
PON2,true
PRR5-ARHGAP8,true
CXCR4,true
NEDD9,true
PRR11,true
FGD1,true
MLXIPL,true
LRRTM3,true
ARF4,true
STAG3L3,true
XYLT1,true
RAPSN,true
NOTCH3,true
KATNBL1,true
PPP1R3D,true
SMARCC2,true
RP11-1023L17.1,true
ARSE,true
HERPUD1,true
SLITRK6,true
SCNN1A,true
NAB1,true
AP1G1,true
DIDO1,true
VPS39,true
FOLH1B,true
ZBTB18,true
AC106788.1,true
PDCD2L,true
ZMAT1,true
RP11-44F14.1,true
MDN1,true
CD93,true
RUNDC3A,true
OR5P3,true
JMJD1C,true
CCL3L3,true
IGHV3-21,true
PAK2,true
KRT85,true
FAM71C,true
MYH8,true
RGL1,true
ARL15,true
RNF112,true
CPN1,true
KIAA2022,true
TRAPPC8,true
E2F6,true
HAPLN1,true
YPEL5,true
MYBPC3,true
ADAM30,true
SMG6,true
B3GAT1,true
C4orf29,true
PRKCE,true
VPS33B,true
SARM1,true
TRMT13,true
CLDND1,true
LEO1,true
TK2,true
ABCA13,true
SLC35A3,true
PBRM1,true
BCAP29,true
POR,true
KCNK13,true
SMYD2,true
CAMK2G,true
DYRK4,true
SIN3A,true
MAN1A2,true
ZNF112,true
HMCN2,true
PHF21A,true
SERTAD2,true
RP1,true
EPRS,true
PRPF4B,true
GALNT3,true
KCTD1,true
ARG1,true
CITED2,true
TOM1L1,true
HMGCS2,true
C19orf57,true
GTF3C1,true
MARS2,true
RBM6,true
UGT2B17,true
TRAM1,true
VPS41,true
TPR,true
