Gene,Bone_Marrow
TPR,true
KIF4A,true
HOXA9,true
ETV4,true
PELO,true
PPP4R4,true
FAM124A,true
ESM1,true
CRYM-AS1,true
SUGCT,true
GRM7,true
KAT2A,true
RNU6-104P,true
MORC2,true
GCNT3,true
GPR50,true
MAGEC1,true
SREBF2,true
IL12RB2,true
CA1,true
HLA-B,true
GOLGA2,true
TAB1,true
CYP2C19,true
FDXACB1,true
XKRX,true
MCTS1,true
IVD,true
TMEM200A,true
AMZ2,true
DCX,true
GAB1,true
RAD1,true
MYC,true
CELF1,true
ACER2,true
THBS4,true
NLRC4,true
OR5P2,true
IGSF9B,true
FAM78B,true
B4GALT2,true
SLC30A3,true
TIMM9,true
BUB1,true
ZNF662,true
STX1A,true
POLE2,true
RARRES1,true
SSRP1,true
SEMA5A,true
BSPRY,true
TPO,true
VTCN1,true
ATP2B4,true
SLC44A1,true
APOBEC4,true
SMARCD3,true
PCDHA1,true
PLAGL2,true
GABRB2,true
SMG1,true
ZNF148,true
ZFP42,true
MYH4,true
PI4KA,true
SLC12A8,true
L3MBTL2,true
ATP9A,true
KRT13,true
LGI4,true
FOXO1,true
EGR1,true
POU5F1,true
USHBP1,true
CCRL2,true
PDILT,true
PTPRJ,true
FCGR3A,true
AP3M1,true
TRMT10C,true
NDUFAF5,true
ABCC5,true
PSKH1,true
ZBTB39,true
ARHGEF39,true
PSG9,true
ANKRD27,true
SLC29A1,true
MYF5,true
UQCC2,true
MRM1,true
FNDC1,true
PRPS2,true
GABBR1,true
CILP,true
TNRC6C,true
LRFN2,true
GTPBP4,true
SPDYE1,true
GFPT1,true
CMTM8,true
TYW5,true
PMFBP1,true
MYEOV2,true
FAM167A,true
WIPI2,true
APBB3,true
DHX30,true
RNF141,true
IGSF5,true
HNF1B,true
KIAA1919,true
NUMA1,true
PRRC2B,true
NHS,true
FZD10,true
RSRC1,true
MAG,true
OR6M1,true
PAK1IP1,true
SLIT3,true
PHYHD1,true
ZNF813,true
PNMA2,true
SLC26A3,true
RBBP4,true
SUSD5,true
OPN3,true
DLG5,true
TOX4,true
RIMKLB,true
RNASEH2C,true
NLRP8,true
MTHFD2P1,true
OR6B2,true
MUC16,true
SUGP2,true
AURKC,true
NEK6,true
GLYATL1,true
CUL9,true
MSH5,true
OR10K1,true
ADAMTSL3,true
MUC5B,true
IGFBP3,true
KLC2,true
USP40,true
DHX36,true
COL4A2,true
ADRBK1,true
LRRC4B,true
XRRA1,true
RBM42,true
RNASET2,true
GAREM,true
MAML1,true
BRCC3,true
SF3B4,true
NUP107,true
RIN2,true
FGD5P1,true
TANC2,true
PTPN3,true
TBK1,true
LINC00442,true
ZNF710,true
AMOTL2,true
PTCHD4,true
CD163,true
SI,true
EIF4G2,true
XPO4,true
ADGRL4,true
DCAF13,true
CSK,true
LDHAL6A,true
PCDHB5,true
PLXNB3,true
RTP1,true
COMMD3,true
GRIA2,true
OSGEPL1,true
CEBPA,true
PHIP,true
TIMM21,true
RIMS4,true
SYNGR4,true
AASDH,true
GPN1,true
CDK3,true
PRMT3,true
HYAL1,true
KIAA1045,true
ALDH4A1,true
F13A1,true
CIR1,true
GJA10,true
KLF17,true
TGFBR2,true
PTH1R,true
ERBB4,true
CCDC146,true
CLECL1,true
ZNF317,true
VSIG10,true
SAGE1,true
PLA2G4C,true
POP7,true
SH2D4B,true
PHLDB2,true
TBC1D10B,true
ASS1,true
KCNA2,true
QRICH1,true
KIF3C,true
ATP2C1,true
COL6A6,true
GPR65,true
CHST10,true
ADAMTSL2,true
IGJ,true
KCTD4,true
VPS13C,true
ZNF525,true
EPS15L1,true
ATP6V1C1,true
CNTN1,true
DHX33,true
BRD1,true
ZBTB33,true
IGSF9,true
PTK2B,true
SF3B1,true
TMEM57,true
REC8,true
M1AP,true
FAM220CP,true
DNAJA4,true
RNF19A,true
UBR2,true
C15orf41,true
DNAH5,true
ATP8B3,true
NBPF1,true
MATN3,true
SLFN13,true
ANKIB1,true
GRM4,true
CLPTM1,true
SATB2,true
ST5,true
C7,true
CHD8,true
SF1,true
CD69,true
COL14A1,true
ISCA1,true
SH3PXD2A,true
TAF1D,true
PFAS,true
CACTIN,true
RAB8A,true
GNAS,true
PPP1R12B,true
KLHL15,true
WARS,true
WDR87,true
PCDHA9,true
C3orf20,true
TP53,true
G3BP2,true
ALOX12B,true
KIAA1191,true
BRD8,true
PSMB5,true
STAU1,true
UTRN,true
ARHGEF19,true
DNAJC11,true
GDAP2,true
SCAF8,true
CCDC150,true
PAPD4,true
THOC2,true
ZNF425,true
TRPV3,true
JOSD2,true
CDON,true
PYHIN1,true
HECTD1,true
TP53INP1,true
HLA-DMB,true
RP11-80F22.15,true
AOC1,true
WDR66,true
DYNC1LI1,true
RXFP2,true
RABL2B,true
FAM117A,true
BET1L,true
LACC1,true
TCEANC,true
UFSP2,true
STAT6,true
TRIM24,true
FGL1,true
CPS1,true
CYLC2,true
SNRPD1,true
PTCRA,true
TRBV6-1,true
LYRM5,true
UBE4B,true
CARD10,true
KCNIP2,true
IKZF4,true
GYS1,true
C1QL3,true
ERBB3,true
XKR4,true
SNORD114-15,true
RNF152,true
PEG3,true
TRPM3,true
THOC7,true
PTRF,true
ZNF445,true
MKI67,true
ZSWIM5,true
CDKL5,true
CD226,true
SYTL5,true
SLC25A5P8,true
ERCC2,true
COX8A,true
KLHL24,true
KCNQ5,true
PLCXD3,true
RNFT2,true
CXorf21,true
SLC24A4,true
SHISA2,true
UBE2F,true
COG4,true
LCE1C,true
OR1Q1,true
HDAC3,true
ANKRD30B,true
HECTD3,true
ZNF577,true
CAPN6,true
SEMA4G,true
ERCC3,true
LPPR4,true
LINS,true
ABL2,true
FAM71B,true
NCR3,true
KIRREL3,true
GGCX,true
CDKN2AIP,true
ZNF192P1,true
RNY4P30,true
APOM,true
ACTR3C,true
DDX17,true
ADAMTS15,true
PIPSL,true
FITM1,true
RAB15,true
CLCA1,true
CATSPERD,true
NTNG1,true
RTF1,true
SDK1,true
ZC2HC1C,true
TAOK1,true
KIR2DL3,true
IL12RB1,true
MX1,true
DDX19B,true
TRAFD1,true
GTF3A,true
ALOX5,true
UGT3A2,true
KRTAP4-2,true
MCM9,true
ANK1,true
CEBPE,true
LILRB5,true
CSNK1G1,true
AMT,true
SPEG,true
PNLIPRP1,true
TRAJ37,true
SLC29A4,true
TBC1D3P2,true
ITIH5,true
PSMD7,true
IL4R,true
PCDHB3,true
TTF2,true
GSPT2,true
KCNH4,true
NR6A1,true
TYRO3,true
PNPLA5,true
CD200R1L,true
NOVA2,true
WNT16,true
ARNTL,true
SLC6A2,true
OR5H6,true
AZIN1,true
IDH3A,true
NLGN4X,true
BMP4,true
OR2H1,true
SP2,true
MRPL2,true
CNTRL,true
IRF2,true
NIT1,true
CBL,true
COPS2,true
ARAP1,true
OR5AP2,true
ACAD8,true
GRID2,true
RUFY4,true
WDR19,true
FLJ42393,true
IL13RA1,true
KANK1,true
EIF1AD,true
PGBD5,true
WDR62,true
MPDZ,true
LAMB4,true
TMEM74,true
TRGC2,true
STAT2,true
DYRK1A,true
MAP1A,true
AL589843.1,true
IPO5,true
TUB,true
FER1L5,true
DNAJC17,true
DNAH11,true
DENND4A,true
MICAL3,true
AKAP5,true
MYO9A,true
ERICH6B,true
GRHL3,true
PILRB,true
KIRREL2,true
KDR,true
BTN2A3P,true
JAK3,true
EFCAB12,true
KCNH5,true
FIZ1,true
ZFYVE26,true
LMLN,true
ROCK2,true
SMG8,true
MIB1,true
ATP1B2,true
SPP1,true
MFAP1,true
ISX,true
C15orf52,true
CRISPLD1,true
ABCA9,true
PAK3,true
TLE3,true
CSF3R,true
TOPORS,true
RREB1,true
KLHL36,true
BRCA1,true
FOXI1,true
TPD52L2,true
SNX9,true
CDK2,true
CRAMP1L,true
PCF11,true
OR5D16,true
MRPS14,true
FIBP,true
ICA1L,true
C6orf222,true
OR6C6,true
LGALS14,true
DNAH8,true
AJAP1,true
CLMP,true
UBTF,true
HIST3H3,true
WBP1,true
CTR9,true
WDR12,true
PCK2,true
TBC1D8B,true
CLASP2,true
CCDC97,true
DYRK2,true
LENEP,true
HACE1,true
MYOM3,true
PLP1,true
PIF1,true
NRG2,true
AARS2,true
HSD17B11,true
SLC1A1,true
PRSS58,true
ARFGAP2,true
HMGB1,true
ARHGEF2,true
CIITA,true
EEFSEC,true
OSBP2,true
C1QTNF4,true
CHD4,true
KIAA1328,true
MEI1,true
ASIC3,true
CWC27,true
OCIAD1,true
SLC39A7,true
RBPMS,true
NAV3,true
SRSF7,true
SYNE2,true
SPDEF,true
TMEM139,true
SLC15A4,true
LDB1,true
GCLM,true
MRPL33,true
LRRC58,true
ANKRD17,true
MGEA5,true
BPIFB6,true
FRMPD4,true
BRD2,true
NAA11,true
UBXN8,true
ENPP1,true
MOXD1,true
ABLIM3,true
RYR2,true
AQP9,true
SLC7A4,true
ACAD10,true
MYO18B,true
LGSN,true
ABCA7,true
PARK2,true
TMEM140,true
SHANK1,true
ADAP1,true
AGAP3,true
CAT,true
NMB,true
LRCH4,true
BRINP1,true
CAPN13,true
WHSC1L1,true
TMEM104,true
RNF19B,true
SEC24D,true
RPGR,true
TTC3,true
TSHZ1,true
CDX2,true
FLRT2,true
GIMAP5,true
JAM3,true
GOLIM4,true
ANKFY1,true
ZFP90,true
DMRT3,true
LARS,true
PPP1R16B,true
CLTCL1,true
XAB2,true
KRTAP12-4,true
ROR1,true
F9,true
TBX2,true
PPP2R3A,true
BAG3,true
TMLHE,true
MASP2,true
NUAK2,true
AC245033.1,true
SAMHD1,true
NIPAL3,true
CFAP69,true
ENTPD5,true
SRP19,true
USP33,true
AARS,true
ZCCHC6,true
OSBPL8,true
SEPT4,true
NME8,true
CEP295,true
MAD2L1BP,true
TBX18,true
PGK1,true
GIMAP2,true
RGS1,true
EPB41L2,true
LETM1,true
ARHGEF15,true
EPHA10,true
ZNF607,true
HSPA8,true
SP3,true
PAGR1,true
L3MBTL4,true
SYNE4,true
LINC01588,true
PTK7,true
RPS8,true
IGHV2-26,true
PRRC1,true
CTSE,true
SOGA3,true
PKHD1,true
ZNF559-ZNF177,true
ITIH6,true
SRBD1,true
CYP19A1,true
GLTSCR1L,true
DAB2IP,true
EIF2S2,true
GC,true
LSM14B,true
PRAMEF17,true
LTBR,true
KLHDC3,true
SLC39A10,true
CKAP4,true
HNRNPA1,true
MBIP,true
DYNC2H1,true
CDT1,true
OR51B4,true
OR2W3,true
OR2L3,true
CDV3,true
TMEM79,true
OR5K4,true
TBX15,true
PODXL2,true
RAB3GAP2,true
POU3F2,true
GTF2H3,true
KLHL28,true
RFX2,true
HKDC1,true
BDNF,true
AMICA1,true
RNF6,true
GJA9,true
TCAF1,true
MAGT1,true
MPV17L2,true
SORL1,true
FAM206A,true
KRT6C,true
SEL1L3,true
ZNF682,true
EDIL3,true
NKX2-3,true
GTF3C5,true
MYBPH,true
OVOL2,true
C3orf58,true
C1S,true
KRTAP10-4,true
TRIOBP,true
STX4,true
EARS2,true
UGGT1,true
CADPS,true
DHCR24,true
PSMD6,true
CENPE,true
GPRIN1,true
DISP1,true
TRIM2,true
ITIH4,true
THOC5,true
KIAA1614,true
KRT27,true
CD96,true
C3,true
SBF2,true
SYNGAP1,true
L2HGDH,true
AIFM3,true
ZNF430,true
TPX2,true
NOXRED1,true
DNAH17,true
ZNF37BP,true
TMPRSS13,true
PPL,true
HNRNPUL1,true
SERPINB10,true
PIGT,true
TSPYL1,true
ALG1,true
FAM214B,true
QSOX1,true
MAPK14,true
EPHB2,true
CACNA1C,true
TMEM183A,true
ANGEL1,true
PARP14,true
SLC9C1,true
HMCN1,true
ZNF138,true
ZC3H13,true
CD109,true
CCDC53,true
CSNK1A1,true
FAM46D,true
ATP12A,true
GAD1,true
LIMA1,true
ST3GAL4,true
NID1,true
KIAA0513,true
CD320,true
DOT1L,true
CD83,true
FPR2,true
TSHZ3,true
LOX,true
VTN,true
XRN1,true
HEATR1,true
HADH,true
DDX43,true
CPNE9,true
SEC23A,true
FMR1,true
NCAPG2,true
SLC9A7P1,true
STAT5A,true
MT3,true
GOLGB1,true
CMTM5,true
RIMBP2,true
SLC7A9,true
FLVCR2,true
LONRF1,true
LRP10,true
PSMD10,true
SNX1,true
PGM2L1,true
SEC31A,true
TLE6,true
ATP10D,true
TMEM168,true
CEP63,true
CEMIP,true
RERE,true
PGR,true
MAGEA1,true
ANO3,true
CTC-534B23.1,true
OR51A4,true
NMRK1,true
ACE2,true
ZNF652,true
ALDH1B1,true
PDHA2,true
DARS,true
PCDHGB2,true
TCP11L2,true
TCN2,true
OR6Y1,true
AP3B2,true
MAP3K1,true
ACOXL,true
CCND2,true
NFRKB,true
OPRM1,true
OR4E2,true
WDR47,true
NECAB2,true
TSPAN13,true
MYO1F,true
TBRG1,true
MYO7B,true
SLC16A6,true
CCDC168,true
FGF13,true
NUMB,true
CRADD,true
SYTL4,true
SELE,true
RHOBTB2,true
PLA2G4A,true
ATG10,true
ULK4,true
NUCB2,true
ADGRE2,true
OR10D3,true
P2RY6,true
NRF1,true
COX10,true
CCL14,true
POGZ,true
FNTB,true
PDCL3,true
TCEANC2,true
CRHR1,true
ZNF853,true
SSR3,true
GTPBP1,true
PANK1,true
SPATA20,true
SLC6A13,true
TXNDC12,true
TMCO5A,true
RTN4RL1,true
SLX4,true
CLCN4,true
GTF2IRD1,true
FUT10,true
SWAP70,true
MMP2,true
CADPS2,true
PRPF8,true
ZNF180,true
PADI2,true
POLI,true
ADAMTSL1,true
OR2AJ1,true
PIK3AP1,true
SLC52A3,true
ZMIZ1,true
KIZ,true
BEND7,true
COLGALT1,true
SERPINB5,true
BDKRB1,true
PRDM16,true
DHX58,true
LZTS1,true
R3HDM2,true
COA1,true
TTYH1,true
SDCCAG8,true
NASP,true
CDK16,true
DQX1,true
WDR7,true
ATP1A1,true
HINFP,true
NLRP13,true
CEP112,true
PTCH2,true
ACER3,true
C1orf216,true
KAT2B,true
SCYL2,true
VSX1,true
GMPS,true
NBR1,true
HERPUD2,true
BIRC2,true
C2CD5,true
SRSF11,true
TLE4,true
CTGLF12P,true
SLC25A24,true
DLX3,true
CLIP2,true
NCL,true
FSCN3,true
STAG3,true
TRPM6,true
DDN,true
NCAN,true
CSNK2A1,true
SLC14A2,true
CXXC4,true
FICD,true
CCR3,true
HNRNPUL2,true
ADAMTS4,true
ANKS1A,true
CCIN,true
CDK13,true
CHST4,true
TAGLN,true
CCNT2,true
MAGI3,true
ZNF223,true
SLC36A1,true
SLC39A14,true
LRRC8B,true
NOSIP,true
CHAMP1,true
BEST3,true
ZFP91,true
ZFYVE19,true
UTP3,true
BTBD11,true
CALML5,true
ZNF2,true
ALOXE3,true
CLUH,true
CDH4,true
CLCN3,true
THEM5,true
OR5H15,true
CSPG4,true
LAMA4,true
ADAM2,true
SLC39A13,true
EXO5,true
MYOF,true
HIVEP3,true
KIF1C,true
TAP2,true
OR52N5,true
ABCG4,true
TRAF3IP2,true
SNORD115-23,true
PLAA,true
MKRN2,true
BLM,true
OR4Q3,true
SPDYC,true
USP11,true
GYLTL1B,true
CNTNAP1,true
MADD,true
RCOR3,true
TRAJ6,true
NHLRC2,true
GRIK1,true
RHO,true
NEK10,true
SPAG5,true
ADRA1A,true
MUC6,true
APEH,true
SMEK1,true
NPAS1,true
DDI1,true
PLEKHA6,true
RAP1B,true
PCDH9,true
ZNF609,true
ZNF211,true
FSIP2,true
ARHGEF37,true
MEA1,true
CTNNA1,true
PABPC4,true
ABCG1,true
NPAT,true
DOCK5,true
RBM24,true
LRP4,true
KCNJ6,true
CARD18,true
FAM133A,true
LHCGR,true
ICMT,true
BICC1,true
ZNF600,true
MARVELD3,true
POLR3A,true
TNRC6B,true
OTOP2,true
C17orf85,true
IGLV3-27,true
SUCO,true
ST8SIA2,true
TIAM2,true
FBXL12,true
ACADS,true
PSG2,true
CNDP1,true
DKK3,true
NOTCH4,true
INTS12,true
SLC1A6,true
RP11-663P9.2,true
AGTPBP1,true
SUPT20H,true
TRIM16,true
NRP1,true
TMTC4,true
METTL18,true
AKR1C1,true
CACNA1A,true
CTNND2,true
NEB,true
ADSL,true
ZNF347,true
ALOX12,true
SERPINA3,true
UFD1L,true
ZNF140,true
SCUBE3,true
WNK2,true
PEX6,true
KIF2B,true
MTUS1,true
HOXC9,true
GJB3,true
C6orf223,true
NFE2L1,true
CSRNP3,true
SGPP2,true
FARSA,true
MBD1,true
TMPRSS15,true
OGFRL1,true
FRMPD1,true
HEATR4,true
CNOT6L,true
PCDHB12,true
CUL7,true
NOP56,true
STK26,true
TCP11L1,true
TDRD6,true
ADAM22,true
ATXN1,true
SAP130,true
COL4A6,true
HDHD2,true
CRMP1,true
ABCC10,true
LTK,true
CD27,true
PCYT1B,true
TUBA4A,true
GRM2,true
NPHP1,true
ATP6V1C2,true
DCST1,true
GLS,true
DHX8,true
STAG2,true
AIFM1,true
EFEMP1,true
NDST1,true
GCLC,true
COLGALT2,true
LIPG,true
OR4C46,true
DACH1,true
TRGV9,true
KCNA4,true
DRC7,true
MRC2,true
IFT81,true
SDR16C5,true
NEK5,true
GOLGA6A,true
ZSCAN25,true
KIAA1211,true
RAD51B,true
N4BP2L2,true
LRRC43,true
ZFX,true
COPA,true
SLC36A3,true
ADCY9,true
SV2A,true
CEACAM18,true
EVC,true
SERPINB4,true
SLC2A1,true
PTK2,true
PRDX2,true
APBA2,true
C1orf112,true
LRRC27,true
GCAT,true
SKAP1,true
ZNF254,true
PLCG1,true
GBP2,true
C1orf111,true
SLC22A2,true
CAD,true
CHCHD6,true
RAI1,true
ZNF287,true
CBX5,true
MTMR1,true
CFAP53,true
CD1C,true
LYVE1,true
OMG,true
ZNF286A,true
CCDC13,true
CD1E,true
RPL11,true
KRT75,true
CLK3,true
TSPAN18,true
SLCO5A1,true
MLLT11,true
TJAP1,true
PIKFYVE,true
TAF15,true
POLDIP3,true
PAN3,true
PTPRT,true
AP2B1,true
ESCO2,true
CPA5,true
ACSL6,true
CDH8,true
CCDC108,true
MYSM1,true
RNF216,true
VAX1,true
C5AR1,true
DNAJC28,true
ATRX,true
KDM4A,true
ZBTB49,true
TGFB3,true
APC,true
PRKX,true
LVRN,true
CSMD2,true
TEP1,true
RPS6KB2,true
CMTR1,true
THOC1,true
ELF5,true
ARAP2,true
GRIN3A,true
TXNRD3,true
CHMP1B,true
OR52E8,true
CNR2,true
CTF1,true
ANKRD34A,true
B4GALT5,true
GLIPR1L1,true
PPP2R3C,true
NOS1,true
LTF,true
JAGN1,true
PCGF2,true
CNNM4,true
ITIH1,true
SYT3,true
DGKA,true
SLC22A8,true
PROX2,true
CYP7A1,true
PPIC,true
SERPIND1,true
N4BP1,true
SGSM3,true
RGMA,true
MALAT1,true
CAMKK1,true
PADI4,true
USP35,true
ABCB5,true
SLC4A2,true
DECR1,true
MYO3B,true
DYNC1I1,true
HYAL4,true
RHPN2,true
NLRP11,true
DNHD1,true
PSME2,true
SNX29,true
BRE,true
MAPK9,true
POC1A,true
LPAR3,true
RASA2,true
CSMD1,true
SF3A1,true
HS3ST3B1,true
C9orf131,true
FRMD6,true
WDR27,true
NBPF11,true
LTBP1,true
FAM179B,true
ATAD2B,true
SERPINB12,true
DMBT1,true
GATM,true
MROH2B,true
ZIC4,true
TRIP10,true
NDUFB4,true
ITGA6,true
BMPR1A,true
POLR1B,true
TLL2,true
ZFR,true
GPSM1,true
MIR99AHG,true
HNF4A,true
VWA3B,true
CCT3,true
CR1,true
UTP20,true
TMEM179B,true
TECTA,true
TRPM8,true
RBM4B,true
LOXL3,true
HLA-DQA2,true
CRACR2A,true
CCDC112,true
C2orf71,true
C15orf39,true
CEP192,true
MCEE,true
COL5A1,true
RIC1,true
FAM135A,true
CCDC38,true
PLD5,true
SPATA5,true
PEX11A,true
KLF1,true
CNOT3,true
FAM69A,true
ZNF74,true
IFNA22P,true
OR2A14,true
HMGCS1,true
CALM3,true
KRT16P6,true
SIN3B,true
NRTN,true
EIF6,true
EPHA4,true
LMAN2,true
SCP2,true
TEX33,true
INPP5D,true
TNFSF13,true
DXO,true
ZNF568,true
PIP5K1C,true
CXCL12,true
CCNE2,true
LMO3,true
SERTAD4,true
ATP2B2,true
OR7G3,true
NXPH3,true
PUF60,true
CALCOCO2,true
RASSF1,true
SPG7,true
MIEF1,true
AMOTL1,true
NRAP,true
KIR3DL2,true
TIAF1,true
WDR3,true
PHF6,true
PPFIBP2,true
NFIX,true
NUCKS1,true
SMEK2,true
STEAP3,true
RUVBL2,true
PDGFA,true
CUZD1,true
FCRL6,true
KNDC1,true
TRPM4,true
ITGA11,true
C1orf141,true
MIR8078,true
ANGPT2,true
ADAM20,true
TROAP,true
RP11-150D5.2,true
SGIP1,true
DDX41,true
PDE7A,true
MED1,true
CC2D1B,true
MXD3,true
TAOK3,true
TRIM58,true
ARNT2,true
RP11-983C2.2,true
CACNB1,true
FEM1B,true
UBASH3B,true
PNPLA8,true
CENPJ,true
TET1,true
KCNJ16,true
FLNA,true
L1TD1,true
EPG5,true
KCNS2,true
C14orf119,true
PKIA,true
DEPDC7,true
IL15RA,true
PCDHB2,true
SLC6A20,true
HMGB4,true
FERMT2,true
TXLNB,true
LAP3,true
LCN2,true
UGP2,true
DDB1,true
CAPN7,true
C9orf156,true
KLHL9,true
MATN4,true
SYCP3,true
SMTN,true
ZNF322,true
FURIN,true
ITGB1BP2,true
ZFP69B,true
ASXL3,true
ADNP2,true
FMO2,true
UHMK1,true
PCDHA11,true
GOLPH3L,true
DTHD1,true
UNC80,true
PCDHGA9,true
RMND5B,true
PRDM2,true
ZNF12,true
STK33,true
NACA,true
ZNF648,true
EIF3L,true
UBE2L6,true
PDE4A,true
CNTF,true
MAGEA11,true
SFTPA2,true
ADGRV1,true
JPH1,true
NRAS,true
PRRC2A,true
TRIM27,true
TLN1,true
SHKBP1,true
MAP3K6,true
KIAA0226,true
ASAP2,true
PRKAA1,true
CCDC42,true
CGREF1,true
ETV1,true
KIAA1033,true
FGFR2,true
STAG1,true
BEND5,true
PRPF4,true
SYVN1,true
TRIM65,true
SPP2,true
GTF2H1,true
C12orf40,true
NUP205,true
FCAMR,true
PLB1,true
RNF123,true
NCAPD3,true
GATA2,true
VNN3,true
PC,true
NOS1AP,true
TTC4,true
C4orf32,true
GNAI1,true
FSD2,true
FGG,true
BRMS1,true
PABPN1,true
UBE3B,true
OPHN1,true
TEKT1,true
SNX24,true
FAM160B1,true
ATP6V0E1,true
RPL10,true
ORAOV1,true
MECP2,true
CBX2,true
CLDN9,true
MSMO1,true
CA4,true
CCR2,true
VRK1,true
TAS2R7,true
MARCH4,true
YME1L1,true
SELP,true
PRSS12,true
C1R,true
CACNA1E,true
EBF1,true
MSANTD3,true
TNNT2,true
C10orf2,true
CENPN,true
GMPR2,true
SLC44A5,true
GPRASP1,true
BDKRB2,true
MUC4,true
CDH23,true
HCFC1,true
MTERF1,true
ZNF700,true
GEN1,true
EML3,true
PLCB3,true
ILDR2,true
SULT2A1,true
C2orf76,true
OR8D2,true
LSAMP,true
ZBED4,true
EYS,true
WDR89,true
TIMM10B,true
DST,true
MAP4K1,true
DHRS11,true
TG,true
RNMT,true
DOCK2,true
IL7,true
LNX1,true
INSM2,true
PRMT7,true
PPCS,true
SERPINA1,true
C5AR2,true
ADGRG7,true
ACKR3,true
TUBB8P7,true
ZNF790,true
GMPPA,true
ATP7B,true
WDR76,true
pk,true
PHF3,true
FAM214A,true
CHI3L1,true
WTAP,true
ARPP19,true
GABBR2,true
RNMTL1,true
KCTD19,true
ARSJ,true
GPATCH2,true
OR1E2,true
MDC1,true
DOC2A,true
SMARCB1,true
C10orf90,true
FCN2,true
MSANTD2,true
ADAMTS19,true
MCM10,true
GPR34,true
SEMA3A,true
IGFBP5,true
CFAP43,true
MCEMP1,true
ITPRIP,true
PHLPP1,true
SRRM2,true
ZHX3,true
NBPF7,true
MRGPRX4,true
WNT2,true
SLC5A6,true
TCERG1,true
CASP8AP2,true
ITGA2B,true
HMGXB4,true
PCED1B,true
CCL20,true
MACF1,true
INSRR,true
C9orf91,true
SLC19A2,true
PLG,true
HOMEZ,true
EPX,true
CCDC54,true
B3GALT4,true
PCDH15,true
KIAA0100,true
SLCO1C1,true
OR52I2,true
SYK,true
WDR25,true
CACNA1G,true
GALNT2,true
LIPJ,true
ERGIC3,true
DYNC1I2,true
PNPLA1,true
ZNF528,true
ALKBH1,true
MOV10,true
CYP24A1,true
SLC7A6,true
RAD51AP2,true
KIAA1210,true
NUP88,true
TTC21A,true
SERPINA4,true
AP1S3,true
CACNA2D4,true
DDX24,true
DUOXA2,true
CD40LG,true
MEPE,true
ATP1B1,true
GPR171,true
MIR325,true
MIER3,true
PAPSS2,true
CAMSAP1,true
C6orf10,true
DUSP27,true
BRIX1,true
TNN,true
FBXW9,true
NNMT,true
LYAR,true
LIG3,true
DAW1,true
ADAM21P1,true
SPAG4,true
KBTBD7,true
RP11-526D8.7,true
OR7A10,true
ERI1,true
MICAL2,true
ZNF225,true
METTL12,true
RRP12,true
OR1B1,true
SLU7,true
SLC7A11,true
SYT6,true
YTHDC1,true
AUTS2,true
C2orf16,true
TIMELESS,true
ZNF155,true
GOLGA6B,true
HMGCR,true
DSE,true
FAM58BP,true
TOR3A,true
SEMA4A,true
ATP6V1B1,true
TTLL4,true
PHF14,true
ADIPOR1,true
TSLP,true
TRIP12,true
AGPAT4,true
IGKV1D-42,true
NTRK3,true
MAPK8IP2,true
MAK,true
THBS1,true
PRAMEF15,true
IQCG,true
ROBO1,true
C1orf105,true
CAV1,true
POM121,true
ENGASE,true
GALNTL6,true
NR2E1,true
SLCO1A2,true
ZMYM5,true
BMPER,true
KBTBD6,true
TOP2B,true
CTCF,true
RFX7,true
CNPY3,true
ZNF658,true
DDX11,true
HMGB3P24,true
OR2Y1,true
NCAPH,true
KARS,true
CDK5R2,true
GK2,true
ADGRE1,true
POLR3C,true
MDH2,true
ASB17,true
PLK2,true
PRDM5,true
ARID1A,true
HLA-DPB1,true
RAB24,true
AGPAT3,true
SMOX,true
CCDC132,true
LRRC30,true
SPATA31A3,true
ARHGAP21,true
NFE2,true
PYGO2,true
RANBP10,true
SCTR,true
PRPF3,true
DNM3,true
UPF3B,true
POLR2B,true
PPP1R18,true
NPHS2,true
VPS8,true
MROH5,true
CTSO,true
DNAJC10,true
FRA10AC1,true
GPR183,true
TET2,true
SCLY,true
MAP7D2,true
SLITRK1,true
PPP2R5C,true
ANK2,true
TATDN2,true
SLC9A3R1,true
ACTL8,true
KCNC2,true
WDR35,true
SLC38A2,true
EIF4E3,true
NBPF14,true
DRD2,true
SLC18A2,true
ZNF782,true
CSNK1G2,true
BHLHE40,true
RBPMS2,true
CLCN5,true
ISLR,true
TMEM169,true
ZNF772,true
GATB,true
KCNMB3,true
NLRP12,true
MRPS23,true
F5,true
ASIC4,true
CNGA4,true
EFEMP2,true
ENPEP,true
CWH43,true
CDKL4,true
CDX4,true
PUS1,true
CDK5RAP2,true
ARSA,true
METTL6,true
KCNMA1,true
JRKL,true
RAD23A,true
TTLL5,true
TNFRSF8,true
TUBB4A,true
MICAL1,true
CHL1,true
NPC1L1,true
NCOA5,true
KBTBD4,true
KPTN,true
ICAM5,true
STAT5B,true
KBTBD8,true
FRAS1,true
VPS13D,true
ZNF235,true
MARCH2,true
BTN1A1,true
GPI,true
SV2B,true
RBMX2,true
CD4,true
CDH3,true
QDPR,true
INTS9,true
CCDC68,true
SLC8A3,true
SPON2,true
FBXO38,true
ACOT9,true
RNF144B,true
HSPA4,true
ZBTB26,true
TOMM34,true
PPIP5K2,true
ISPD,true
PRCP,true
POLR1A,true
PPP1R3A,true
FAM186B,true
ARHGAP26,true
IL17A,true
RFX5,true
KDELC1,true
DCLRE1C,true
GBP7,true
UBE3A,true
D4S234E,true
CPT1C,true
POLA1,true
LRRC15,true
AACS,true
ZNF142,true
MRPS15,true
OR10C1,true
IL22RA2,true
USB1,true
ST7L,true
MAP3K9,true
OR10J5,true
UNC5D,true
RARA,true
NOV,true
ZKSCAN7,true
ZNF384,true
RPGRIP1,true
NUDCD3,true
TUBBP5,true
HNRNPM,true
LY9,true
RCOR1,true
PROP1,true
MN1,true
EGFR,true
PDE6A,true
ATRNL1,true
KIAA1468,true
ANKRD26,true
PMEL,true
RPL7P58,true
RBM12,true
PCDHGA2,true
GPHN,true
LYST,true
KRT9,true
DSCAM,true
ATG16L1,true
TMED7-TICAM2,true
SLC7A3,true
OR2S2,true
EVA1C,true
AC116165.1,true
TDRD9,true
FER1L6,true
IFNGR1,true
MTMR11,true
CA10,true
SLC51A,true
SLC17A7,true
NBPF8,true
FMO3,true
SLC38A5,true
BTG1,true
TTLL3,true
NEUROD6,true
QRICH2,true
DYSF,true
ATP6V0B,true
MON1A,true
ITGAX,true
PPEF1,true
ST3GAL2,true
LGR4,true
TSGA10IP,true
KLK3,true
PXK,true
DDIAS,true
KDM3B,true
ZKSCAN5,true
KRTAP26-1,true
FTSJ3,true
ZSCAN2,true
ABCA4,true
APLNR,true
NPC1,true
USP54,true
ARL11,true
MRPS5,true
MKRN1,true
CCDC171,true
STEAP2,true
COL4A1,true
NPIPB9,true
RPL32,true
NEU2,true
ZNF683,true
THADA,true
SOX6,true
CEACAM8,true
KDM4B,true
GIN1,true
CREB1,true
CDHR1,true
STRIP2,true
NR1H3,true
EHD1,true
CCDC67,true
TTPA,true
GPR84,true
ESRP1,true
PLA2G3,true
TNS2,true
EIF3D,true
SIRT2,true
ARMC8,true
CRB2,true
DYNC1H1,true
TTC6,true
KDM2B,true
ZNF433,true
WDSUB1,true
TRAF3IP1,true
DDX1,true
OR51M1,true
INSR,true
ZFHX3,true
CDC73,true
CPN2,true
PRUNE2,true
P2RX4,true
JADE2,true
CASKIN2,true
LTBP4,true
AGT,true
LRCH3,true
POTEH,true
SHC4,true
PRPF38B,true
FLAD1,true
ITCH,true
GAS7,true
CD180,true
RAB3B,true
ATAD2,true
RAPGEF4,true
IP6K2,true
CHD5,true
SUV420H1,true
SBK1,true
CEP83,true
FTHL17,true
FHOD3,true
NAA38,true
HSPA5,true
IGHV3-23,true
GPA33,true
SDC2,true
LENG8,true
TRIM15,true
FFAR2,true
VPS35,true
WDPCP,true
ZAN,true
AXL,true
MSR1,true
KIF24,true
ITGA7,true
ITPR1,true
CBX6,true
SCN5A,true
TRIB1,true
ALPK1,true
LUZP1,true
HIST1H3D,true
GTF3C4,true
GALNT13,true
ZNF540,true
OVGP1,true
ADAMTS6,true
OR14C36,true
PLA2G4F,true
KIAA2026,true
RAB40A,true
AP3B1,true
VARS,true
PLEKHM2,true
SLC25A5P7,true
SNTA1,true
TCL1A,true
R3HCC1L,true
COG1,true
OAS2,true
PRIMPOL,true
HPS1,true
PCDHGA1,true
MMP14,true
BTN2A1,true
MICALCL,true
MGA,true
GYG2,true
CAMK2D,true
MON1B,true
MATR3,true
IGLV3-22,true
GPATCH2L,true
TPI1,true
MAP3K13,true
ZFYVE16,true
XYLB,true
ACSF2,true
CASR,true
DMRTC2,true
PAXIP1,true
RSF1,true
SSX3,true
DNAJB2,true
SMC4,true
SELENBP1,true
C6,true
CMYA5,true
POLE,true
HIST1H3A,true
GIMAP8,true
ZNF724P,true
PIK3R4,true
MUC3A,true
MANBA,true
B3GALT5,true
CNKSR3,true
LRRC17,true
KIF7,true
CCNE1,true
HDAC5,true
CUEDC1,true
FYN,true
ARSH,true
KAZN,true
SPG11,true
HDAC6,true
TRAK1,true
ACSM1,true
ARHGEF25,true
OR52L1,true
ZNF175,true
SORBS1,true
SMAD7,true
LENG9,true
HOXA5,true
ZBTB40,true
C9orf43,true
KRT71,true
C11orf70,true
SLCO6A1,true
TMC1,true
SLC44A4,true
MYBL1,true
ZNF595,true
ASCL3,true
SUV420H2,true
OR51F2,true
CCNB3,true
STARD8,true
DHX32,true
PHKA2,true
ZNF438,true
GPBP1,true
EIF3K,true
ZNF423,true
AKAP13,true
GSTTP1,true
ASGR2,true
EIF2AK3,true
BTF3,true
PDE1C,true
PLXDC1,true
LRRK1,true
HNF4G,true
FDPS,true
ZNF80,true
GABRR2,true
HPS4,true
TUT1,true
IL1B,true
SLC44A2,true
FCHSD1,true
FGD5,true
ARHGEF10,true
FN1,true
ABI3BP,true
CHD1L,true
ACAN,true
PRC1,true
TRAV19,true
HGF,true
FEM1A,true
PFN2,true
MYBPHL,true
GPR101,true
CFHR3,true
IQCC,true
USP34,true
TNXB,true
HCN1,true
AGO1,true
HIST1H2AC,true
OR4D11,true
TRAPPC9,true
PDE1B,true
GLB1L2,true
ANKRD30A,true
THSD1,true
LILRP2,true
CCDC73,true
MTMR14,true
GCNT1,true
TOP2A,true
CNN1,true
PPRC1,true
PTPRR,true
C12orf74,true
KIR3DL1,true
STAM,true
PCDHGA6,true
IGLV3-1,true
RAB11B,true
SLC36A2,true
PDE1A,true
PRAMEF2,true
MSC,true
ENTPD4,true
ZNF197,true
DDX26B,true
DHX16,true
FAM24A,true
MTMR4,true
EEF1A1P15,true
RSBN1L,true
HERC2P3,true
KIAA0141,true
ORAI3,true
PHF1,true
SYN3,true
FAM47C,true
RNF38,true
USP26,true
BRS3,true
MECR,true
SLC47A1,true
ZNF646,true
NDUFB8,true
PRX,true
CD300LB,true
LY75-CD302,true
ZFAT,true
PSMB8,true
RPP30,true
CNTLN,true
CGB7,true
CCDC180,true
SYNPO2,true
GPN2,true
DNAJC5B,true
USP43,true
APCS,true
HIST2H2BF,true
HSF5,true
ST6GALNAC1,true
RAB39B,true
SLC39A12,true
IGHG1,true
FAM98C,true
ENO3,true
MINK1,true
SUCLA2,true
PXYLP1,true
FAM13A,true
POLR2E,true
EXD1,true
ZHX2,true
LIMS2,true
IGFL3,true
EGFLAM,true
CCDC163P,true
AIDA,true
CLK2P1,true
PTGIS,true
LDHA,true
FLVCR1,true
SRCIN1,true
OR5M9,true
HHIPL2,true
ELAC2,true
HID1,true
LAD1,true
NCBP2L,true
CAMTA2,true
SLC15A2,true
COL24A1,true
EDA,true
FDCSP,true
MTMR8,true
EFCAB13,true
HSD17B4,true
RP11-383M4.6,true
ZNF182,true
KIF5C,true
TRRAP,true
SERPINB9,true
EGR3,true
NOD2,true
IQGAP3,true
MARK1,true
ZDHHC3,true
C18orf25,true
NALCN,true
DCLK3,true
ACTR5,true
MMP13,true
SLC22A23,true
EHHADH,true
PSMD4,true
CTD-2026G6.3,true
IFNA2,true
SRPR,true
FBXO39,true
C4BPB,true
GDF15,true
GTSE1,true
GIT1,true
REPIN1,true
SUPT3H,true
GRIA3,true
COL17A1,true
PLA2G2D,true
THRAP3,true
SF3A3,true
PYROXD2,true
WDHD1,true
ANKRD20A5P,true
SMARCA1,true
OR2T10,true
FERD3L,true
KATNAL2,true
SH3BP5,true
ITGB1BP1,true
ATG13,true
PRTFDC1,true
DOPEY1,true
SYNJ1,true
C2orf80,true
VIPAS39,true
CEP290,true
RP11-35N6.1,true
NLGN1,true
GJC1,true
BCAS3,true
TRIML1,true
NUDT12,true
LINC00925,true
EPB41L3,true
TEC,true
SNX21,true
APBB2,true
IL1RAPL2,true
COL21A1,true
PREX1,true
CYP4F2,true
TEX10,true
BTNL3,true
POLR2F,true
HCLS1,true
TMEM106B,true
C14orf177,true
TRAM1L1,true
USP5,true
IDO2,true
RHOC,true
PTCHD3,true
SLC1A2,true
ZBED9,true
CEPT1,true
RAB11FIP1,true
PRPH2,true
WT1,true
UBE2V2,true
MMP19,true
HYAL2,true
POLRMT,true
PRM2,true
PIEZO2,true
TOMM40,true
KCNJ8,true
APOBR,true
OR51A7,true
NARS,true
CCDC60,true
POSTN,true
BMP10,true
MAP1LC3B,true
TIMM22,true
FBXO8,true
NTNG2,true
CCDC65,true
IFIT3,true
OR2A5,true
SPATA31A1,true
IYD,true
SPRED2,true
CEP95,true
ZFP36,true
CYLC1,true
GOT1L1,true
ENTHD1,true
WDR5,true
SLC43A3,true
GUCY1A3,true
TAF6L,true
PPP1R9A,true
RASAL3,true
FNDC7,true
RP11-147L13.13,true
TRAV18,true
NWD1,true
NOL4,true
ZBTB3,true
ELMO1,true
CES5A,true
THSD7A,true
ARNT,true
ANGPTL2,true
IKBKB,true
IPO13,true
KIF21B,true
FKBP15,true
FERMT3,true
CDH9,true
MS4A1,true
TUBB6,true
STAB2,true
BCAR3,true
HNRNPH1,true
RAG1,true
NUP153,true
NAA30,true
ADCY10,true
CD44,true
MPHOSPH9,true
AKNAD1,true
MBTD1,true
HIPK4,true
SH3RF2,true
ARMCX2,true
CNTN5,true
KIAA1462,true
PDS5B,true
CSPP1,true
PITPNM3,true
ZNF862,true
ZNF416,true
IGHV4-39,true
LCT,true
TMEM67,true
RSPRY1,true
HDLBP,true
OR7D4,true
CXXC1,true
CEP250,true
TNKS1BP1,true
AGBL2,true
ZFAND4,true
PARPBP,true
UQCC1,true
B4GALNT4,true
SF3B3,true
ATF4,true
AGAP2,true
SLCO4A1,true
TIMP2,true
KMT2E,true
GLIS3,true
SMUG1,true
CFTR,true
LMOD2,true
FMOD,true
ANKRD2,true
SMIM15,true
VLDLR,true
TRIM14,true
MIR492,true
PIWIL4,true
C17orf47,true
ZNF274,true
PHF12,true
DLC1,true
DNAJC30,true
CALML4,true
OR1A2,true
ECEL1,true
PURA,true
FST,true
EIF4ENIF1,true
PKN2,true
RBM3,true
MBD5,true
CRISPLD2,true
MAST3,true
OSBPL6,true
ADGRE3,true
FAM135B,true
FAM118B,true
MYO16,true
RTTN,true
SLC47A2,true
DBF4,true
HARS,true
RXFP1,true
COQ4,true
TMEM39A,true
DHX38,true
IGHV1-46,true
ZNF835,true
MB,true
CYP2C9,true
TSSK4,true
RBFOX2,true
SPACA1,true
KIFC1,true
OSBPL11,true
CHRNA2,true
SEMA3G,true
TICRR,true
GMCL1,true
AGAP6,true
HIAT1,true
ADHFE1,true
PAPD5,true
PCDHA4,true
FOXD4,true
OR5B2,true
ORAI2,true
GNB2L1,true
GBP3,true
LRRC57,true
SLC35F5,true
MED12,true
ZNF669,true
KIR2DL4,true
PRIMA1,true
AAMP,true
PCDH7,true
ROS1,true
MLH3,true
STK39,true
OR51G1,true
ZNF224,true
ZNF229,true
CSNK2B-LY6G5B--991,true
GPR15,true
NID2,true
AC092071.1,true
PTGER3,true
CSRP2BP,true
NOTCH2,true
SLC22A6,true
ACADL,true
LRP1B,true
FAM204A,true
OR4S1,true
C16orf70,true
SLC38A1,true
RFPL1,true
PNPLA3,true
KCNAB2,true
ZNF800,true
RP11-568K15.1,true
TCEAL6,true
SIX3,true
TENM2,true
FOXRED2,true
CLCN6,true
MXI1,true
DYNLRB1,true
BAZ2B,true
ZSCAN26,true
CUL1,true
SPOCD1,true
MPZL1,true
TMCO6,true
CUL3,true
LMTK2,true
DNAJC7,true
CDHR4,true
HCAR3,true
SNORD3A,true
ARHGEF28,true
GMFG,true
SORBS2,true
HERC1,true
ZDHHC5,true
OR51B5,true
RAPGEF3,true
WAPAL,true
PHC3,true
MAGI2,true
SCN3A,true
GRM1,true
PABPC3,true
TNIP1,true
CCDC127,true
HJURP,true
TAS2R60,true
NRBP1,true
TNFRSF11A,true
RFC4,true
BCORL1,true
SARS2,true
OR10H3,true
CFLAR,true
PPM1B,true
RIMS1,true
ENPP6,true
BBX,true
PDIA3,true
ITM2A,true
NME9,true
LRP6,true
SLCO3A1,true
MYO5B,true
MAPK8,true
NIPA2,true
ZBBX,true
OSBPL5,true
DCUN1D3,true
PKNOX2,true
FAM111A,true
DCDC1,true
NIN,true
RNLS,true
ENC1,true
HCFC2,true
ITGA4,true
SETD3,true
CHST12,true
SMYD1,true
RPRD2,true
CNGA3,true
ZFP36L1,true
GRM8,true
ZSCAN29,true
RPS6KA3,true
OR11H6,true
USP48,true
PSMB10,true
PLIN4,true
EPS8,true
MMP7,true
RPL18,true
THPO,true
TMX4,true
NBEA,true
ANKRD1,true
ALS2CR11,true
TFDP1,true
TPTE,true
OTOA,true
FRK,true
ESYT3,true
KNOP1,true
ANGPTL4,true
SPAG17,true
ECD,true
VDAC1,true
NF1,true
RYR3,true
SLPI,true
NFATC2IP,true
MYH11,true
OR4K2,true
PIGN,true
CST4,true
MARCH6,true
CEACAM1,true
OR4D6,true
LPXN,true
TAAR5,true
CDYL2,true
SLC13A1,true
FAM212B,true
SPRY2,true
RGS3,true
TBC1D31,true
SLC35A5,true
LATS1,true
LINC01239,true
DMXL2,true
ALG12,true
IFIT2,true
PPM1G,true
SOGA1,true
PCDHGA3,true
FHDC1,true
FAM122B,true
MGAT4A,true
SEMA3C,true
ZNF233,true
RFX3,true
DIP2A,true
TMPRSS7,true
TRIB2,true
GALNT7,true
TPM2,true
RNASE2,true
SULT1B1,true
PLXND1,true
OR8B8,true
MYL1,true
FAAH,true
ST3GAL5,true
USH1C,true
ZBTB17,true
CCDC114,true
GPR26,true
PAQR9,true
SIPA1L2,true
GLA,true
MYO3A,true
AP1M1,true
MLH1,true
XPNPEP2,true
GCNT4,true
B3GALTL,true
BCL2L14,true
TM9SF4,true
DBX1,true
PIWIL3,true
ECI1,true
SLFNL1,true
KRT39,true
FAM98A,true
PFKFB3,true
OVOL1,true
TMEM108,true
WDR63,true
CELF3,true
GTF3C3,true
HAS3,true
ELMOD1,true
WBP1L,true
CAND2,true
ZNF614,true
ADGRL2,true
NXF1,true
DLX6,true
OXER1,true
SDHA,true
INHBB,true
DVL3,true
UNC5B,true
HSPG2,true
FCGBP,true
STX17,true
CCDC142,true
COL2A1,true
ZNF236,true
GADL1,true
ZDHHC16,true
FAT4,true
ZNF354A,true
PEX13,true
GSTCD,true
CYP2J2,true
EED,true
COL18A1,true
C1orf177,true
TEX13B,true
GRWD1,true
CTSW,true
ACBD4,true
ZNF687,true
TSC22D2,true
TRAPPC1,true
ZNF285,true
SVILP1,true
SPC25,true
MGLL,true
EBNA1BP2,true
FNDC3B,true
EPS8L3,true
KCNH8,true
DAGLB,true
CPSF3L,true
PRR14,true
MC3R,true
GINS3,true
ABCB6,true
HFE2,true
PUS10,true
REXO4,true
ATP2B3,true
F8,true
ATP11B,true
SLC5A2,true
AP1M2,true
CTIF,true
BRDT,true
KPNA3,true
PPM1J,true
LRRC36,true
TTC17,true
DDR2,true
DUOX1,true
CD46,true
ANKRA2,true
IRGC,true
UPF1,true
CTDSP2,true
RPL21P13,true
TMCC1,true
BTBD16,true
DNAH3,true
PCSK5,true
SNORD115-42,true
CD5L,true
LGR5,true
CASP8,true
C14orf159,true
MOSPD2,true
KCNRG,true
GREM2,true
GUF1,true
USP29,true
BLOC1S1,true
CCDC102B,true
FGF4,true
GPRC5B,true
AURKAIP1,true
KLF15,true
MED13L,true
BRD4,true
ZNF439,true
YARS,true
AMER1,true
FGF8,true
CEP350,true
LAMA3,true
COX11,true
FAM53A,true
EFS,true
SLC50A1,true
FASTKD2,true
NUP62,true
OR2F2,true
GRB2,true
FLG2,true
FBXL5,true
GIGYF2,true
SIX6,true
BAAT,true
DONSON,true
PIP4K2C,true
CHRDL2,true
TXNDC17,true
NAV2,true
DNM1,true
CCBE1,true
ENG,true
FCHO2,true
ENPP3,true
G6PC3,true
PHF21B,true
MRPL45,true
MUS81,true
CCL16,true
NEURL4,true
C7orf43,true
RASGRF1,true
PGBD4,true
DNAH7,true
ACRC,true
CERS6,true
KHDRBS1,true
CDH26,true
RRP8,true
LAMB3,true
OR5K1,true
RIBC2,true
SLC45A2,true
NCCRP1,true
TNRC18,true
DSEL,true
TRBV2,true
SLC13A2,true
DMD,true
KIF12,true
NPTN,true
ADCY2,true
EIF2AK4,true
QTRT1,true
BRWD1,true
RNF25,true
CELSR2,true
HSPB7,true
ETV5,true
CEP76,true
OSBPL10,true
PCDHA3,true
CACNG1,true
ATP1B3,true
PACRGL,true
FAM65C,true
ZNF667,true
IFNAR1,true
GGNBP2,true
THEMIS2,true
KRTAP10-12,true
HECW1,true
CFAP46,true
C4orf36,true
BNIP1,true
CLSTN3,true
C3orf79,true
UROC1,true
PLCH1,true
BAG1,true
C17orf50,true
NAALADL1,true
RETSAT,true
FMNL3,true
OR10H2,true
XPNPEP1,true
UTS2,true
TUBA3E,true
MRTO4,true
NOBOX,true
MAT1A,true
MS4A6A,true
NUP93,true
GABARAPL2,true
THYN1,true
ZNF846,true
FAM210B,true
CCDC40,true
GLRA2,true
NLGN2,true
RAPGEF6,true
VN2R1P,true
ALAS1,true
LRRK2,true
MICB,true
RP13-1032I1.10,true
CDH6,true
S1PR4,true
SERPING1,true
P2RY13,true
TLR7,true
TCEAL1,true
GJB5,true
CNST,true
VPRBP,true
TSPYL2,true
COLQ,true
CHST6,true
LRRC6,true
DPAGT1,true
VPS26B,true
PDHA1,true
MAP3K12,true
JMY,true
GPR161,true
IGLV3-25,true
ZNF512,true
NSD1,true
ARL6IP1,true
APAF1,true
UHRF2,true
HNRNPH2,true
ADGRG4,true
RAD54L2,true
CHP1,true
UBR4,true
EPHA2,true
C7orf26,true
MLLT3,true
GLT8D2,true
CRX,true
RBM27,true
MFGE8,true
RPS9,true
TAX1BP1,true
DSG3,true
OR4C6,true
SPACA3,true
EML4,true
SEC16B,true
HERC3,true
PTPRN,true
HSD3B2,true
DIS3L,true
CYBB,true
VIT,true
ACTBL2,true
PEBP1,true
TAF3,true
CSAG2,true
TMEM138,true
MCF2L2,true
OR52I1,true
KIR3DL3,true
SLC9A4,true
UBA6,true
BIVM-ERCC5,true
HSPH1,true
ABCC11,true
DYRK3,true
LSP1,true
ZNF821,true
PLS3,true
PPP2R5E,true
IFI44,true
SIPA1L1,true
PIWIL1,true
CCDC63,true
PDCD4,true
MCHR2,true
TOX3,true
ARHGAP9,true
SLC22A4,true
CH17-140K24.8,true
EVI2B,true
AKAP9,true
FREM1,true
SLC43A1,true
XXbac-BPG246D15.9,true
WIPF1,true
SSX7,true
PYCR2,true
PRKDC,true
CCDC57,true
PRKRIR,true
MKL2,true
KDM5D,true
MUC13,true
CRLF3,true
MOCS2,true
FBXL19,true
MSL2,true
ZC3H18,true
DSP,true
LNPEP,true
C5,true
CCDC14,true
GHSR,true
OR2V2,true
FAM46C,true
TMEM119,true
CEACAM20,true
ZNF530,true
PCDHA8,true
CIT,true
HABP2,true
HEPHL1,true
USH2A,true
STEAP1,true
SPATA31A7,true
CDS2,true
USP16,true
DPP9,true
PCDHB7,true
DDX3X,true
TMEM217,true
TXK,true
OIT3,true
EGLN2,true
NXF5,true
PIN1,true
ADAM12,true
DNAH2,true
HPR,true
STARD7,true
NPEPPS,true
SALL1,true
OSBPL3,true
CFAP221,true
WDR88,true
CEACAM5,true
ANO2,true
TBPL1,true
COL25A1,true
FAM174B,true
SETD9,true
RABGAP1,true
LMOD1,true
KNTC1,true
PTPN4,true
COL6A2,true
ZNF676,true
IMMP2L,true
RP11-113D6.10,true
BCAM,true
PSG3,true
TNIK,true
OR5C1,true
NACA2,true
GAS2L1,true
ESRRA,true
DDX10P2,true
MAST4,true
MTUS2,true
RHBDF2,true
KPRP,true
KRT19,true
GANC,true
BAZ1B,true
MGAT2,true
MRPL11,true
CD163L1,true
DNAJC12,true
CNOT10,true
MMP16,true
BCOR,true
CTTNBP2NL,true
ARFGEF1,true
PMPCB,true
LACTB2,true
SLC5A11,true
KCNA5,true
FAXDC2,true
MASP1,true
SLC37A1,true
TUBG2,true
NBEAL2,true
TBX20,true
KBTBD3,true
PPP1R15A,true
MYO1B,true
SEPT3,true
TAS2R5,true
CYP2E1,true
AJUBA,true
OMA1,true
CYFIP1,true
TMSB15A,true
VRTN,true
PEX1,true
SGCD,true
SLC23A1,true
CDK14,true
TBC1D2,true
BCL7C,true
RIOK3,true
NLRP14,true
ZBTB32,true
RP11-24M17.5,true
TMPRSS9,true
ADNP,true
PRAMEF18,true
SIPA1L3,true
LRP5L,true
SAMD9,true
DCTN3,true
HTT,true
C20orf196,true
CTSG,true
CDK4,true
SNORD115-8,true
SHPK,true
TBL2,true
CTD-2012J19.3,true
ST8SIA4,true
C11orf84,true
FAM171B,true
CCDC18,true
TMEM110-MUSTN1,true
FGF11,true
SP100,true
CASP5,true
ACSS1,true
GLRX5,true
CTPS1,true
RARG,true
ZNF491,true
CDC42BPA,true
TACC2,true
CTSA,true
PSG10P,true
STK32A,true
GRM3,true
RGL2,true
IGKV2-26,true
ACHE,true
ASB10,true
RPS4X,true
GBA2,true
IFITM3,true
DCAF12,true
MX2,true
TRIM48,true
MLPH,true
FAM45A,true
KLHL12,true
MYB,true
BCR,true
DUOX2,true
GRIK2,true
PDE5A,true
ATPAF2,true
PEAK1,true
TVP23B,true
EP400,true
RUVBL1,true
LINGO2,true
ZNF250,true
MST1R,true
FANCA,true
ITGA5,true
PLEKHG4B,true
HELLPAR,true
DNAI1,true
SAP30BP,true
C4orf17,true
WDTC1,true
CNTNAP2,true
ZBED6CL,true
RANBP6,true
AKR1C8P,true
GLI3,true
CD1B,true
IRF3,true
GPBAR1,true
CCT4,true
ERCC6,true
HEATR5A,true
ASTE1,true
SHARPIN,true
RBMY1A1,true
VPS25,true
RP11-407N17.3,true
DNTT,true
CBX3,true
ITGAL,true
EIF3E,true
ILF3,true
SAP30,true
MCCC2,true
SRPX,true
GTF2H4,true
KCTD13,true
DSG1,true
CASP3,true
GP1BA,true
TGM4,true
CAMK2N1,true
BRCA2,true
NHSL2,true
ZNF205,true
ZNF717,true
C8orf34,true
MBL1P,true
SLC8A2,true
FLG,true
CHSY1,true
MYH7B,true
ZNF860,true
DHX57,true
ZYX,true
ZNF730,true
ABCF2,true
AVIL,true
TYR,true
CHEK1,true
BAGE2,true
EIF3F,true
ABCA12,true
OR56B1,true
IQCB1,true
SF3B5,true
NLRP9,true
NPAP1,true
MOCOS,true
FAM58DP,true
CWC25,true
ACP1,true
C10orf76,true
KCNK18,true
DCAF6,true
CCZ1,true
PAX7,true
TIMM10,true
NUP98,true
ALDH3B1,true
GPR88,true
CRELD1,true
LMBR1L,true
OR8H2,true
CREBBP,true
EXT1,true
CACNA1D,true
SERPINA5,true
PDC,true
BTBD10,true
KCNT1,true
CA9,true
OR11G2,true
WNT4,true
TMEM131,true
RPP38,true
LRP1,true
RPL29,true
TRO,true
ZFY,true
ANKH,true
OSMR,true
DRD5P1,true
SPIN3,true
TIGD2,true
ABI2,true
BAIAP2L1,true
PITPNM2,true
TULP1,true
ZNF432,true
IGKC,true
MAGED1,true
SMAD4,true
TTLL9,true
RTBDN,true
PPP1R10,true
RP11-8J23.1,true
LINC00632,true
RFWD3,true
CHRNB3,true
BRWD3,true
FGFR1OP,true
SYT11,true
ZNF311,true
ZNF597,true
STAT4,true
TBC1D4,true
KLHL18,true
NLGN3,true
ZNF816,true
OR4A15,true
OR6F1,true
APOA1BP,true
HAT1,true
MCHR1,true
WDR82,true
OTUD4,true
TNNC2,true
INTS4P2,true
KIF13B,true
LILRB2,true
WDR64,true
C19orf44,true
SPNS3,true
MAP1B,true
WDR20,true
RIMS2,true
FKBP9,true
SMC3,true
ZNF547,true
ELAVL4,true
HOXA4,true
N4BP2,true
ADGRB2,true
KRT82,true
AKAP3,true
CDHR5,true
CPEB4,true
EPHX3,true
PCDHGB5,true
TREML1,true
RLN3,true
TRAK2,true
NANOS3,true
SLC16A1,true
PCDHB10,true
ARID1B,true
ZFP57,true
COL9A3,true
FLII,true
IPO4,true
SLC25A25,true
RPLP0,true
ARHGEF1,true
DENND5B,true
NEK9,true
NTN4,true
SLC34A2,true
ST3GAL3,true
DUSP26,true
CSDE1,true
CXorf66,true
RP11-32B5.8,true
OR4P4,true
TXLNG,true
TCF20,true
MEN1,true
GPC4,true
ZNF780A,true
SLK,true
SP6,true
C12orf10,true
UPP2,true
COL8A2,true
SUMO2,true
KRT74,true
TAGAP,true
MYO18A,true
ZRANB2,true
MKNK1,true
DHX29,true
KHDC3L,true
PLEKHA5,true
SLC9A5,true
PSMC5,true
ASPM,true
KRBOX4,true
SYNDIG1,true
PRKCQ,true
CCNYL1,true
KIAA0430,true
SLC38A6,true
CDH1,true
XRCC6P1,true
SLC35F4,true
TUBA1A,true
SPDYE2B,true
TDG,true
PI15,true
AC015849.16,true
BMP1,true
PIAS1,true
TYW1,true
ASCC3,true
WNT10A,true
ADORA2B,true
MAP6,true
KLHL2,true
HIVEP1,true
ZNF776,true
CMIP,true
TSHR,true
EPB41L4A,true
FGD2,true
IGKV5-2,true
DPYSL5,true
AKAP12,true
NAAA,true
ROPN1,true
CEACAM21,true
ITPR2,true
PRKCH,true
RALGAPA2,true
MPI,true
ZNF836,true
PANX3,true
ZNF808,true
SLC16A13,true
F2RL1,true
CCDC77,true
UGT1A5,true
TEX11,true
TAS1R1,true
ULBP1,true
AHSG,true
CTNND1,true
BTBD1,true
BANF2,true
AFF1,true
CGN,true
MBD4,true
DMKN,true
ALDH7A1,true
FZD3,true
UBBP4,true
EXOSC3,true
ANKRD33,true
GPR137,true
ACE,true
ECHDC3,true
DHTKD1,true
DOCK4,true
ABCA6,true
SYNGR1,true
PDE10A,true
MYH2,true
RFXANK,true
DNMT3A,true
TMEM26,true
MMP27,true
POU2AF1,true
TLR5,true
MAPKAPK2,true
EIF2AK1,true
HGD,true
ZNF765,true
ARHGAP35,true
MSS51,true
LDHB,true
ANKRD42,true
SLC35G3,true
ERI3,true
ARL3,true
DLG3,true
TNPO2,true
XPR1,true
RPA4,true
FKBP10,true
TMPRSS12,true
ZKSCAN3,true
TFRC,true
AP4B1,true
BMP6,true
NCKAP5L,true
PIK3CB,true
CCDC69,true
TFDP3,true
SYAP1,true
UBXN11,true
MED29,true
C6orf118,true
FANCB,true
GON4L,true
STRN4,true
NFYC,true
RGS4,true
TNFSF8,true
KIAA1958,true
KRTAP5-7,true
YBX2,true
LOXL2,true
PTPN11,true
IL1RL2,true
ZFP30,true
RAD50,true
TAS2R3,true
KCNMB1,true
KCNU1,true
CSTF2T,true
PRDM9,true
DHPS,true
CCDC7,true
HMGN4,true
CR2,true
GUCY2C,true
SRSF4,true
ZDHHC14,true
CSF1,true
UBR1,true
C17orf70,true
LDLRAD3,true
LEPROTL1,true
METTL7A,true
NABP2,true
ZNF101,true
UBR5,true
DKC1,true
DNPH1,true
GEMIN4,true
ACSF3,true
CDC16,true
LINC01500,true
KRT23,true
E2F8,true
HIST1H1A,true
G6PD,true
RNF10,true
TRIM41,true
DMTF1,true
COLEC12,true
COL19A1,true
DCAF8,true
MYOC,true
PLA2G2A,true
SCML4,true
NUPL2,true
AQP7,true
BUB1B,true
CLCA2,true
PPP2R2A,true
SNCAIP,true
DDX39B,true
TLE1,true
CCDC84,true
ELF4,true
RPN2,true
TMEM102,true
TMEM180,true
PSPC1,true
HOMER1,true
ABHD4,true
GIMAP4,true
TUBB3,true
RP4-604G5.3,true
TUFM,true
MUC17,true
FEZF2,true
TICAM1,true
FAM189A1,true
ERCC1,true
LPAR2,true
RP13-104F24.2,true
SCIMP,true
EFHC2,true
ZSCAN20,true
DGKG,true
GUCA1C,true
NPAS4,true
WBSCR22,true
VPS4A,true
KRT7,true
KPNA5,true
CSGALNACT1,true
TRBV4-1,true
GMCL1P1,true
HYOU1,true
TPM3,true
GJA4,true
USP19,true
DDX5,true
RPS3A,true
PROSER3,true
C11orf52,true
SRRM1,true
IGF2,true
SYTL2,true
GSTM2,true
PDGFD,true
SLC29A2,true
CPLX4,true
UMOD,true
CLEC16A,true
CYP4A22,true
SLC7A8,true
KIF21A,true
GNB3,true
RAB32,true
PTCD1,true
SLC22A17,true
PQLC2L,true
DSC1,true
SRFBP1,true
KDM4D,true
ADGRB3,true
RTL1,true
WDR5B,true
DGKI,true
TRPS1,true
TLR8,true
DAG1,true
COL12A1,true
ZNF133,true
PCDH12,true
TLR4,true
SCGN,true
HAVCR1,true
LSM4,true
SIDT2,true
TMEM71,true
FBXL2,true
FIGNL1,true
TBX19,true
AK9,true
MYOT,true
CD48,true
ABCG5,true
IGF2BP3,true
CASC3,true
PANX1,true
GFPT2,true
EXPH5,true
SPON1,true
FYCO1,true
SHC1,true
CRHBP,true
AHNAK2,true
ERCC6L,true
KCNB1,true
PDLIM7,true
GCN1L1,true
GSN,true
ROR2,true
MOAP1,true
KDM3A,true
ANXA7,true
TBX4,true
PDE4DIP,true
PRDM1,true
TEX261,true
CYP4F8,true
LEP,true
CYP2F1,true
CAMK1,true
SEPT11,true
ZBTB12,true
ADAM19,true
FGGY,true
CELSR1,true
SCN2A,true
RPL35P4,true
RITA1,true
FREM2,true
MNAT1,true
RP11-71H17.7,true
NR1D2,true
TFEB,true
ZNF527,true
SLC35G6,true
FASTKD3,true
LRRN2,true
FAM122A,true
HSPA12B,true
SECISBP2L,true
ZNF511,true
USPL1,true
ITGAD,true
OR8G1,true
P3H1,true
CACNA1B,true
AFG3L2,true
FNIP1,true
MYOM2,true
ADAT1,true
ZUFSP,true
RET,true
STOX1,true
RP11-395E19.2,true
HNRNPF,true
UBR3,true
GCM2,true
DPP10,true
RIMKLA,true
PREX2,true
PIBF1,true
MAGEB10,true
TNK2,true
SDC1,true
TUBD1,true
CETP,true
TADA3,true
TMEM202,true
INPP4B,true
GPKOW,true
SKP1,true
EP300,true
HERC2,true
C5orf24,true
TUSC3,true
MYBBP1A,true
NMT1,true
SULF1,true
PRPF19,true
ANKHD1-EIF4EBP3,true
TP63,true
CECR1,true
MRPL43,true
FANCD2OS,true
HRNR,true
RIC8B,true
ATL1,true
HUNK,true
KRBA2,true
SMC1B,true
LHFPL5,true
TNFAIP6,true
CTD-3074O7.11,true
ASAP1,true
FABP6,true
FAM160A2,true
BBS5,true
SEC14L3,true
DPYSL2,true
CCS,true
PLD1,true
CACNA1F,true
INTU,true
KRT33A,true
TMEM14B,true
MCOLN2,true
KIT,true
UBAP2L,true
GRIK4,true
SLC12A3,true
AP3S1,true
PIGU,true
WDR13,true
TM7SF3,true
RXRB,true
C1orf210,true
CAMKK2,true
PRAMEF1,true
POU2F1,true
HPSE2,true
LEMD2,true
UNC13C,true
KIR3DX1,true
ELP2,true
SERPINE1,true
ROBO3,true
NDUFB5,true
ASMT,true
HIPK1,true
SPARCL1,true
NLRP3,true
VPS28,true
SLC22A10,true
LDLRAD4,true
MTF2,true
SLC6A6,true
LRIF1,true
TAS2R16,true
SLC16A12,true
TSKU,true
RARS,true
XPO1,true
RAP1GDS1,true
LASP1,true
C17orf104,true
S1PR1,true
TMIGD2,true
RP11-240B13.2,true
NEDD4L,true
SLA2,true
REV3L,true
APOA5,true
MYO1D,true
EIF5B,true
OR2M3,true
UNC5CL,true
SYMPK,true
PROSER1,true
NMRAL1,true
ABCB9,true
LARP1,true
OR10Q1,true
UBE2C,true
SETD1A,true
PKD1L2,true
MAP10,true
LMAN1L,true
SP1,true
CCNA1,true
TF,true
PTX4,true
ADAMTS1,true
RPUSD4,true
GDPD3,true
KIF22,true
NAGPA,true
SH3TC2,true
EFCAB11,true
NF1P2,true
FOXJ3,true
CSMD3,true
DDAH2,true
PRMT9,true
AADAC,true
KPNB1,true
ZNF334,true
FRYL,true
SPATA31D1,true
ST14,true
HOXC4,true
SIGLEC6,true
GPRC6A,true
C1orf27,true
C2,true
WNT5B,true
KRIT1,true
CYP27B1,true
SESN2,true
MRPL14,true
LAMC1,true
HPN,true
FAM192A,true
PLCG2,true
YPEL2,true
SLC28A3,true
TNC,true
GZMB,true
CSRNP2,true
ADCY1,true
BIN2,true
APMAP,true
AKAP1,true
WDR93,true
CLEC4F,true
ECM2,true
PPP1R15B,true
RELT,true
BCL9,true
HCAR2,true
KRT2,true
ERF,true
FOLR3,true
MLXIP,true
RFX4,true
IRF9,true
ZNF208,true
DNMBP,true
PKNOX1,true
CPM,true
PSMD11,true
CARD8,true
FOXP4,true
HELLS,true
RHOQ,true
MYOZ1,true
ASH1L,true
SBDS,true
ZSCAN10,true
SH2B2,true
EOGT,true
ATRAID,true
ZNF91,true
VAPB,true
CCL11,true
PPP1CB,true
RBM11,true
ZNF395,true
NUFIP1,true
NBPF3,true
OR13H1,true
ARMT1,true
SYT16,true
P2RX7,true
MMD2,true
BDP1,true
POLA2,true
ABCA3,true
IPO11,true
ZNF630,true
DSN1,true
NOL6,true
PCDHB6,true
KLRC4-KLRK1,true
KRTAP10-8,true
ATP5H,true
SDK2,true
CLN3,true
SLIT1,true
XIAP,true
RUNX1,true
INTS4P1,true
GPX2,true
DDX4,true
AKR1A1,true
CHML,true
SFMBT2,true
CRTAC1,true
RBBP6,true
SLCO1B1,true
OLFML3,true
HAVCR2,true
MTMR3,true
SHROOM2,true
ACACB,true
GPR55,true
AAR2,true
C9orf72,true
SLC23A2,true
ACTG2,true
COL7A1,true
CEP85,true
LCE3A,true
ZNF221,true
LSM14A,true
KLB,true
LINC00654,true
GALNT8,true
UBXN1,true
PTPN12,true
HADHA,true
STOM,true
PHF8,true
ZNF737,true
ZCCHC18,true
RBM12B,true
ALG13,true
OR2L13,true
SPATA7,true
TMEM205,true
SENP7,true
NUP85,true
CLDN8,true
PHYH,true
GOLGA4,true
MAMLD1,true
CBLC,true
USP9X,true
DDX60L,true
MOCS3,true
KIF27,true
PHC1P1,true
MEGF10,true
MID2,true
CCL17,true
MYO5A,true
JAG1,true
NRXN1,true
OR1L6,true
TRPV4,true
SLITRK3,true
C16orf46,true
CCR8,true
GPM6B,true
SCRN3,true
RP9,true
IQCD,true
SOX30,true
ZNF367,true
LINC00477,true
PSMD2,true
PCID2,true
TMEM150A,true
SLC26A6,true
TMEM31,true
TMEM5,true
GBP4,true
ARL9,true
MSRB1,true
RSAD2,true
ATP6V0A2,true
RP11-545J16.1,true
OR3A2,true
SLC16A7,true
PCLO,true
HNRNPK,true
LIPH,true
VAV1,true
GOLGA8N,true
SFRP4,true
WWTR1,true
BAZ1A,true
ACAT1,true
KRT83,true
ACTL9,true
DCLK1,true
NBAS,true
FAM179A,true
YAE1D1,true
GNL3,true
ZSCAN31,true
CHRNB2,true
TRIM60,true
PKDREJ,true
MEF2D,true
SLC35G2,true
VSIG4,true
DIAPH2,true
RABGAP1L,true
DOK2,true
ZIM2,true
IAH1,true
ZNF592,true
CLEC2D,true
MED13,true
SYT17,true
BTD,true
NEURL1,true
C17orf107,true
CDH13,true
PROX1,true
TSC1,true
PPP1R36,true
OXR1,true
MON2,true
SPATA21,true
PDGFRA,true
KRTAP5-9,true
MRE11A,true
CS,true
UBAP2,true
TPST1,true
FAM89B,true
FUT2,true
FOXRED1,true
TIE1,true
AMY2B,true
AGXT2,true
H1FOO,true
ATP8B2,true
PAPPA2,true
MED28,true
SLC35F3,true
DRD1,true
SPN,true
ADAMTS18,true
FBP2,true
TCF7L2,true
UBQLN3,true
ARHGEF18,true
ZBTB7C,true
FOXM1,true
ZSWIM6,true
ASB15,true
LRBA,true
IDH1,true
TMEM18,true
GART,true
NRN1,true
MMEL1,true
SLC25A3,true
SNORD115-3,true
CYP26B1,true
ASB4,true
CD14,true
SUDS3,true
XRCC1,true
MGST3,true
TFR2,true
SERAC1,true
OLFM3,true
SARDH,true
GML,true
PRPF18,true
SEMA5B,true
SRPK2,true
ZNF552,true
NBPF12,true
KTN1,true
CHD3,true
TTN,true
ARMC4,true
DAAM1,true
CSTF3,true
FBXO40,true
FXYD3,true
NAALADL2,true
SUPT6H,true
CCDC183,true
DOCK7,true
ZNRF4,true
KANSL3,true
SERPINA12,true
AGL,true
MMD,true
SNX11,true
CXorf58,true
LAMB2,true
GS1-124K5.12,true
RPL4,true
OR6T1,true
PDGFRB,true
ZNF585A,true
ZC3H12A,true
PLXNA2,true
COPS7A,true
MFSD6,true
AQR,true
CYP2B7P,true
ALCAM,true
NRXN3,true
GFRA2,true
CTNNA2,true
TSR1,true
LPL,true
PPP1R7,true
POLG,true
DNAH10,true
CXCL16,true
DNAJC2,true
TTBK1,true
SPTLC3,true
EXOC4,true
CLTC,true
CCDC136,true
UNC5A,true
GTF2IRD2P1,true
FAM188B,true
KIF4B,true
ARMC7,true
CHRNB4,true
ARFGEF2,true
ELOVL1,true
EXOC3L1,true
LRRC23,true
PCNXL4,true
GLOD5,true
ZNF878,true
FUT8,true
IZUMO1R,true
RRBP1,true
TRIM4,true
CARD11,true
CPSF1,true
SMC6,true
PCDHA2,true
RGS16,true
GLIPR1,true
ZNF562,true
GEMIN5,true
OR9Q1,true
NCF1,true
OR52K2,true
WWP2,true
AOC4P,true
TRIM28,true
CP,true
PCDHB15,true
ANKRD12,true
DENND2D,true
SC5D,true
OCEL1,true
DPY19L1,true
RUSC2,true
TSEN34,true
NDST4,true
MAP3K4,true
OR4D8P,true
RP11-396K3.1,true
C4orf3,true
CALR,true
ATN1,true
PKP1,true
CPNE3,true
PTCD2,true
SAMD8,true
CXCR2P1,true
SPATA31D5P,true
SRSF2,true
GSTM4,true
PDE6C,true
THEMIS,true
ZNF845,true
MDM2,true
SCN7A,true
TAS2R1,true
SLC35E2B,true
STON2,true
DLEC1,true
FBP1,true
PLCD4,true
FSD1,true
SEC24C,true
GAL3ST2,true
STX7,true
SASH1,true
CAMTA1,true
KLRB1,true
IFNE,true
ANKK1,true
SLC22A7,true
CD37,true
BCAN,true
TTLL2,true
HECTD2,true
KIAA1549L,true
CDH20,true
ZSCAN21,true
GAB3,true
BFSP1,true
ZEB2,true
NANS,true
STRN,true
FANCC,true
COBL,true
IFT80,true
NCBP1,true
RNASE13,true
RAVER2,true
TGFBI,true
NAPSA,true
SPARC,true
L3MBTL1,true
SORT1,true
FRMD8,true
MARCKS,true
ARF1,true
KLF5,true
ACOT7,true
SLC4A10,true
CNKSR1,true
SCAF1,true
BOD1L1,true
NEK3,true
CHST15,true
GLMP,true
C15orf57,true
BANK1,true
IL16,true
NUMBL,true
RP11-651P23.5,true
PCDHA5,true
SUN1,true
LRRC37A4P,true
IFNLR1,true
SYNPO2L,true
S100A7L2,true
NPM3,true
TMEM132B,true
GRAMD1A,true
ACVR1B,true
AHI1,true
RIT1,true
SRY,true
RBM47,true
PAPSS1,true
GPR3,true
ANKFN1,true
ADGRF2,true
DCAF5,true
ORC5,true
SERPINE3,true
MMS19,true
ADCK3,true
C1orf56,true
U2AF2,true
TDRD10,true
SLC2A11,true
TRIP11,true
PABPC1,true
TMEM8B,true
IGF1R,true
DNAJC5,true
ZNF99,true
TIMP1,true
TRIM69,true
CLDN11,true
SPG20,true
ATOH1,true
ABCB1,true
SH2B3,true
FAM47B,true
BTBD7,true
IGKV1-27,true
GALNT14,true
ARID4B,true
ZNF385B,true
SMAP1,true
RNF157,true
CH25H,true
CACNG7,true
ZNF33B,true
LAMP2,true
CHN2,true
HEMGN,true
REL,true
IGKV1-8,true
RGS2,true
IGLV2-14,true
PRKD1,true
PDE9A,true
MAPK13,true
GOLGA6L5P,true
IL17RE,true
NELL2,true
REG4,true
SERPINF2,true
UNC79,true
SNX17,true
OR7D2,true
SKA3,true
FAM178A,true
SEPT6,true
FPGT-TNNI3K,true
A2M,true
FBXO30,true
MCM8,true
ALAS2,true
CNNM2,true
NOS2,true
PAM,true
RCC2,true
PAN2,true
OR8J3,true
CELA1,true
TBC1D3B,true
SLC13A5,true
HSD17B1,true
MDS2,true
CRYZL1,true
RNF220,true
SLC22A16,true
KLHL4,true
TRA2B,true
GPAM,true
AIM1L,true
TPH2,true
DPYSL3,true
KRTAP5-10,true
CNTNAP4,true
TNFAIP8,true
ZNF473,true
IL20RA,true
HTR6,true
SCFD2,true
PDAP1,true
PKP2,true
TRIM47,true
PLEKHO1,true
OR51S1,true
TNPO3,true
ZNF81,true
LEFTY2,true
TARS2,true
RAPGEF2,true
EFCAB5,true
ANKRD13C,true
CNOT6,true
CACNA1S,true
ENTPD6,true
PAPL,true
DIS3,true
INPP5J,true
NCAM2,true
PAH,true
RYR1,true
MOG,true
IPO7,true
MCTP2,true
LIMD1,true
MLLT4,true
BTN2A2,true
RAI2,true
KDM5B,true
NAA35,true
C5orf56,true
QARS,true
SERPINB7,true
TBC1D8,true
SPAG1,true
HS3ST1,true
PRPF40A,true
ETV2,true
ANK3,true
IQSEC2,true
UBE3C,true
KRAS,true
TMTC1,true
DCTD,true
FLYWCH1,true
SLC24A1,true
TAZ,true
PI4KB,true
CAPN3,true
KCNG3,true
DCAF12L1,true
MYOCD,true
CLPX,true
STARD13,true
ZDHHC23,true
CASP10,true
SLITRK4,true
NUP133,true
VPS13A,true
KCTD18,true
LPO,true
OR5W2,true
TMEM230,true
MTERF3,true
YIPF3,true
COBLL1,true
ST18,true
LIN54,true
ZNF174,true
PGBD1,true
SLC16A9,true
CDH17,true
CPA3,true
MIIP,true
TMEM147,true
KIAA1429,true
CYP4F3,true
TMEM225,true
HDX,true
PRKD3,true
RNF182,true
NINL,true
PCNT,true
CXCR1,true
PHKG1,true
EHD2,true
ALS2,true
WDR91,true
PCDHB16,true
PTPRG,true
FAM83D,true
TTLL7,true
FAM71A,true
GRIK3,true
NKX2-2,true
SCN11A,true
TUBA3C,true
SYT9,true
IDE,true
SPATA16,true
CFH,true
LRRN3,true
STXBP3,true
RP11-295P9.3,true
TFAM,true
AXDND1,true
ZNF485,true
EVX2,true
CGGBP1,true
FLNC,true
TTC30A,true
LAMC3,true
RPL6,true
FBXO46,true
CD74,true
EZR,true
CTC1,true
AWAT1,true
C1orf74,true
ISCA2,true
GNAO1,true
KLHL13,true
CPXM2,true
NIFK,true
FBXO43,true
IMPG1,true
AMZ1,true
KIAA0020,true
ADAM9,true
CCR10,true
AMDHD2,true
PLEKHG6,true
AGAP5,true
XIRP2,true
AKAP6,true
RBM41,true
ICK,true
OTP,true
FBXO31,true
PPM1L,true
WNK4,true
KCNE3,true
TRABD2A,true
ARHGEF11,true
PRL,true
HRC,true
GPS2,true
GCM1,true
GRIN2D,true
HPS5,true
LPCAT3,true
MFSD2B,true
RNFT1,true
UBN1,true
ASXL2,true
MXRA5,true
RP13-140E4.1,true
GRAMD3,true
USP49,true
TANC1,true
IL31RA,true
GRK5,true
UBP1,true
NPTXR,true
SIGLEC5,true
XIRP1,true
IFT27,true
PLCXD2,true
ARHGEF5,true
ENTPD1,true
MYL9,true
C2CD3,true
DND1,true
KRTAP9-3,true
TLR9,true
SYT5,true
CATSPER4,true
NDST2,true
MUC5AC,true
SETDB1,true
GTF2B,true
ZBTB7B,true
NLRP2,true
PKN3,true
ACVR2A,true
FAM169B,true
IGHV3-53,true
MEFV,true
PES1,true
ADGRA3,true
CECR2,true
RASA3,true
GRK7,true
RBPJ,true
SLAMF8,true
ZNF420,true
OR10AD1,true
DDX23,true
QSER1,true
KRR1,true
ZNF548,true
MSI1,true
MUSK,true
PSMC6,true
NRG3,true
ZNF761,true
WDR77,true
SHB,true
ARHGEF3,true
CHCHD2,true
AUP1,true
KRT79,true
SLC25A15,true
NDRG2,true
SH2B1,true
GLIS1,true
PLEKHA7,true
RWDD4,true
DIO2,true
FAM87A,true
MRPL51,true
EXOC7,true
ADGRG2,true
DBX2,true
FAT3,true
MIA,true
PPP3CA,true
GFAP,true
ABCC9,true
L3MBTL3,true
PLAGL1,true
TNFSF14,true
EZH1,true
CIRBP,true
PAX5,true
NBPF25P,true
GLTSCR1,true
CYBRD1,true
TEX15,true
KIAA1549,true
SYBU,true
PLEKHH1,true
POP1,true
CD3G,true
CETN3,true
ATAT1,true
THAP4,true
APP,true
GPD2,true
TCHP,true
SAMD9L,true
SIGLEC1,true
HNMT,true
CISD1,true
KRTAP19-5,true
RIBC1,true
RRM1,true
IQGAP2,true
PALB2,true
FAM83A,true
CYP3A7,true
BMP2K,true
FAM181A,true
COL28A1,true
AFAP1L1,true
HDGF,true
NFIC,true
RP11-114H24.7,true
PDZRN3,true
TCAF2,true
TTI1,true
PLEKHG2,true
ALDH3A1,true
OR5AR1,true
LRRC1,true
ZNF3,true
SAR1A,true
ALPK2,true
MAP2,true
PRRC2C,true
PALM2-AKAP2,true
STOML1,true
FUS,true
PTPRH,true
ADGRA2,true
CST2,true
CD70,true
ARMC3,true
SFXN1,true
SLC35G1,true
HOGA1,true
HPS6,true
EIF2B4,true
KLHL31,true
FBN1,true
ERC1,true
SEL1L2,true
BCHE,true
NUGGC,true
ZNF280A,true
FAM46B,true
FCRL5,true
TRAM2,true
TCFL5,true
NFE2L2,true
SFI1,true
SLITRK2,true
TAF5L,true
OR51L1,true
ZNF564,true
OR13C4,true
STK36,true
KRT37,true
ARMCX1,true
NEDD8,true
WNK3,true
EVC2,true
LRFN3,true
CYP2C8,true
ADAR,true
CXCR6,true
ACKR2,true
KAT6A,true
ACO1,true
ZNF770,true
AK8,true
CIART,true
RNF217,true
PRKG1,true
IDH2,true
GPHB5,true
CAMK1G,true
COL27A1,true
ZACN,true
MAPKBP1,true
ABHD14A-ACY1,true
CAMK4,true
SPPL2C,true
NFX1,true
PLXNB1,true
IFT140,true
MAGEC3,true
RPS12P23,true
ICE1,true
ZNF471,true
NPR1,true
C3P1,true
KAT7,true
CRNN,true
LIPT1,true
BDH1,true
MFSD5,true
IPO8,true
DPY19L2P2,true
RUNX1T1,true
SORCS3,true
BLOC1S5-TXNDC5,true
ZNF629,true
HNRNPLL,true
LATS2,true
NPFFR1,true
TTBK2,true
CHRD,true
ARV1,true
GUCY2D,true
OLFML1,true
UGGT2,true
HERC2P2,true
TMEM56,true
ZNF449,true
MCRS1,true
SLFN5,true
COASY,true
POC1B-GALNT4,true
KIAA1109,true
DOCK1,true
TAS2R41,true
ADCY6,true
IMMT,true
SEMA4F,true
WDFY4,true
LCP2,true
PPAP2A,true
KHK,true
MDGA2,true
SLC15A1,true
IGHG2,true
SOCS4,true
B4GALNT3,true
BARHL2,true
RBM44,true
CYP11A1,true
MEF2A,true
SLC25A30,true
ZNF280B,true
FMN1,true
VASH2,true
SLC25A35,true
NMUR2,true
NIPBL,true
FLT3,true
ZNF83,true
GPRC5C,true
ATP2A2,true
ETV3,true
KDM7A,true
TLR6,true
GSTA4,true
CD47,true
HDAC4,true
TOE1,true
LRP5,true
AC016629.3,true
NR2E3,true
CCNF,true
DTNBP1,true
ZNF611,true
PPIP5K1,true
AC005863.1,true
RP11-23J9.4,true
PPWD1,true
DARS2,true
MEX3B,true
SRPX2,true
PASK,true
OAT,true
KCNN3,true
AC092017.1,true
NSUN2,true
USP32P3,true
KIF5A,true
LRRC8D,true
IL6R,true
WLS,true
DACH2,true
IRX6,true
TTL,true
SSPO,true
ITGAV,true
CREB3L2,true
DAB2,true
ZCCHC7,true
CHUK,true
SLC26A9,true
SCRT2,true
PUS3,true
USP6NL,true
ASUN,true
ANKRD55,true
XIST,true
ZC3H7B,true
USP6,true
MICALL1,true
ZZZ3,true
CCDC8,true
LENG1,true
CYP26A1,true
KIAA0922,true
UVRAG,true
HTR3E,true
ZCCHC11,true
ZMYND11,true
GAB4,true
CKMT2,true
LHFP,true
ZBTB11,true
DDX53,true
SLC5A5,true
SLC6A3,true
PARP12,true
GXYLT1,true
ESPL1,true
TRPC3,true
SOX15,true
OR10A5,true
ZNF551,true
DEDD,true
ILK,true
NUP188,true
NUP210,true
TFIP11,true
ERICH6,true
TCERG1L,true
HEXIM1,true
FARP2,true
HUWE1,true
LRRC16B,true
ZNF484,true
LILRA2,true
GRID1,true
H3F3A,true
TMCO3,true
APLP2,true
NCAM1,true
TRIM35,true
PCNPP4,true
TTC37,true
LRCH2,true
GTF2IRD2B,true
ZNF461,true
VILL,true
AOAH,true
ZNF732,true
AP1G2,true
FAM65A,true
RP11-108O10.8,true
NUP214,true
TOP1,true
ZNF702P,true
OR11H12,true
THY1,true
TRAJ27,true
WSCD1,true
NR2C2,true
PCDHB8,true
PCDH19,true
NELL1,true
DZIP1L,true
PLEKHG1,true
NF2,true
ILF2,true
B3GNT5,true
RAD21,true
ZFC3H1,true
TAPBP,true
ADGRF4,true
CEP70,true
HCK,true
CHM,true
UBA1,true
ILDR1,true
CSPG5,true
SUMF2,true
TNNT1,true
UBQLNL,true
CYC1,true
PHACTR1,true
PLCD1,true
RGL3,true
PCDHGA5,true
UBN2,true
SLAMF9,true
N6AMT2,true
HSP90AB2P,true
SCN10A,true
MYO1C,true
TMEM41A,true
ZBTB44,true
MRPL30,true
PLA2G6,true
TSKS,true
LRRIQ4,true
TGM5,true
TEX35,true
GANAB,true
HEATR5B,true
CLEC12B,true
ZNF263,true
GOT2,true
ZNF106,true
KRTAP23-1,true
ITIH2,true
ABHD16A,true
OTUD7B,true
SCN9A,true
CASQ1,true
C7orf31,true
FAM13B,true
SERPINA10,true
MAGEB16,true
CSNK2A2,true
SMG1P7,true
ANKS6,true
CLDN14,true
PLEC,true
ICT1,true
FKBP1B,true
GPATCH8,true
ADGRF3,true
MTRNR2L6,true
INPP4A,true
TJP3,true
ABCG8,true
PCDHGB6,true
KIF14,true
PCDHA6,true
GUCA2B,true
OGDHL,true
TEX2,true
AGPAT6,true
UBE2H,true
PHF19,true
TRPV6,true
IVNS1ABP,true
TXNIP,true
TBX6,true
DOCK9,true
ZNF217,true
PKP4,true
IP6K3,true
DDX50,true
HK3,true
ZC3H15,true
AVL9,true
JAKMIP2,true
RFX6,true
MYCL,true
PDP2,true
RASGRF2,true
RMDN1,true
TARBP2,true
MYCBP,true
KDM2A,true
RNU7-115P,true
HOXA2,true
RASGRP2,true
CDC42,true
RADIL,true
TTC14,true
GRIN2C,true
INTS5,true
NDUFS1,true
KIAA1257,true
ICAM3,true
BNC2,true
CHST9,true
COL6A3,true
AIM1,true
ZNF75D,true
TMEM50A,true
TMEM251,true
ZSCAN32,true
CX3CR1,true
CDKL3,true
VWA8,true
GIT2,true
CMTR2,true
CALR3,true
GCK,true
SERPINA9,true
CACNB2,true
TRPV5,true
HINT3,true
C17orf97,true
ITGB5,true
PSEN2,true
CARKD,true
SMC1A,true
CCDC66,true
RAB38,true
TPH1,true
PSG11,true
ZNF573,true
AGBL1,true
RBFA,true
ATR,true
CCDC141,true
EZH2,true
SNED1,true
OR10H1,true
UNC13A,true
NISCH,true
BCL7A,true
F11R,true
GPRC5D,true
CAPN2,true
TMED9,true
RACGAP1,true
PIP5K1A,true
ZNF350,true
DAXX,true
VCAN,true
SETD5,true
PCYOX1L,true
ABHD2,true
BTNL8,true
SLC13A4,true
SUFU,true
OBSL1,true
GAPVD1,true
ANAPC7,true
C7orf57,true
SNX33,true
PCDHGC5,true
SPESP1,true
B4GALT3,true
PAMR1,true
ZSWIM8,true
TBC1D23,true
TMEM2,true
ARHGAP5,true
ANXA13,true
KMT2A,true
TNRC6A,true
OR52E4,true
SH3BP4,true
WDR73,true
ANLN,true
ZNF518B,true
TRIM13,true
SLC39A2,true
GRXCR1,true
DOCK11,true
CFAP54,true
OTOF,true
LEMD3,true
ZNF639,true
XKR6,true
OR4M1,true
RIPPLY1,true
SALL3,true
SLC27A3,true
CCDC184,true
CRB1,true
TRIM45,true
RP1-19N1.1,true
ZMYM1,true
ITGAE,true
RAG2,true
PABPC1P2,true
CLIC5,true
CATSPER3,true
MATK,true
TYRP1,true
PCDH1,true
TP53BP1,true
SEMG2,true
TLR10,true
FILIP1,true
PMF1,true
RNF5,true
MYD88,true
ATXN2L,true
CNOT1,true
EMC1,true
ABCC6,true
FPR1,true
RBBP4P4,true
MYLK,true
CPO,true
WBSCR28,true
ZMYND15,true
GRIK5,true
GALNT18,true
LRRFIP2,true
C2orf88,true
GNE,true
OLR1,true
ARHGAP44,true
STIL,true
ZNF711,true
PVRL1,true
BRSK1,true
KIDINS220,true
PRKCB,true
FEZF1,true
DHRS7B,true
TNS1,true
ELMO2,true
GGA3,true
GHR,true
ZDHHC13,true
CCDC33,true
ZNF695,true
UNC13B,true
NUP155,true
PPIG,true
SGK223,true
AIF1,true
AHR,true
CELSR3,true
KANSL1L,true
SEC16A,true
ATXN7L3,true
TMEM63B,true
FAM151A,true
ERMP1,true
THSD4,true
SMC5,true
GUCA1A,true
URB2,true
ZNF490,true
PNMA5,true
CGB2,true
PRDM7,true
SLC35B1,true
SCN1B,true
PTPRE,true
CDC23,true
CHAD,true
IGFL1,true
HRH1,true
MBD3L3,true
PXMP2,true
CSH2,true
KY,true
ANKS1B,true
CNGB1,true
KIAA1211L,true
SMAD6,true
EXOC3L2,true
DNM1P47,true
KIAA2018,true
DTX4,true
FOSB,true
FADD,true
EIF4E2,true
CD72,true
PXDC1,true
CXCL10,true
HSD3B1,true
NCK2,true
SCML2,true
SLC2A9,true
MARCH8,true
GPR78,true
SLC30A5,true
FAM64A,true
ADD2,true
VCP,true
ZKSCAN1,true
FANCM,true
PLCL2,true
RAB14,true
NDUFS8,true
SIRPG,true
PREB,true
TRIM38,true
BPIFB3,true
CCPG1,true
GTF3C2,true
OR51I2,true
ZNF792,true
CIDEB,true
MAP3K5,true
GPR174,true
ANAPC15,true
NRCAM,true
TRPC4,true
DCAKD,true
MORC1,true
PPP1R26,true
SPTY2D1,true
GAN,true
SLC2A14,true
SEC14L5,true
PDE7B,true
HNRNPCL1,true
OR3A3,true
TRPC1,true
PGM2,true
VRK3,true
TSIX,true
EIF1AY,true
SND1,true
C4orf26,true
RNF31,true
PPFIA3,true
ZNF207,true
TNS3,true
TRIM10,true
HIST1H2BM,true
NELFE,true
TSPAN5,true
IFT172,true
SEPT10,true
APOBEC3C,true
DDX46,true
ADAMTS12,true
IGHV1-24,true
MDH1B,true
AMBP,true
POM121L12,true
ACACA,true
WRAP73,true
TBL1X,true
THRB,true
POTEC,true
PGM1,true
ZNF622,true
SLAMF7,true
CPAMD8,true
SFSWAP,true
CST6,true
IWS1,true
VAT1L,true
MMP25,true
AHNAK,true
RCSD1,true
HECTD4,true
PKD2L1,true
ADGRB1,true
IRS4,true
NRK,true
SLC12A2,true
PLXNC1,true
STAT3,true
MKRN3,true
LAMB1,true
NBPF10,true
DIP2C,true
SVIL,true
BEX5,true
DPPA2,true
RBMX,true
TM9SF2,true
ADD3,true
CELF5,true
MBNL2,true
RNF167,true
MAP3K19,true
FCGR2B,true
GABRR1,true
CFAP44,true
TCF7,true
ADARB1,true
SPAM1,true
SETD6,true
TMEM136,true
SETD2,true
UGT1A3,true
ALPK3,true
PCED1A,true
KMT2B,true
NUBP1,true
PEAR1,true
SLC31A1,true
AXIN2,true
ADCY5,true
CGNL1,true
RAB11FIP5,true
ADAMDEC1,true
RP13-258O15.1,true
DGKD,true
TET3,true
ABHD17C,true
LCE3C,true
C3orf67,true
ASTN2,true
NRXN2,true
ABCG2,true
RPGRIP1L,true
MSGN1,true
SGSM1,true
GBP5,true
CDC6,true
NEK7,true
WNT11,true
CREB3L1,true
MTHFSD,true
NFAT5,true
FCGRT,true
GRIN2A,true
DTNA,true
PJA1,true
WAC,true
ARHGEF6,true
CTNNA3,true
EPHA7,true
ZNF671,true
C20orf194,true
CARF,true
FLT1,true
SLC12A9,true
CHMP3,true
ARHGAP36,true
ADAMTS16,true
ARAP3,true
XXbac-BPG116M5.17,true
ATF7IP,true
RYK,true
MRC1,true
ABCC8,true
FAM86B1,true
FBL,true
VCAM1,true
OR6N2,true
GNA15,true
USP9Y,true
CCDC158,true
GPR176,true
TMEM55A,true
OR2B11,true
SPTBN1,true
CDR2,true
HAO1,true
FANCD2,true
TEX19,true
SPHK2,true
CDK2AP1,true
BPIFB2,true
ZNF506,true
RFWD2,true
MYH7,true
METTL14,true
ZNF383,true
NAT2,true
OBSCN,true
CLOCK,true
EWSR1,true
SUZ12,true
HIST1H2BC,true
VEPH1,true
SAXO2,true
ZNF793,true
LRRC46,true
ACLY,true
MAGI1,true
RIPK3,true
PCDHB13,true
AFF2,true
PRSS3,true
FAM134A,true
SLITRK5,true
C4B,true
AMELX,true
TAF1L,true
TTLL12,true
GBP1,true
SLMAP,true
ZC3HC1,true
SSSCA1,true
KIAA1324,true
POM121L2,true
RPS6KA1,true
LAG3,true
RING1,true
MAB21L3,true
MGAT5B,true
EPAS1,true
RWDD1,true
FOXJ2,true
AL354833.1,true
FITM2,true
FGF10,true
ALDH18A1,true
CTSK,true
DZANK1,true
ZNF526,true
PTPRK,true
WSCD2,true
TLL1,true
TMEM95,true
KIAA1683,true
CLDN2,true
CHEK2P2,true
SIX4,true
AKAP4,true
PNKP,true
STXBP4,true
CD34,true
SLC6A18,true
FMR1NB,true
ZNF17,true
SELO,true
WBP4,true
AQP5,true
ITGB7,true
GABRB1,true
GOLGA7B,true
NPFFR2,true
KMT2D,true
RGAG1,true
ITSN2,true
AC012501.2,true
KRT5,true
HIP1,true
DVL2,true
CAND1,true
TOR1B,true
LRRC31,true
DPP3,true
C11orf16,true
SPANXN4,true
RALGAPB,true
ARHGAP24,true
IGKV1D-8,true
CHRNA3,true
PACS1,true
RP11-866E20.3,true
BCO1,true
OR10G7,true
KANK4,true
PRSS35,true
FAM81A,true
KCNA3,true
GBA,true
SLC33A1,true
ANKRD11,true
MEIS2,true
IMPG2,true
KIAA1598,true
KLK4,true
MAPKAPK5,true
DDO,true
FAT2,true
SVEP1,true
MDM1,true
ATG2B,true
DESI1,true
C1orf168,true
ZNF248,true
CBR4,true
GALE,true
NCOR2,true
ZBTB16,true
TTC7B,true
BAX,true
GRAMD1C,true
ZNF493,true
SGK1,true
LY75,true
RP11-1365D11.1,true
ZFHX4,true
NKRF,true
ZNF77,true
LPIN2,true
RP11-468E2.1,true
PDSS1,true
RNASE8,true
AKNA,true
MCM5,true
SERINC4,true
LINC01122,true
HINT1,true
MBNL1,true
ZKSCAN8,true
CPNE1,true
PSMD1,true
CC2D2A,true
LRIT3,true
C6orf136,true
KIAA1551,true
POU2F2,true
HSP90B3P,true
SIGLEC11,true
PDP1,true
TNFRSF17,true
KLHDC7A,true
ATF6B,true
CFAP70,true
RBM19,true
TSG101,true
KRT73,true
NFATC3,true
SGOL2,true
GLYAT,true
CCDC149,true
NPM1,true
FGF21,true
ZNF275,true
THRA,true
CACHD1,true
ATL2,true
ANKRD35,true
PRKAB1,true
CUBN,true
ARHGAP30,true
NBEAL1,true
DNMT1,true
SPTLC2,true
ZG16B,true
TENM1,true
ARHGAP31,true
MYO15A,true
SEC31B,true
SDR42E1,true
CACNA2D3,true
FILIP1L,true
NEFM,true
PXT1,true
PTCHD1,true
SLC22A14,true
EPHA3,true
APH1B,true
SNX6,true
EI24,true
OR51E2,true
SMC2,true
ATP2A1,true
SPACA7,true
CD28,true
RBAK,true
FLYWCH2,true
RAVER1,true
POLR3B,true
TBC1D21,true
CYLD,true
DPEP3,true
CDHR3,true
PPEF2,true
FBXO47,true
INPP5B,true
KDELC2,true
RFC1,true
IGSF3,true
NCAPG,true
HK2,true
ZNF479,true
HAUS8,true
KRT15,true
ZNF419,true
STXBP5L,true
SREBF1,true
FOXP2,true
H2AFZ,true
IL12A-AS1,true
RNF183,true
DNAJB1,true
NOC3L,true
RPS26,true
IFI35,true
DNMT3B,true
BACH1,true
FAM196A,true
CYP4F12,true
ZKSCAN2,true
LEPR,true
ZNF571,true
PLEKHG5,true
NUDC,true
CYP2C18,true
BLMH,true
PRKCZ,true
CST11,true
SACS,true
AGGF1,true
TRMT1L,true
RSL1D1,true
ZNF514,true
SLC22A11,true
CAMKMT,true
BBS10,true
IL5RA,true
TBX22,true
KCNJ14,true
ZPBP,true
GRAMD1B,true
EYA4,true
MARCH10,true
DDR1,true
PHACTR4,true
AR,true
NUP210L,true
HDHD3,true
DRG1,true
SLC25A52,true
SUPT5H,true
SSC5D,true
SLC9A6,true
SPRR4,true
VCL,true
LINGO1,true
WHSC1,true
DKKL1,true
BSN,true
KCND2,true
P4HA2,true
PTPN1,true
RSPO4,true
FAM166A,true
TUBA3D,true
OR8B12,true
TCEAL4,true
KRT31,true
WDR11,true
DEFB115,true
PIK3C2B,true
TRIP4,true
IPCEF1,true
LYSMD4,true
ABCF1,true
ZNF780B,true
ZDHHC9,true
IGDCC4,true
PHF20,true
CHD7,true
EEF2K,true
PAX3,true
FCRLA,true
OR2D2,true
GALNT10,true
FBXW10,true
OR13C5,true
TTC39A,true
RNASE10,true
BPI,true
GOLGA6L10,true
MEIS3,true
KANSL1,true
RP11-290F5.1,true
FBN3,true
CARD6,true
PCDHAC1,true
AQP3,true
EID1,true
ZNF460,true
SURF1,true
CENPF,true
ZFP28,true
ST6GALNAC4,true
CFHR2,true
CSTF2,true
KRTAP10-11,true
TRIM11,true
ZNF146,true
RBM46,true
PLSCR4,true
PCDHGB1,true
USP53,true
PLA2G4D,true
XKR9,true
ZDBF2,true
PTPRZ1,true
PEX16,true
CAMKV,true
RPS2P48,true
INPP1,true
SLC35B2,true
ITGAM,true
AC009264.1,true
RCL1,true
DIS3L2,true
SH3BGR,true
CNTROB,true
AIMP1,true
ANKLE2,true
PLCB1,true
DCSTAMP,true
KCNH7,true
CALCB,true
DCAF4L2,true
COL11A2,true
SPEN,true
NODAL,true
ALK,true
FLRT1,true
CDHR2,true
TMEM207,true
PPP1R12C,true
C10orf120,true
NUP50,true
ANXA5,true
SNORA73B,true
CHSY3,true
TSC22D4,true
ZNF222,true
FAM35DP,true
RECK,true
RHOBTB1,true
OCRL,true
ADPRHL1,true
GRB10,true
DDX49,true
RND1,true
KLHL11,true
BLZF1,true
KATNB1,true
FKBP8,true
CCDC170,true
CTDSP1,true
KCNH3,true
OR6K6,true
HKR1,true
PSMD5,true
AP2M1,true
DDX54,true
KRTAP10-5,true
ROBO4,true
PKN1,true
APOL1,true
CYTH4,true
APLF,true
STK17B,true
HNRNPA1P12,true
H6PD,true
TECRL,true
MFSD2A,true
ZBTB20,true
RP11-219C24.6,true
SLC28A1,true
AGAP9,true
AC080008.1,true
TNPO1,true
COL15A1,true
SLC6A19,true
DAO,true
EIF2D,true
RSC1A1,true
SALL4,true
CADM3,true
KCNH2,true
NPY4R,true
SEPN1,true
S100A3,true
PRG3,true
COPS6,true
MAN2B1,true
NLRP6,true
VPS13B,true
DTX3,true
ABCB11,true
SIRT6,true
UGT2B4,true
SAMD10,true
NAV1,true
FAM208B,true
IL2RG,true
EPHB6,true
RBP3,true
LAMA2,true
FAM183CP,true
ZNF440,true
ZFAND2B,true
SPTBN2,true
NRIP1,true
SNW1,true
INVS,true
GPR179,true
LRP2,true
TPTE2P5,true
ADCY4,true
ZC4H2,true
UCK2,true
VWA3A,true
CDCA2,true
RP11-733D4.2,true
CLEC4E,true
TKTL2,true
HK2P1,true
MYCBP2,true
ZNF341,true
CLDN18,true
ZNF358,true
ALG6,true
PODXL,true
CDAN1,true
GNPAT,true
EMILIN2,true
POMGNT1,true
TIAM1,true
ATXN7,true
ZNF335,true
COX18,true
NRDE2,true
MAEL,true
OAS1,true
SEH1L,true
HNRNPDL,true
AQP1,true
MPEG1,true
KIF20B,true
ARHGAP10,true
IL13RA2,true
MAGEA4,true
CTCFL,true
DIXDC1,true
ZNF45,true
ZNF502,true
PKD2,true
FH,true
LIMCH1,true
ROBO2,true
WDR17,true
YWHAB,true
PSME4,true
SLC39A6,true
PSG7,true
SPATA18,true
MCM6,true
ARFIP2,true
BUB3,true
SDSL,true
RSL24D1,true
RLF,true
CCT6B,true
RTN4,true
NPAS3,true
SLC2A6,true
NOMO2,true
NDUFAF7,true
ECE2,true
TAS2R39,true
KIF15,true
ARHGDIB,true
HEY1,true
KDM1A,true
BRINP3,true
RRM2B,true
EIF4A2,true
YWHAZ,true
TAF9B,true
TSPYL4,true
RIPK4,true
CASC5,true
MNDA,true
DHX37,true
UGT2B28,true
NEFH,true
RP13-60M5.2,true
DAAM2,true
CAMK2B,true
WIZ,true
USP10,true
ZBTB22,true
DNAJC22,true
COL13A1,true
RBP5,true
CCDC24,true
ZNF117,true
LRPPRC,true
OTOP1,true
ZNF90,true
IL10,true
TAS2R38,true
UCP1,true
ATP10B,true
CLCN1,true
PKD1L1,true
KDM5A,true
FLOT1,true
ENPP2,true
SSX9,true
KLHL23,true
KMT2C,true
RAB23,true
ZFP1,true
LRRC7,true
TSPAN33,true
DFNB31,true
TRBV21OR9-2,true
PFKFB1,true
CASP14,true
SIRT1,true
TIGD7,true
FASTKD5,true
SUPV3L1,true
TNR,true
GJC3,true
ZNF41,true
RPL23A,true
OR1N2,true
SYNPO,true
CLEC11A,true
C6orf47,true
IQGAP1,true
TGM7,true
LMNTD1,true
COL4A5,true
PCDHGA8,true
MYL3,true
C15orf40,true
THBS2,true
LMX1B,true
PGK2,true
RGSL1,true
SLC4A7,true
CTD-2201E18.3,true
MTMR2,true
SYNJ2,true
COL4A3,true
ARSG,true
SASH3,true
TTLL10,true
HK1,true
EAF1,true
PRDX4,true
DRP2,true
RASL11A,true
ARHGEF10L,true
KLHDC8B,true
AMPD1,true
TIMM23,true
ZNF653,true
TAAR8,true
MBLAC1,true
IKZF3,true
GPR108,true
BICD1,true
PCDH11X,true
NFKB2,true
ZNF43,true
BRPF1,true
LARP4,true
PDK4,true
GPM6A,true
PBXIP1,true
IKBIP,true
SLC24A5,true
CDH11,true
NIF3L1,true
ASCC1,true
PHACTR3,true
PCYT1A,true
NR1D1,true
BMX,true
KSR1,true
EFCAB6,true
C6orf106,true
TMEM69,true
BCLAF1,true
CHD6,true
TSGA10,true
CLEC5A,true
PCMTD2,true
CASC4,true
C10orf11,true
NRM,true
SEZ6L,true
TYSND1,true
INTS4,true
DCAF7,true
TIMP3,true
ULK2,true
AGBL3,true
BMPR2,true
TMEM161B,true
DIAPH3,true
CCDC47,true
ITGA10,true
TEK,true
MFSD11,true
SMPD2,true
CC2D1A,true
KRT16P2,true
DPH2,true
FABP3,true
AKAP11,true
FMN2,true
RAD51C,true
CCDC88C,true
SLC2A12,true
CHD9,true
ABCC12,true
DCTN1,true
TM4SF20,true
CHAT,true
MYEF2,true
ZMPSTE24,true
EDEM2,true
XRCC6P5,true
SOS2,true
KAT6B,true
POLR3H,true
OCLM,true
PTPN14,true
CFAP126,true
ZNF230,true
KLC1,true
NKTR,true
FAT1,true
TRAPPC6B,true
ZBTB8A,true
HSD11B1,true
ZNF616,true
ZNF767P,true
IGF2R,true
NBPF15,true
KIAA0319,true
KLHL5,true
SYNCRIP,true
ABCA1,true
C1RL,true
KALRN,true
HOXA3,true
LAS1L,true
HSH2D,true
ZNF830,true
NADSYN1,true
NSMAF,true
EMP2,true
GPR156,true
AP3S2,true
DGKK,true
AGAP4,true
ACSS3,true
MEPCE,true
GHRL,true
GNPTAB,true
FGD6,true
PRB1,true
IL36A,true
SWSAP1,true
OXSR1,true
BCL11A,true
TTC33,true
WSB2,true
SPTB,true
TDRD1,true
PRF1,true
SMAD9,true
OFD1,true
NTSR2,true
TCHHL1,true
ARID2,true
LAPTM4A,true
CD86,true
PAF1,true
ZNF131,true
CEP162,true
HARS2,true
KRTAP24-1,true
RINT1,true
LCMT2,true
MICU1,true
ECT2L,true
NPAS2,true
SLC7A7,true
GNRHR,true
ESCO1,true
ATAD5,true
ZNF157,true
KCNC1,true
STX19,true
ZNF16,true
PPP2R2B,true
TARDBP,true
MCTP1,true
LRRFIP1P1,true
CSNK1E,true
TENM3,true
DLG4,true
DIAPH1,true
PCNXL2,true
PMEPA1,true
DYNC1I2P1,true
CYTH1,true
CPED1,true
TSPYL5,true
ZNF417,true
SCAMP5,true
GGA1,true
SOAT2,true
SLTM,true
XRCC6,true
MGAT4C,true
RBMS1,true
C2CD2,true
CLASP1,true
CDK11A,true
FBXO7,true
WRN,true
PCDHGA12,true
HIVEP2,true
CNOT4,true
IGLV4-69,true
NEIL2,true
ARMC9,true
PROM2,true
ARHGAP18,true
PLEKHO2,true
DUSP1,true
ATP8B4,true
RUSC1,true
RAB28,true
STX3,true
ATP13A5,true
TP53TG5,true
ZFAND1,true
COL1A1,true
IQCF1,true
RGR,true
SCRIB,true
RAB6A,true
ENAH,true
VN1R5,true
NXF3,true
PCDH8,true
EPB42,true
SRCAP,true
CCL19,true
CRBN,true
ATP5SL,true
NXPE2,true
GCKR,true
CCL21,true
SALL2,true
CALCOCO1,true
GPR182,true
MAPK1IP1L,true
ACTL6B,true
MYL2,true
PPP2R1B,true
ASPH,true
KIF23,true
FBXO3,true
SRR,true
KLKB1,true
RP11-342M1.7,true
ADCY3,true
STK10,true
USP24,true
COLEC10,true
PCDHA10,true
HAS2,true
SCUBE2,true
PNKD,true
CBFB,true
HERC2P4,true
MYH13,true
SLC12A6,true
DHX40,true
IDO1,true
ERICH3,true
MTO1,true
ALDH6A1,true
MRGPRX2,true
ATP13A3,true
RRP1B,true
RAB9A,true
C3orf56,true
FRMPD3,true
GOLGA6L9,true
GSTK1,true
TMEM107,true
UGT2B11,true
OGDH,true
CLCN2,true
NOA1,true
CREG2,true
FHL2,true
ABCD3,true
IGHG3,true
PRDX6,true
SGK494,true
ZNF578,true
SLC3A1,true
SSTR4,true
ARHGEF9,true
FBXO42,true
SGK3,true
NLGN4Y,true
ZNF543,true
RIN3,true
NBR2,true
PEX19,true
MGAM,true
RAB2B,true
LYPD4,true
MARS,true
HDC,true
PPP2R2D,true
NIT2,true
SLC17A3,true
SAG,true
PLOD2,true
MAP3K14,true
ATG4C,true
INADL,true
SRA1,true
PTPN6,true
RBMXL1,true
KHSRP,true
CA6,true
COG5,true
SYNRG,true
DSG4,true
MAP3K3,true
RMND1,true
HDAC2,true
STARD3,true
OLFML2A,true
SCN1A,true
OR2H2,true
IFT57,true
TMBIM1,true
ACO2,true
ADD1,true
ASB12,true
ZRSR1,true
HECA,true
CTAGE1,true
GOLT1A,true
RPLP0P2,true
ANO1,true
LILRA4,true
RDH12,true
ZNF750,true
EME1,true
FBXL18,true
ACOT11,true
LRRN4,true
SH2D3A,true
WASF4P,true
ENO2,true
ACTR1A,true
TMPRSS6,true
CENPT,true
OR2M2,true
TRIM55,true
DOPEY2,true
PARD6A,true
PLOD1,true
OR52B2,true
SPHKAP,true
NEBL,true
NLRC5,true
SORCS1,true
MFAP3,true
OR1K1,true
SLC2A4,true
NCR2,true
IL17RA,true
EXOG,true
PSD3,true
LBR,true
AMBN,true
CENPQ,true
CDK9,true
HEBP2,true
VSTM2A,true
HTR4,true
CCR9,true
SLC25A44,true
MOK,true
ZNF8,true
CFAP61,true
RALGAPA1,true
GPR61,true
OXA1L,true
SMOC2,true
PLXNA4,true
OR2M4,true
IKBKAP,true
SLC25A11,true
RECQL,true
GOLGA3,true
SRRT,true
ERAP2,true
RAPH1,true
GRIN2B,true
TAF8,true
NOX3,true
KRTAP10-7,true
STYXL1,true
MINPP1,true
ARHGAP4,true
PCDHB9,true
PDCD11,true
CAPRIN2,true
WDFY3,true
NGFR,true
EFTUD1,true
KIF3A,true
MTCL1,true
TMPRSS4,true
RRAGB,true
PTPRO,true
TRAF1,true
TELO2,true
FOXR1,true
PTPN5,true
HORMAD2,true
PFKM,true
MECOM,true
NIM1K,true
GJD2,true
NOP58,true
FRMD4A,true
SNRPA1,true
FAIM3,true
RASA1,true
NAA25,true
NPHP4,true
CELF2,true
ABCC2,true
PKD1P6,true
ANGEL2,true
OR2A12,true
APOD,true
PDE11A,true
MPP1,true
ZNF318,true
CALML3,true
POLQ,true
LARP1B,true
ARHGAP25,true
SFXN2,true
RPL7L1,true
GPR173,true
ADAMTS7,true
TJP1,true
EVPL,true
PRKRA,true
C17orf58,true
DPF3,true
MROH8,true
GPATCH3,true
SMAD3,true
ZSWIM4,true
UBE2Q1,true
OR8B4,true
SNAP25,true
CAGE1,true
ALKBH6,true
OR2T1,true
ZC3HAV1,true
APOBEC3G,true
GLIPR1L2,true
VSTM2L,true
CDK1,true
ORAI1,true
PTPRD,true
EDC3,true
RRAS,true
TTLL8,true
C3AR1,true
PPP3R2,true
HSPA13,true
NPY6R,true
C10orf12,true
LINC01106,true
C1orf162,true
ANKRD44,true
GARS,true
CHRND,true
NETO1,true
ARNTL2,true
CELA3B,true
RPL27,true
GH1,true
BFAR,true
ZNF462,true
MET,true
TMEM45A,true
SMG5,true
B3GALNT2,true
ETV6,true
IL17RC,true
C10orf71,true
T,true
DNAH9,true
ZP1,true
ZNF84,true
LINC00885,true
LMX1A,true
WNK1,true
ZNF319,true
EPB41L1,true
LCMT1,true
MUC2,true
APOC4-APOC2,true
DHDDS,true
TMX2,true
CNTNAP5,true
PRAMEF11,true
CABS1,true
RDH5,true
ACVR1C,true
TERF2,true
ATXN2,true
BTAF1,true
SLC9A9,true
ARHGAP6,true
RPS6KL1,true
METTL16,true
COL3A1,true
NEIL1,true
MGAT5,true
ZNF788,true
PROKR1,true
DEFB128,true
PRKCG,true
MZF1,true
EIF2B5,true
ZFPM2,true
PIM2,true
APOB,true
FBXO11,true
AC243562.1,true
MYF6,true
POLR2J4,true
AGFG2,true
TTC26,true
HNRNPU,true
FRS3,true
SARS,true
MYH6,true
GLB1L,true
SLC26A10,true
CALCR,true
SYF2,true
EXT2,true
CLK1,true
SEC61A1,true
PRKAG2,true
DNAJC14,true
NBPF9,true
HBEGF,true
CCHCR1,true
RFC3,true
RPF2,true
CEP164,true
RP11-707O23.5,true
ALYREF,true
KCNJ11,true
PLCE1,true
ADAMTS17,true
NPNT,true
FAM57B,true
ZNF791,true
GTF2E1,true
SMARCA2,true
CNOT2,true
SLIT2,true
ZNF136,true
ADAMTS3,true
MYH10,true
FAHD2B,true
USP32,true
NLRP5,true
DDX60,true
LHFPL2,true
DCST2,true
CXorf56,true
KIF17,true
MAGEB6P1,true
SEMA6D,true
REEP1,true
RBPJL,true
ATP6V1D,true
MEX3C,true
POF1B,true
NIPSNAP1,true
ZNF839,true
GLI1,true
TNS4,true
SGOL1,true
CNTN6,true
KRT77,true
FNDC5,true
EVA1A,true
OAS3,true
PROCR,true
AC012322.1,true
RGS6,true
SNX8,true
KCNN2,true
DSTYK,true
OR51B6,true
LAMTOR4,true
IGSF10,true
KLHL14,true
STC2,true
AC073310.4,true
OR5AS1,true
NME6,true
SLC9A7,true
OTOGL,true
ZNF787,true
SERTAD3,true
MSH6,true
HIRA,true
FAM193A,true
PRSS1,true
OR5K2,true
MAGEA3,true
PGM3,true
NOL4L,true
HECW2,true
ABCA5,true
CAMSAP2,true
RDH11,true
PCBP3,true
TUBGCP6,true
CES1P1,true
ANKRD50,true
RALGPS1,true
ADAM11,true
KIF13A,true
ZNF398,true
USP25,true
DIRAS2,true
RGP1,true
GNLY,true
ATP1A3,true
TCTN2,true
PML,true
G0S2,true
DBNL,true
SH2D1A,true
RP11-381P6.1,true
DLGAP2,true
OR5R1,true
MCM3,true
ZNF132,true
CSRNP1,true
RANBP9,true
LYPLA2,true
RP1L1,true
MMP24,true
HZGJ,true
SETD8,true
KRT34,true
FAIM2,true
ZNF804A,true
KRT78,true
CELA2A,true
EDEM3,true
UROD,true
AMPD3,true
RORC,true
GGT5,true
RBBP8,true
MAGEC2,true
ZNF14,true
RP11-473N11.2,true
NBPF26,true
ABCB7,true
PPARGC1B,true
SNIP1,true
CCNB1,true
BIRC6,true
WBSCR17,true
TRIM22,true
GLI2,true
LAMC2,true
EIF4G1,true
RTKN,true
HIF1AN,true
TAC1,true
REEP3,true
TMEM160,true
FRZB,true
GABRG2,true
CIC,true
CDH19,true
ELK4,true
KCNK9,true
TRANK1,true
RNF111,true
CENPL,true
MTA2,true
ABCC3,true
CABP4,true
RP11-815J4.6,true
CREBRF,true
MAS1,true
RBM15,true
NCKAP5,true
MEGF8,true
PLEKHG4,true
TRPC5,true
TAAR6,true
VAC14,true
PTPRQ,true
PTPN23,true
KRT38,true
ZNF556,true
GNAI2,true
MSL3P1,true
PRDM4,true
PHF2,true
TCHH,true
WDR6,true
CSHL1,true
KRT20,true
GNB1,true
LPA,true
RNF213,true
MTOR,true
CYP4F11,true
CCDC155,true
TAT,true
CYP2B6,true
CHRM5,true
TIRAP,true
RPLP1,true
POGLUT1,true
AMOT,true
BZRAP1,true
DOCK8,true
OPN5,true
NAT8,true
CATSPERB,true
RP4-815D20.1,true
CD248,true
JPH2,true
RNA5SP29,true
KLF3,true
ZNF584,true
DLGAP5,true
WDR43,true
RPL7P20,true
ICE2,true
VWCE,true
TRMT5,true
CNGA1,true
R3HDM1,true
ACSM2A,true
LIMK1,true
ZNF581,true
KIF2C,true
SEC62,true
GPR52,true
DSCAML1,true
RIF1,true
RP11-536C10.10,true
RASAL2,true
CFI,true
SZT2,true
A4GNT,true
FAM120C,true
HOXB13,true
SMARCAL1,true
SPATA31C1,true
AC004460.1,true
SPTA1,true
CPQ,true
ITGB2,true
C11orf94,true
SNRNP200,true
FXYD4,true
BZW2,true
SSX1,true
DGAT2,true
FAM43A,true
MAP2K7,true
CLDN1,true
KIF3B,true
USP42,true
PAGE1,true
KCNC4,true
TACSTD2,true
SIMC1,true
ZFP69,true
DHX15,true
CDC14A,true
SPTBN4,true
ZNF844,true
AEBP1,true
PAIP2B,true
AFF4,true
GRAMD2,true
GALNTL5,true
DNAJC24,true
PARS2,true
ODF2L,true
ADSS,true
RCCD1,true
SGPP1,true
KRT6A,true
CD200R1,true
CTSB,true
CNTD1,true
CSE1L,true
PZP,true
SH3BP2,true
TDRD5,true
FNIP2,true
SEMG1,true
INPP5F,true
THSD7B,true
EEA1,true
ABR,true
CLSTN1,true
TM6SF1,true
GDNF,true
REXO1L1P,true
CLC,true
ZNF608,true
ZNF141,true
COX6B1,true
OR7C1,true
TMEM163,true
ATP1A2,true
OR2AG1,true
ZHX1,true
LILRB1,true
INTS7,true
OR6B1,true
KRTAP5-11,true
PLCL1,true
C1orf127,true
GNS,true
CPXM1,true
TTF1,true
STRC,true
SEMA6A,true
COMMD4,true
DICER1,true
UNC45B,true
PIK3CG,true
RAD51,true
DOCK10,true
ADGRG3,true
TIGD6,true
FAM47A,true
PTCH1,true
TNKS2,true
C19orf40,true
ADSSL1,true
SCARA5,true
ZBTB21,true
DCBLD2,true
CROCC,true
ZMYND10,true
FAM3B,true
SNX10,true
SLC44A3,true
DNTTIP2,true
MAL,true
FRRS1,true
MBD6,true
TMEM127,true
STC1,true
PDZD8,true
PIK3C2A,true
PCSK2,true
TCEB3B,true
CES2,true
RSPH6A,true
DENND1C,true
BAZ2A,true
PYGO1,true
OR52D1,true
DHCR7,true
CCBL1,true
ATRN,true
ADAMTS9,true
CACNG4,true
KIAA1024,true
FAM175A,true
RPTN,true
AMFR,true
PRKRIP1,true
ABCB10,true
S100A1,true
METTL1,true
SMCR8,true
DOCK3,true
GPNMB,true
UBR7,true
PKHD1L1,true
FBN2,true
LMO7,true
PELI1,true
FCRL3,true
ARHGEF7,true
ZFP64,true
PTGER2,true
KLHL1,true
SYNE1,true
ANXA11,true
GRM6,true
DLD,true
PAPOLB,true
SKIV2L,true
OR5T2,true
CLDN6,true
ENOX1,true
ACTL7A,true
OR10G3,true
RAB21,true
CARS,true
TDP1,true
TRUB2,true
KIF26B,true
LRRTM4,true
LPAR1,true
ZNF79,true
RXFP4,true
UTY,true
ALDH16A1,true
GABRB3,true
TNNI1,true
PUS7,true
COPS7B,true
SLC39A5,true
AGR2,true
SH3BP1,true
ATXN7L1,true
HMBS,true
PPP1R8,true
PRR19,true
USP36,true
APOL2,true
SLC11A2,true
LIG4,true
MYADM,true
NPRL2,true
ROM1,true
COL1A2,true
MFHAS1,true
BACE1,true
RP11-85G18.6,true
GDF5,true
ZNF645,true
DCHS2,true
PHACTR2,true
MSN,true
ARHGAP32,true
ZNF436,true
PATL1,true
PUM1,true
MYH1,true
CYB5D1,true
TMEM256-PLSCR3,true
NFASC,true
ERBB2,true
EPGN,true
NFATC4,true
SLC4A3,true
IGDCC3,true
GPR82,true
YTHDC2,true
HIST1H2AE,true
PPP6R2,true
XXbac-BPG32J3.19,true
ZNF550,true
COL22A1,true
SGCE,true
AXIN1,true
ZNF827,true
FBXO6,true
ANKS4B,true
RSU1,true
DPP4,true
TSPAN2,true
OTUD3,true
SLC16A14,true
TBC1D32,true
MBOAT1,true
GALNT15,true
GATS,true
MAP3K11,true
C1QA,true
GOLGA5,true
RABEP1,true
LIMK2,true
MROH7,true
AKR7A2,true
CCT8L2,true
RGS14,true
SMARCA5,true
THNSL1,true
LAMA1,true
BCAS4,true
WDR46,true
TRIM54,true
NOM1,true
PRAMEF4,true
PRRG4,true
KRT4,true
ASXL1,true
PLS1,true
IL1RAPL1,true
EPC2,true
KHDRBS3,true
SEC14L2,true
KCTD3,true
TMEM231,true
KHDC1,true
FAM184A,true
TAS1R2,true
IFNW1,true
CTPS2,true
KRT35,true
SETBP1,true
HPCA,true
BPTF,true
KRTAP9-9,true
HOXC8,true
MTURN,true
MATN2,true
HAND2,true
BBS12,true
LRCH1,true
SLC2A5,true
CAAP1,true
TRIM5,true
SRRD,true
MTPN,true
FGF6,true
FAM91A1,true
NDE1,true
TM4SF5,true
DTX3L,true
EML6,true
PRR12,true
YEATS2,true
RNF26,true
RNF207,true
FANK1,true
RHBG,true
TAF2,true
HLA-DRB1,true
XRN2,true
HCN4,true
GPR153,true
GIGYF1,true
GPR137B,true
SLFN11,true
SCARA3,true
JAZF1,true
PCDHB1,true
CHAF1A,true
GREB1,true
SLC16A4,true
CHIC2,true
C9orf24,true
SERPINA7,true
IGHV3-33,true
SSH3,true
FLOT2,true
TTLL6,true
RECQL5,true
RBM4,true
ZNF519,true
DDX10,true
PER2,true
PRICKLE2,true
CDC42BPB,true
BHMT2,true
PPP4R1,true
BCL2A1,true
ZNF624,true
EEF2,true
WEE2,true
PRMT1,true
LARS2,true
FAM161B,true
TSPAN11,true
TUBGCP5,true
FAM27E2,true
C22orf42,true
B3GNTL1,true
NDUFA1,true
RASGRP1,true
TIGD3,true
GPR6,true
PKM,true
CORIN,true
TCF4,true
CPVL,true
OR1C1,true
KIAA1217,true
DDX20,true
ZNF563,true
LTBP3,true
POLR1C,true
INO80,true
RPS12,true
TRPM1,true
FAM155A,true
MED24,true
DYNLT1,true
TRNT1,true
SMIM7,true
NEU3,true
GORAB,true
ENTPD7,true
ZGRF1,true
JAK2,true
HBP1,true
ERH,true
OSBPL9,true
ALMS1,true
CYP2A13,true
LGALS4,true
MFN2,true
EIF4A1,true
RBM14,true
ANKZF1,true
ITSN1,true
GATAD2B,true
HELZ,true
MFSD4,true
FMNL1,true
CDH16,true
SPATA32,true
PRKG2,true
PITPNC1,true
PRKAR1A,true
UQCRC1,true
ARHGEF4,true
FAM205BP,true
LRRTM2,true
MAU2,true
METTL21A,true
TEKT4,true
SLC23A3,true
LDHC,true
OPA3,true
ADGRE5,true
CRYBB3,true
SFRP5,true
MAVS,true
MAP4K4,true
ZNF675,true
PMS1,true
NR3C2,true
OR14K1,true
ANO4,true
C2orf78,true
LIPC,true
MFN1,true
RP11-8L2.1,true
CATIP,true
TEX14,true
SETX,true
FSHR,true
STIP1,true
C20orf24,true
IL17RD,true
SMCHD1,true
ATP13A4,true
PFKP,true
SYT1,true
COL5A3,true
RIPK1,true
FRG2,true
OR6W1P,true
ZNF451,true
HMP19,true
NLRP1,true
PMS2,true
OR10W1,true
NBPF19,true
MAN1B1,true
PPP6R3,true
HRH2,true
HIST1H2BI,true
CAMP,true
SPDYE5,true
EPOR,true
AIFM2,true
SLC7A10,true
KL,true
KIF16B,true
RELN,true
DSG2,true
DOK7,true
TPCN2,true
RASGRP4,true
AMBRA1,true
CCDC151,true
LCE4A,true
ATP13A2,true
UBE2K,true
GRPEL1,true
PGD,true
SYNM,true
POLR3K,true
DIP2B,true
FAM21A,true
TTC7A,true
RPS10-NUDT3,true
VARS2,true
DSC2,true
SCIN,true
GABRA4,true
ZMYM6,true
SCARF2,true
RP11-324J13.1,true
SDCBPP3,true
XPOT,true
DENND2A,true
ACADM,true
EDC4,true
NADK2,true
TBC1D30,true
ARMC12,true
GOLGA1,true
AHSA1,true
MRPS18B,true
KCND3,true
TMC2,true
FAM127B,true
CSNK1A1P1,true
C7orf60,true
ZNF638,true
ST13P13,true
STXBP5,true
PIGO,true
MRPL9,true
RHOJ,true
HACD4,true
NAA15,true
LRRTM1,true
ATF7IP2,true
CDH22,true
AGTR1,true
ATM,true
PLA2G5,true
ZNF324B,true
CPSF4,true
MCM2,true
NUDT16,true
ZSCAN5A,true
NCOA3,true
SZRD1,true
ACTR6,true
NOP14,true
ETS1,true
HEG1,true
HDAC8,true
TMEM132D,true
ZNF214,true
LRRIQ1,true
PTCD3,true
CKAP2,true
KATNA1,true
UNC119B,true
ABCA10,true
KIAA0196,true
TM2D3,true
XPC,true
PALLD,true
ALS2CL,true
NCOA6,true
AC007277.3,true
ALG11,true
ODF4,true
CTSS,true
BTRC,true
VWF,true
SLC38A11,true
GP6,true
CD22,true
POC5,true
DOK4,true
INTS3,true
RNF135,true
PTENP1-AS,true
PDS5A,true
GCNT2,true
PSEN1,true
FGF20,true
TOPBP1,true
MED21,true
ZNF740,true
LY6G5C,true
RP11-492D6.3,true
CXorf40A,true
ELF1,true
RGS12,true
SELV,true
WNT2B,true
KCNAB1,true
DMRT2,true
GPRC5A,true
NPM2,true
PAAF1,true
MYRIP,true
MAST2,true
PSG8,true
SLC14A1,true
PARL,true
ALDH1A3,true
NOMO1,true
GNL3L,true
SCG5,true
SHISA4,true
MYO5C,true
SLC27A6,true
HOXD9,true
SMARCD1,true
RNU1-20P,true
VPREB1,true
WDR38,true
ZBTB25,true
ZMYND8,true
CAPNS1,true
CFAP47,true
DEPDC5,true
SLC34A1,true
FNDC3A,true
ANXA2,true
MYH15,true
CXorf36,true
CSAG1,true
DCHS1,true
DAGLA,true
CPEB2,true
ANKRD36C,true
FAM170A,true
MED6,true
CD164L2,true
NCOR1,true
CHRNA9,true
TCAIM,true
KCNK10,true
OR4B1,true
PDZD2,true
ATG14,true
TMEM47,true
ZNF580,true
C2orf27A,true
ARPC1A,true
C10orf54,true
NUDT22,true
PCDHGA10,true
CACNG2,true
HOXA7,true
SHROOM3,true
ITPR3,true
UBE2Q2,true
PIGV,true
YIF1B,true
CHPT1,true
C9orf78,true
ZNF587B,true
OR2B2,true
RS1,true
LDLRAP1,true
NLRP10,true
ZNF143,true
NPIPB5,true
PLP2,true
TRIM52,true
RPAP1,true
CPA6,true
IL12A,true
GLTP,true
TMPRSS11D,true
H2AFY2,true
ANKRD18A,true
NDRG4,true
LGALS12,true
CPA1,true
TUBB8,true
ZNF814,true
ZNF292,true
NAT10,true
RNF168,true
FKBP11,true
GPSM2,true
NPR2,true
HIATL1,true
HIST1H2AL,true
CKAP5,true
USP31,true
USP38,true
MAML3,true
ATP5A1,true
KDM4C,true
BLNK,true
BEND6,true
CXorf57,true
DENND5A,true
MTHFD1L,true
FOCAD,true
LRRFIP1,true
STOX2,true
ZNF366,true
FNBP4,true
SYPL2,true
GALR1,true
MNS1,true
PPIEL,true
MTL5,true
OR1G1,true
PRKD2,true
PNMA3,true
SLC7A13,true
TRIO,true
ARHGEF12,true
KCNG1,true
BUD13,true
RP11-213G2.3,true
SNTB2,true
GPATCH4,true
KIF1B,true
NFKBIZ,true
ELAVL1,true
ARL13A,true
MRGPRD,true
ACIN1,true
GPC6,true
PLN,true
KDM6A,true
SDHAF2,true
AMPH,true
KDM5C,true
POLR2A,true
TUBB1,true
ZNF181,true
C11orf63,true
TUBA1B,true
DKK4,true
RASAL1,true
UPP1,true
RP11-231C14.4,true
LRRTM3,true
CLPP,true
POLD2P1,true
STAG3L3,true
MBTPS1,true
GSPT1,true
ZNF300,true
RBM23,true
CLP1,true
LRIT2,true
XYLT1,true
RALY,true
LRRC66,true
PLIN5,true
NOTCH3,true
PTPRS,true
SMARCC2,true
TGIF1,true
ARSE,true
ARMC1,true
SLITRK6,true
TFAP2A,true
CAP2,true
MYH3,true
AP1G1,true
ZNF70,true
RBM48,true
NTMT1,true
VPS39,true
TNFRSF10A,true
ZBTB18,true
VIL1,true
ZNF783,true
PDCD2L,true
ZMAT1,true
MRPL54,true
ZNF321P,true
PRELP,true
MDN1,true
ZNF415,true
APOOL,true
AAAS,true
CCKBR,true
OR5P3,true
ATP11C,true
JMJD1C,true
MID1,true
LRIT1,true
MAP3K7,true
SLC30A8,true
KRT85,true
TPRG1,true
EFTUD2,true
IGLV2-18,true
RNA5SP206,true
CNBD1,true
MYH8,true
UBE2G2,true
RGL1,true
ARL15,true
ADCY8,true
SPPL3,true
PGAM1,true
ZNF664,true
SNORD116-8,true
CATSPER1,true
SYN2,true
PCM1,true
SEC14L1,true
SLC18A1,true
KIAA2022,true
COL18A1-AS1,true
MCF2L,true
TRAPPC8,true
CCDC64,true
SMPDL3A,true
ACP2,true
ADAM30,true
SMG6,true
SIGLEC7,true
PRKCE,true
VPS33B,true
TAF1,true
OR7A17,true
TRMT13,true
ERAL1,true
SPECC1L,true
LEO1,true
INO80D,true
FBXW12,true
KRTAP1-5,true
ABCA13,true
PBRM1,true
FUT6,true
ASB9,true
COPZ1,true
NAT16,true
BCAP29,true
IFT22,true
GOT1,true
KCNK13,true
RASGEF1B,true
TRIM71,true
RNF14,true
DYRK4,true
CAMK2G,true
TC2N,true
ZNF213,true
SIN3A,true
DAPK2,true
TTC19,true
LY6G6C,true
PHF21A,true
PCDH20,true
RC3H2,true
MCPH1,true
RP1,true
GPR63,true
PRPF4B,true
ZNF468,true
GAPDHS,true
KCTD1,true
TAGLN2,true
ASB11,true
KCNA1,true
RPS6KA6,true
GTF3C1,true
MAP4,true
ZNF804B,true
CYP27C1,true
WASL,true
PSMC3IP,true
UGT2B17,true
DNAJB4,true
ZNF594,true
PTMA,true
TGM2,true
LRRC16A,true
DNAJC6,true
VPS41,true
