Gene,Eye
EHD1,true
PARD3,true
MMP11,true
ARFGEF3,true
PROSER1,true
UNC5CL,true
ESM1,true
REC114,true
LARP1,true
BPI,true
TNS2,true
GOLGA6L10,true
KAT2A,true
TF,true
DYNC1H1,true
MORC2,true
CSN1S1,true
RP11-248G5.8,true
FAM3A,true
TRAF3IP1,true
CENPF,true
PSG6,true
CDC40,true
SH3TC2,true
IQSEC3,true
EHD3,true
PLEK2,true
HSD17B7,true
IL12RB2,true
ZFHX3,true
CPNE6,true
LTBP4,true
XKRX,true
IVD,true
TMEM44,true
CSMD3,true
DCX,true
POTEH,true
PIP4K2A,true
GAB1,true
KPNB1,true
PCDHGB1,true
GPRC6A,true
WDR59,true
MED9,true
IGSF9B,true
CHD5,true
CYP27B1,true
SYTL3,true
ILVBL,true
ZNF326,true
SPANXN1,true
FTHL17,true
SLC28A3,true
FHOD3,true
NAA38,true
URI1,true
BUB1,true
IGHV3-23,true
GPA33,true
ECM2,true
FASTK,true
GDAP1L1,true
TRIM15,true
NUFIP2,true
SEMA5A,true
PRSS50,true
ZAN,true
LRRIQ3,true
FLRT1,true
SIK3,true
ITPR1,true
SMG1,true
PPP1R12C,true
LUZP1,true
MYH4,true
L3MBTL2,true
TXN2,true
FRMD7,true
LINC00174,true
FYTTD1,true
RABL6,true
COG1,true
SBNO2,true
ZNF492,true
CTDSP1,true
USP15,true
ELMOD2,true
ANKRD27,true
NBPF3,true
ARMT1,true
SLC25A12,true
APLF,true
ABCA3,true
FNDC1,true
PLA2G7,true
CMYA5,true
TRPM5,true
FAM71D,true
MIR1270,true
SDK2,true
FAM171A1,true
AGAP9,true
PRAMEF5,true
TNPO1,true
SLC26A5,true
VWA5A,true
CADM3,true
KIAA1919,true
RUNX1,true
SEPN1,true
PRRC2B,true
NHS,true
ANKRD6,true
PRDM11,true
MAN2B1,true
HDAC5,true
CUEDC1,true
INPP5A,true
TMEM214,true
CHML,true
HHEX,true
CRTAC1,true
COL9A1,true
SHROOM2,true
ZSCAN1,true
LAMA2,true
SLIT3,true
KAT8,true
OVCH1,true
SNW1,true
LRP2,true
E2F7,true
SLC9A3,true
MUC16,true
SUGP2,true
SENP7,true
SCN4A,true
PHKA2,true
IGFBP3,true
GOLGA4,true
ZNF423,true
ZNF341,true
AKAP13,true
DDX60L,true
COL4A2,true
ACSM4,true
FOXO3,true
LRRC4B,true
ARMCX3,true
OR5B21,true
PDE8B,true
RUNX2,true
NRXN1,true
AMOTL2,true
CD163,true
SLITRK3,true
RAB20,true
AES,true
LTA,true
ADGRL4,true
FAM161A,true
SLC2A8,true
OCLN,true
GPR101,true
ZNF367,true
PSME4,true
PSMD2,true
SLCO2B1,true
DCUN1D2,true
SPATA18,true
ARSF,true
USP34,true
TNXB,true
ZSCAN16,true
CDK3,true
PPFIA2,true
EYA3,true
OSGIN1,true
OR8A1,true
PCLO,true
EPPK1,true
THSD1,true
MTMR14,true
ADAD2,true
KRT83,true
TSPYL4,true
ERBB4,true
KRT16,true
SNORD116-7,true
PCDHGA6,true
VSIG10,true
ZNF197,true
PARK7,true
DLX2,true
GSG2,true
TPPP2,true
CROCCP2,true
ZNF20,true
CLPSL2,true
MTMR10,true
ADAMTSL2,true
LRPPRC,true
BCL9L,true
LIFR,true
PAXBP1,true
SAMD15,true
PCCA,true
EIF1B,true
CNTN1,true
BRD1,true
DPEP2,true
IGSF9,true
TRAPPC11,true
SNAP91,true
MON2,true
CCDC180,true
PDGFRA,true
SF3B1,true
FCGR2A,true
REC8,true
M1AP,true
USP43,true
ZFP1,true
MC2R,true
CASP14,true
TIE1,true
UBR2,true
POTED,true
IGHG1,true
MINK1,true
HIST1H4K,true
RPS25,true
MRVI1,true
PAPPA2,true
ERMARD,true
EXD1,true
SLC35F3,true
COL14A1,true
TCTE1,true
ADAMTS18,true
ZBTB7A,true
FOXM1,true
THBS2,true
PCDHA9,true
HHIPL2,true
PSG1,true
COL4A3,true
HK1,true
NOC4L,true
CTTN,true
UTRN,true
ARHGEF19,true
C1orf94,true
TRAV40,true
SPECC1,true
HHAT,true
LUC7L2,true
SLC45A4,true
TCTN3,true
ZNF425,true
BICD1,true
COX16,true
THOC2,true
TP53INP1,true
ZMAT5,true
MLC1,true
KTN1,true
WDR66,true
TTN,true
KIAA0556,true
ZNF182,true
DOCK7,true
CCAR1,true
NOD2,true
ATP2C2,true
B4GALT4,true
XKR4,true
PPFIA1,true
GRIN3B,true
GTSE1,true
GIT1,true
ERCC2,true
SHF,true
PYROXD2,true
TTBK1,true
WDHD1,true
MFSD11,true
PRDM8,true
SLC25A18,true
DEAF1,true
AGRN,true
KIF4B,true
NCR3,true
RPS6KC1,true
FMN2,true
DCTN1,true
NDN,true
CHAT,true
DOPEY1,true
FARP1,true
CLCA1,true
RRBP1,true
TRIM4,true
CARD11,true
PCDHA2,true
VAV3,true
XRCC6P5,true
PSMF1,true
SNRNP25,true
ZNF562,true
TRIML1,true
ARPC1B,true
TEX10,true
BTNL3,true
FAT1,true
GNAQ,true
POLK,true
ZBTB8A,true
DDAH1,true
SPEG,true
ODC1,true
RRNAD1,true
TYRO3,true
TOMM40,true
TNFRSF1A,true
TH,true
RPS27L,true
RASL12,true
CASKIN1,true
CXCR2P1,true
SNTG2,true
LRP2BP,true
SRSF2,true
IYD,true
DGKK,true
CEP95,true
PLCD4,true
AMER3,true
MRPL2,true
ADAM15,true
CAMTA1,true
NIT1,true
CBL,true
ANKK1,true
NOTUM,true
TTLL13P,true
ZMYM3,true
ARAP1,true
OR10G4,true
ARSB,true
GRID2,true
KIAA1549L,true
C21orf59,true
TTC8,true
GAB3,true
TUBB6,true
IL1R1,true
COBL,true
TPCN1,true
PRAMEF20,true
DNAH11,true
MICU1,true
ARMCX2,true
GIP,true
GJA1,true
ZNF157,true
KCNC1,true
SH3RF2,true
KIAA1462,true
CNTN5,true
PDS5B,true
SIM2,true
GRHL3,true
RPL36AL,true
OAF,true
PPP2R5D,true
ETFA,true
TBX5,true
PPARA,true
ZNF764,true
CHST15,true
KCNH5,true
PRSS16,true
HDLBP,true
IL25,true
CHRM1,true
OR7D4,true
UPK1A,true
SUN1,true
IFNLR1,true
IGHV3-16,true
EIF2AK2,true
PARPBP,true
MSRB3,true
SCN8A,true
TLE3,true
SLC6A12,true
SCAMP5,true
AHI1,true
AGAP2,true
GLIS3,true
ATP6V0D2,true
ANKRD2,true
MIR492,true
C8orf44-SGK3,true
DNAH8,true
SERTM1,true
RTCA,true
NEIL2,true
TMEM8B,true
HSD11B1L,true
PCK2,true
TOP3A,true
THBS3,true
ATP8B4,true
CRISPLD2,true
PLCB4,true
RPL10A,true
ATP13A5,true
GPR4,true
PSAP,true
RSPH4A,true
BTBD7,true
STK4,true
SCRIB,true
CIITA,true
TMEM39A,true
IGHV1-46,true
DCAF11,true
LZTS3,true
SLC39A7,true
GAL3ST4,true
SYNE2,true
MKL1,true
ADHFE1,true
GOLGA8B,true
PRKD1,true
PPP2R1B,true
WISP1,true
VNN2,true
BRD2,true
RYR2,true
EGF,true
UNC79,true
RN7SL453P,true
TRIM67,true
SKA3,true
NCF2,true
DPCR1,true
TMEM132A,true
MED12,true
SEPT6,true
CYP17A1,true
ZSWIM1,true
KIR2DL4,true
MRGPRX2,true
ABCA7,true
ROS1,true
DMBX1,true
C3orf56,true
SHANK1,true
CEP57,true
PRSS53,true
CAT,true
ZNF229,true
IGHG3,true
PTGER3,true
SLC13A5,true
NOTCH2,true
HSD17B1,true
LRP1B,true
DUSP11,true
PCDHB11,true
RFPL1,true
CDH24,true
UPK2,true
SNX18,true
AIM1L,true
RAB2B,true
ZNF281,true
FES,true
TENM2,true
F12,true
MAP1S,true
ZNF473,true
CHMP7,true
ZNF324,true
NLRP4,true
XAB2,true
C6orf89,true
FOXD4L6,true
BAG3,true
C22orf29,true
LMTK2,true
SULF2,true
FGF18,true
TNNT3,true
PAPL,true
GTF2IRD2,true
KAL1,true
MYCBPAP,true
ADD1,true
ASB12,true
BNC1,true
RYR1,true
FUBP3,true
PSG4,true
ZDHHC5,true
IRAK3,true
TTC31,true
ARHGEF15,true
TNIP1,true
PAGR1,true
CYB561,true
FBXL18,true
LRRN4,true
PTK7,true
FANCL,true
TRAF2,true
TMTC1,true
SPHKAP,true
DDX51,true
HOXB5,true
ZDHHC23,true
BBX,true
PTBP2,true
PRAMEF17,true
DYNC2H1,true
OR2L3,true
PER1,true
STK11IP,true
YPEL1,true
PGBD1,true
CDH17,true
CHD1,true
UBE2J2,true
GMEB2,true
NIN,true
GNA11,true
PDE4D,true
CORO1A,true
CCR9,true
DCDC1,true
AMICA1,true
CFAP61,true
CHST12,true
FRY,true
SORL1,true
BLOC1S6,true
PLXNA4,true
SEL1L3,true
CFAP52,true
ERAP2,true
EPS8L2,true
GRIN2B,true
PTPRG,true
STYXL1,true
FAM71A,true
SQSTM1,true
GRIK3,true
CENPE,true
SCN11A,true
FAM127A,true
RND2,true
ARHGAP4,true
VWA7,true
LRRN3,true
CA2,true
NGFR,true
KIAA1614,true
EFTUD1,true
PAPPA,true
C3,true
WDR34,true
FLNC,true
PPP2R1A,true
MYH11,true
ITGA2,true
FBXO46,true
DNAH17,true
PHC2,true
MARCH6,true
PPL,true
NECAP2,true
PPARD,true
GNAO1,true
CDYL2,true
NECAP1,true
ALG1,true
SLC13A1,true
GAP43,true
SPRY2,true
ZNF628,true
FAM212B,true
CNPY2,true
DMXL2,true
CACNA1C,true
HEPN1,true
SOGA1,true
AMZ1,true
FKTN,true
SMPD3,true
ZC3H13,true
RP11-434D2.7,true
DIP2A,true
CD109,true
OXLD1,true
PNPLA7,true
PPM1L,true
PPIL2,true
KCNE3,true
AGAP7P,true
ARHGEF11,true
EXOC5,true
AKR7L,true
DPF3,true
PDCD10,true
LLGL2,true
HIATL2,true
SLC35F6,true
RAB33A,true
RSPH14,true
PTPMT1,true
GLA,true
PGAP1,true
EIF1AX,true
NAA40,true
NME7,true
PTPRD,true
KIRREL,true
MUM1,true
KRTAP9-3,true
KRT39,true
CCDC126,true
MEST,true
OR2B3,true
GOLGB1,true
CLEC3B,true
MUC5AC,true
ZBTB7B,true
NLRP2,true
DHRS3,true
TMTC3,true
HSPG2,true
ZNF462,true
RERE,true
RGAG4,true
COL2A1,true
PGR,true
NCOA2,true
FAT4,true
CR1L,true
SORCS2,true
DAPK1,true
FAM212A,true
PLSCR5,true
OR10AD1,true
C12orf71,true
AP3B2,true
MST1P2,true
KRR1,true
MUC2,true
CUX2,true
GTDC1,true
MUSK,true
OPRM1,true
OR4E2,true
CNTNAP5,true
KRCC1,true
ZNF474,true
MMS22L,true
ANKRD19P,true
WDR47,true
MYO1F,true
KDM8,true
KRT79,true
MYO7B,true
IGHE,true
FAM193B,true
PRR14,true
RPS6KL1,true
APEX2,true
SELE,true
MARCH11,true
ATP1B4,true
FAT3,true
ADAMTS10,true
PRKCG,true
URAD,true
RGS20,true
TNFSF14,true
EIF2B5,true
ZNF560,true
GLTSCR1,true
CALD1,true
KIAA1549,true
SYBU,true
SLC6A13,true
USP13,true
MYH6,true
MYO9B,true
THAP4,true
EPS8L1,true
DDR2,true
FUT10,true
GSR,true
PRPF8,true
GABRD,true
VCX3B,true
SIGLEC1,true
ZNF180,true
PADI2,true
KIAA0586,true
IQGAP2,true
SH3YL1,true
CEP164,true
PLCE1,true
ADAMTSL1,true
FAM57B,true
ZMIZ1,true
BAP1,true
ACTRT2,true
NFIC,true
SLIT2,true
FUT9,true
SPRR2A,true
CLEC18B,true
ZC3H7A,true
MERTK,true
PLEKHG2,true
ZNF446,true
RP11-368J21.3,true
OR5L2,true
NDUFAF6,true
SLC6A9,true
MAP2,true
WDR7,true
MMACHC,true
PALM2-AKAP2,true
CSF2RA,true
STOML1,true
TNS4,true
C12orf50,true
FUS,true
ADGRA2,true
PTCH2,true
TLN2,true
TREX1,true
OR51B6,true
PI4K2A,true
DR1,true
IGSF10,true
KLHL31,true
FBN1,true
ERC1,true
LAMA3,true
ST8SIA3,true
NUP62,true
COX11,true
MRPL38,true
NFE2L2,true
SLC22A5,true
PDIA5,true
OR51L1,true
HIRA,true
TRPM6,true
DNM1,true
STK36,true
RUNDC1,true
ARMCX1,true
PCDHA12,true
MROH1,true
FCRL1,true
CYP2C8,true
LRFN3,true
ADAMTS4,true
LSM1,true
FAM198B,true
KAT6A,true
CYTH3,true
AC090825.1,true
ANKRD50,true
CHST4,true
RASGRF1,true
DNAH7,true
PRKG1,true
SLC25A28,true
BEST3,true
ZFYVE19,true
MAPKBP1,true
CDCP2,true
NFX1,true
FBXL17,true
IFT140,true
KCNK6,true
CDH4,true
RNF25,true
NPR1,true
CELSR2,true
RP1L1,true
KRTAP4-8,true
ACD,true
LILRB4,true
C2orf54,true
ZNF629,true
SNORD116-11,true
LATS2,true
MYOF,true
HIVEP3,true
CLEC4M,true
UTP14C,true
UROD,true
MAOB,true
NBPF26,true
OR6C65,true
MCRS1,true
KRTAP5-5,true
SCARB1,true
KIAA1109,true
FAM217A,true
SPAG5,true
EXOC2,true
INPP5E,true
GLI2,true
DNAJC8,true
NPAS1,true
KCNV1,true
RABGGTB,true
ARHGDIA,true
PCDH9,true
RBM44,true
ELK4,true
ZNF766,true
HTR2B,true
LMBR1,true
XRCC3,true
VASH2,true
TRANK1,true
S1PR4,true
HIRIP3,true
TRIM63,true
UNC5C,true
C8orf31,true
SLC7A2,true
TBC1D15,true
GSTA4,true
CNST,true
VPRBP,true
BICC1,true
HDAC4,true
FUK,true
TNRC6B,true
MEGF8,true
TRPC5,true
ESRRG,true
TRIM68,true
PTPN23,true
GPR68,true
SNX20,true
TMEM8A,true
NSD1,true
CDH7,true
TCHH,true
HMX3,true
GNB1,true
LPCAT1,true
ADGRG4,true
RNF213,true
MTOR,true
CCDC155,true
UBR4,true
ZNF442,true
KIF5A,true
BZRAP1,true
WLS,true
CCDC89,true
RPS9,true
SSPO,true
NEB,true
FBLN7,true
JPH2,true
SLC2A10,true
SLC26A9,true
SERPINA3,true
EPC1,true
PUS3,true
XIST,true
CCDC8,true
PRSS54,true
HTR3E,true
BAHCC1,true
FRMPD1,true
IMP4,true
DSCAML1,true
CUL7,true
OR6K3,true
TCP11L1,true
MMP20,true
UBA6,true
SZT2,true
ATXN1,true
PDE4C,true
SAP130,true
OSM,true
PCYT1B,true
ULK1,true
SPTA1,true
CCNG2,true
DDHD2,true
MCHR2,true
TOX3,true
CYSLTR2,true
SNRNP200,true
ACVRL1,true
AGAP1,true
DEDD,true
BZW2,true
EIF4G3,true
NUP210,true
STAB1,true
GJA5,true
AKAP9,true
FREM1,true
GPR155,true
CLEC14A,true
HUWE1,true
PRKDC,true
PYCR2,true
RAD51B,true
SOX14,true
ARPC2,true
SPTBN4,true
ZNF484,true
LILRA2,true
KIAA1211,true
AOX1,true
GRID1,true
ZDHHC17,true
CDC20B,true
OR2D3,true
EVC,true
ADCY9,true
TAF1C,true
NCAM1,true
SERPINB4,true
MYBPC2,true
JAK1,true
TTC37,true
TDRD5,true
APBA2,true
THSD7B,true
INPP5F,true
C1orf86,true
KRTAP4-4,true
ABR,true
ZNF546,true
HEPHL1,true
CBX5,true
SPRED1,true
KIR2DL1,true
RP11-108O10.8,true
DPYSL4,true
ZNF702P,true
PCDHB7,true
MRPS35,true
RPL11,true
PCDH19,true
ATP1A2,true
DNAH2,true
C1orf127,true
LCE3D,true
PLCL1,true
TTF1,true
TAF15,true
COL25A1,true
ZFC3H1,true
MAN1A1,true
KRTAP4-9,true
DLL1,true
SMARCC1,true
DOCK10,true
CYC1,true
FAM47A,true
APC,true
RGL3,true
RP11-113D6.10,true
TRPV2,true
EIF5A,true
CSMD2,true
ERP27,true
PHLDB1,true
ZBTB21,true
TNIK,true
DCBLD2,true
AC073869.20,true
OR5C1,true
NACA2,true
PLEKHM3,true
PLA2G6,true
C16orf62,true
AHCTF1,true
RGS11,true
RNASEH2A,true
ZCCHC2,true
UGT2B15,true
BCOR,true
CTTNBP2NL,true
BAZ2A,true
PVRIG,true
KCNA5,true
SERPIND1,true
SCN9A,true
CYP1A1,true
TBCD,true
FAM13B,true
LINC00336,true
NBEAL2,true
RNPEPL1,true
PPP1R15A,true
AP3D1,true
KIAA1024,true
TRPM2,true
USP35,true
DOCK6,true
PLEC,true
SLC4A2,true
GPATCH8,true
GTF2E2,true
DCP1B,true
YAP1,true
PCSK4,true
SMCR8,true
DOCK3,true
MYO3B,true
CADM2,true
WTIP,true
DMXL1,true
RHPN2,true
NLRP11,true
PKHD1L1,true
BCAS1,true
ITGB8,true
CACNA2D1,true
NLRP14,true
TBX6,true
PTGER2,true
SYNE1,true
TRPM7,true
RASA2,true
CSMD1,true
XPO7,true
GRM6,true
PKP4,true
FGFR4,true
TMPRSS9,true
PRAMEF18,true
FOXS1,true
SIPA1L3,true
DFNA5,true
WDR27,true
HTT,true
RASGRF2,true
ATAD2B,true
MROH2B,true
SHPK,true
F7,true
LRRC42,true
S100P,true
TIMM50,true
TBL2,true
EDN1,true
POLR1B,true
SLC39A5,true
RADIL,true
PLAC9,true
BMP7,true
TMEM179B,true
RENBP,true
TRAV8-2,true
RARG,true
INTS5,true
TECTA,true
PRR19,true
ZNF491,true
C20orf96,true
SLC1A7,true
C2orf71,true
TRIM29,true
MCEE,true
CEP192,true
CREM,true
COL5A1,true
ASB10,true
PLD5,true
ARHGEF40,true
GBA2,true
PSD4,true
IL24,true
PUM1,true
DCAF12,true
SERPINA9,true
PLD2,true
RPS2,true
DCANP1,true
IGDCC3,true
SMC1A,true
GNG7,true
RAB38,true
DGKQ,true
EP400,true
OR2A14,true
PPP6R2,true
TOM1,true
COL22A1,true
ARHGAP17,true
TCF19,true
AGBL1,true
FANCA,true
ITGA5,true
EPHA4,true
SAP30BP,true
C4orf17,true
OR10H1,true
KLK11,true
GATS,true
ZNF568,true
ALOX15,true
LMO3,true
NXPH3,true
ABHD2,true
ADGRL3,true
SPG7,true
LAMA1,true
ALDH2,true
GPBAR1,true
SLC16A2,true
PRRG4,true
OBSL1,true
SF3A2,true
ASB6,true
KIR3DL2,true
EPC2,true
PTPRU,true
CERK,true
EFNA4,true
VSTM1,true
KRT32,true
PPFIBP2,true
TMEM2,true
FCRL6,true
SLC12A7,true
BEND3,true
TAS1R2,true
KNDC1,true
COL9A2,true
ZNF518B,true
DSG1,true
CPEB3,true
GIF,true
LIPI,true
DCDC2B,true
SALL3,true
TGM4,true
BRCA2,true
ARNT2,true
KCNJ16,true
FLNA,true
FAM222A,true
SPAG16,true
CLIC5,true
EPG5,true
MATK,true
TYRP1,true
ZNF860,true
TP53BP1,true
NMNAT2,true
SLC12A5,true
ABCA12,true
HCN4,true
EMC1,true
HRASLS5,true
NLRP9,true
GRIA1,true
MYLK,true
GGA2,true
CWC25,true
MED25,true
MATN4,true
SNTN,true
SLFN11,true
MS4A15,true
ASXL3,true
PAX7,true
KRI1,true
GREB1,true
FMO2,true
UHMK1,true
KLHL26,true
PVRL1,true
PRDM2,true
PRKCB,true
PMPCA,true
DHRS7B,true
EXT1,true
MS4A8,true
CACNA1D,true
ELMO2,true
NACA,true
GGA3,true
KCNT1,true
IGSF11,true
STK33,true
UNC13B,true
SGK223,true
RECQL5,true
SLC4A1,true
SEC16A,true
TMEM63B,true
PPP4R1,true
PDZD4,true
RPP38,true
SMC5,true
THSD4,true
EEF2,true
TRERF1,true
CHMP1A,true
PITPNM2,true
PRRC2A,true
MAGED1,true
C14orf166,true
SOST,true
SLC30A1,true
SLC19A1,true
TWF2,true
CPVL,true
SYT11,true
FAM187B,true
DENND3,true
FGFR2,true
STAG1,true
KIAA1217,true
DNM1P47,true
VWA2,true
GPR83,true
HAT1,true
OTUD4,true
ING3,true
CCER1,true
STON1,true
NOS1AP,true
GPR78,true
C4orf32,true
PNLIP,true
KIF13B,true
LILRB2,true
TBC1D10A,true
ALMS1,true
CYP2A13,true
MIR518E,true
ADAM21,true
FKBP9,true
ZNF195,true
SLC3A2,true
ASIC1,true
HOXA4,true
N4BP2,true
FMNL1,true
FANCM,true
CBX2,true
NTM,true
RNF43,true
SUN5,true
NR3C1,true
ARID1B,true
SLC23A3,true
MAP3K5,true
APOA4,true
NRCAM,true
SIM1,true
PPP1R26,true
DNAJC1,true
ELOVL2,true
ST3GAL3,true
GTF2F2,true
MUC4,true
FAM114A1,true
CSDE1,true
TFAP2B,true
SETX,true
SLC34A3,true
FSHR,true
STIP1,true
MEN1,true
IL17RD,true
TMOD2,true
MMADHC,true
CTC-260E6.2,true
ATG9A,true
PDXDC1,true
AMY2A,true
TNS3,true
MIR518B,true
GOLGA2P11,true
PTPRB,true
WDR90,true
PLEKHF2,true
LRRC49,true
DNAJB6,true
TMEM35,true
ADAMTS12,true
C17orf80,true
HOXB8,true
ABHD8,true
ZNF555,true
ASPM,true
KL,true
GLP1R,true
LILRA5,true
SYNDIG1,true
KIAA0430,true
UBE2B,true
THRB,true
SLAMF7,true
OR2L2,true
OR11H1,true
LCE4A,true
MRPL4,true
FAM214A,true
BMP1,true
SMARCA4,true
FBXL13,true
RANBP3L,true
ASCC3,true
PCDH10,true
GABBR2,true
NPHP3,true
GPX1,true
LAMB1,true
KCTD19,true
GRN,true
CACFD1,true
ARSJ,true
MAPK8IP1,true
COL6A1,true
EFHC1,true
IVL,true
AADACL4,true
ITPR2,true
RNF167,true
RALGAPA2,true
MAP3K19,true
ZNF836,true
KIAA1324L,true
CYP4F24P,true
TMC2,true
MAP2K3,true
LCAT,true
CFAP43,true
CSNK1A1P1,true
IRF5,true
SETD2,true
PCSK7,true
SRRM2,true
ZHX3,true
CKM,true
WNT2,true
KMT2B,true
GADD45A,true
LRRTM1,true
VPREB3,true
SBF1,true
PLCB2,true
HMGXB4,true
ANGPT4,true
ADCY5,true
ASIC2,true
COG2,true
CGNL1,true
RAB11FIP5,true
MACF1,true
DHTKD1,true
TET3,true
RBL1,true
SLC5A12,true
NRXN2,true
CNTN2,true
ABCA6,true
SGSM1,true
HLCS,true
DLGAP3,true
MGAT4B,true
MYH2,true
FCGRT,true
NOP14,true
RAD23B,true
SYK,true
GRIN2A,true
DTNA,true
GALNT2,true
ADGRF5,true
ETS1,true
WDR25,true
MAPKAPK2,true
PCDHGB4,true
DYNC1I2,true
MSS51,true
CEP131,true
GRHL2,true
RBM22,true
SPRY3,true
SBSPON,true
KIAA0196,true
ATF7IP,true
SLC12A9,true
NCOA6,true
NPEPL1,true
NCKAP5L,true
LIMS1,true
LCE1F,true
NOP10,true
PSMB11,true
VWF,true
TFDP3,true
KANK3,true
UBXN11,true
PCGF6,true
STRN4,true
DAK,true
SNX4,true
CAMSAP1,true
KIAA1958,true
CCAR2,true
PAG1,true
TNIP2,true
SPTBN1,true
CNTN3,true
FANCD2,true
KCNU1,true
RGS12,true
PRDM9,true
DHPS,true
MYO7A,true
PRLHR,true
EMID1,true
RRP12,true
LRFN1,true
LMOD3,true
SRSF4,true
ALDH1A3,true
GP2,true
C2orf16,true
SLC27A6,true
QKI,true
P2RY2,true
MPP3,true
DENND6A,true
OBSCN,true
ZNF101,true
UBR5,true
ASPRV1,true
EWSR1,true
TMEM45B,true
SLC40A1,true
PREPL,true
TTLL4,true
SEMA4A,true
SLC18B1,true
DEPDC5,true
OGN,true
ANXA2,true
RHBDL3,true
TAF1L,true
TRIM62,true
ADIPOR1,true
SLMAP,true
THBS1,true
MAPK8IP2,true
PPP2R2A,true
ZNF304,true
PDZD2,true
ROBO1,true
NSMCE1,true
PANK4,true
CDH18,true
TOP2B,true
C10orf54,true
RAI14,true
TSC22D3,true
MUC17,true
MYL10,true
FKRP,true
ZNF658,true
ITPR3,true
KIAA2013,true
CTSK,true
PTPRK,true
ZSCAN20,true
OR2B2,true
ZNF354C,true
OR9A4,true
PACSIN2,true
ALKBH7,true
RHBDL2,true
GABRE,true
TMED7,true
RAC3,true
CSGALNACT1,true
VPS4A,true
SLC6A5,true
ACOX1,true
ARPP21,true
HEXA,true
IL18R1,true
ARID1A,true
ST6GAL2,true
WDR72,true
PSIP1,true
LRRC30,true
SPDL1,true
NREP,true
UMOD,true
KMT2D,true
NBN,true
CYP2D7,true
PPP1R18,true
GNB3,true
DVL2,true
DNER,true
CAND1,true
PTCD1,true
DSC1,true
MAP7D2,true
B4GALNT2,true
SHROOM1,true
ANK2,true
RALGAPB,true
TRIO,true
COL12A1,true
CTTNBP2,true
ARL8A,true
DROSHA,true
UMODL1,true
KDM6A,true
NEDD9,true
POLD1,true
FAT2,true
CNGA2,true
CASC3,true
SVEP1,true
RP11-231C14.4,true
ZNF503,true
LRRTM3,true
F5,true
NCOR2,true
ERCC6L,true
EFEMP2,true
SSX5,true
GSN,true
CLP1,true
CDKL4,true
COA7,true
ALPI,true
TLDC1,true
RBM10,true
GPR87,true
DCAF8L1,true
LRRC66,true
PDE6B,true
PDE4DIP,true
KCNMA1,true
PPP1R3B,true
ANKRD20A11P,true
ZNF518A,true
TNFRSF8,true
TOB1,true
JPH3,true
MCM5,true
CHIT1,true
CELSR1,true
PPID,true
CAP2,true
SCN2A,true
SCNN1A,true
NYX,true
FRAS1,true
RNF113B,true
CFP,true
ZNF527,true
ACOT8,true
FASTKD3,true
RAC2,true
DIDO1,true
MIR516A2,true
KIAA1551,true
CD4,true
PGAM4,true
CDH3,true
ZNF511,true
ATF6B,true
CFAP70,true
ZMAT1,true
LRP8,true
CD93,true
OR4K1,true
CACNA1B,true
EEF1A1P5,true
FBXO10,true
SSH1,true
CACHD1,true
SBK2,true
RET,true
PPP1R3A,true
ACTB,true
ESR1,true
MYO15A,true
PREX2,true
REEP2,true
SLC22A14,true
TADA3,true
SMC2,true
FXR2,true
HERC2,true
EP300,true
CPT1C,true
TP63,true
DSTN,true
LRRC15,true
SEC14L1,true
RP11-707M1.1,true
BIRC5,true
ZNF479,true
NPIPA7,true
SPAG11B,true
WDR41,true
PTPN21,true
KRBA2,true
ACP2,true
FOXP2,true
MYBPC3,true
LRRC8A,true
H2AFZ,true
ITPKB,true
RPL12,true
ZNF599,true
DMPK,true
ABCA13,true
GRIK4,true
SPACA6P-AS,true
GPC5,true
BBOX1,true
MTNR1B,true
PIGU,true
KCNK13,true
RBM12,true
PCDHGA2,true
LYST,true
DSCAM,true
CDC27,true
ARHGEF17,true
P4HB,true
DCPS,true
CAMKMT,true
HPSE2,true
LY6G6C,true
UNC13C,true
FMO3,true
AR,true
DRG1,true
SPARCL1,true
NUP210L,true
NLRP3,true
NEDD4,true
DYSF,true
ITGAX,true
PPEF1,true
KDM3B,true
FTSJ3,true
ASB11,true
TCIRG1,true
CPEB1,true
MBP,true
RPS6KA6,true
BPIFB1,true
FBXW7,true
MRPS5,true
OSBPL2,true
COL4A1,true
KRT31,true
GALT,true
CSF3,true
FOXF2,true
SNAPC4,true
CHST2,true
UGT2B17,true
TRAM1,true
HELZ2,true
CDHR1,true
ZNF594,true
STRIP2,true
LRRC16A,true
TRIM56,true
MORC3,true
