Gene,Lymph_Nodes
ATXN1L,true
MYO1E,true
HOXA9,true
FAM124A,true
F11,true
COLEC11,true
TMSB4X,true
FAM83G,true
GRM7,true
KAT2A,true
GPR50,true
MAGEC1,true
SLX4IP,true
LINC01551,true
HLA-B,true
DNAH14,true
CYP2C19,true
GEMIN2,true
GAS6,true
MYC,true
TPP2,true
LGI3,true
THBS4,true
SRGAP1,true
BMP3,true
IGSF9B,true
NBPF4,true
GTPBP8,true
GLP2R,true
SEMA5A,true
TPO,true
MTSS1,true
ATP2B4,true
SMARCD3,true
CCDC166,true
PCDHA1,true
LTN1,true
BRAF,true
TECPR2,true
PFN1,true
ZFP42,true
PI4KA,true
CTSC,true
KRT13,true
EGR1,true
FOXO1,true
PSMC4,true
AP3M1,true
AGO2,true
KCNN4,true
OTX1,true
SDHC,true
CHERP,true
JARID2,true
XBP1,true
FNDC1,true
GABBR1,true
TNRC6C,true
PIK3CD,true
UBASH3A,true
GFPT1,true
APOBEC3D,true
FAM171A1,true
PMFBP1,true
MLLT10,true
PRRC2B,true
NHS,true
KCNT2,true
PTPRF,true
HMMR,true
FZD10,true
GSTA3,true
OR6M1,true
RAB17,true
UGT2B10,true
KIAA0355,true
SLC26A3,true
TRIM46,true
SUSD5,true
APOL5,true
DLG5,true
CLUL1,true
MUC16,true
RP11-22B23.1,true
CUL9,true
MUC5B,true
ARCN1,true
LRRC4B,true
CD58,true
RBM42,true
OR5B21,true
KRTAP2-4,true
PDGFC,true
RIN2,true
PTPN3,true
HTR2A,true
EXOSC1,true
ZNF488,true
AMOTL2,true
PTCHD4,true
GNA13,true
SI,true
SENP2,true
ADGRL4,true
PLXNB3,true
CSK,true
PCDHB5,true
GRIA2,true
PHIP,true
RIMS4,true
NLRC3,true
ANKRD29,true
PDPK1,true
PPFIA2,true
PSMA8,true
ISL1,true
PPP1CA,true
IGHD5-24,true
ERBB4,true
PLA2G4C,true
LINC00886,true
WBSCR16,true
IL6,true
SH2D4B,true
TBC1D10B,true
LTBP2,true
KIF3C,true
ZNF20,true
MTMR10,true
GYPA,true
ADAMTSL2,true
VPS13C,true
IGJ,true
PAQR7,true
CNTN1,true
ZDHHC7,true
DCC,true
MED22,true
CEP104,true
AC000036.4,true
ALOX15B,true
SF3B1,true
FKBP5,true
CBFA2T3,true
GATA3,true
AKAP8,true
FAM74A1,true
RNF19A,true
SOCS6,true
C5orf42,true
IZUMO2,true
SULT1C2,true
DNAH5,true
HIST1H4K,true
GRM4,true
ANKRD36BP2,true
SATB2,true
CHD8,true
MRVI1,true
C7,true
TESK1,true
IFT88,true
SLC16A10,true
CCL2,true
COL14A1,true
DLX4,true
VWDE,true
SH3PXD2A,true
C5orf38,true
PFAS,true
CACTIN,true
RAB8A,true
TMPPE,true
WDR87,true
PCDHA9,true
TP53,true
SUPT20HL2,true
G3BP2,true
PSMB5,true
STAU1,true
C7orf55-LUC7L2,true
UTRN,true
DNAJC11,true
KLHL7,true
PAPD4,true
THOC2,true
ZNF425,true
ADGRL1,true
RTEL1-TNFRSF6B,true
HECTD1,true
HLA-DMB,true
PLXDC2,true
AOC1,true
RXFP2,true
FAM101A,true
FAM117A,true
SOCS3,true
CA3,true
RP11-25K21.6,true
TNFRSF13C,true
STAT6,true
GDF10,true
TRIM24,true
CPS1,true
CYLC2,true
AASDHPPT,true
LYRM5,true
PSAPL1,true
IKZF4,true
PPP2R2C,true
MYO1A,true
XKR4,true
PEG3,true
TRPM3,true
FAM107B,true
THOC7,true
ZNF445,true
PBDC1,true
CDKL5,true
SYTL5,true
TAPT1,true
RARB,true
PLCXD3,true
CLVS1,true
KANK2,true
TBC1D1,true
COG4,true
ANKRD30B,true
PXDNL,true
NLRP7,true
SPPL2B,true
CCT5,true
LPPR4,true
PRRT2,true
KIRREL3,true
ADAMTS15,true
SRRM5,true
DNAH1,true
PIPSL,true
SDK1,true
TAOK1,true
IL12RB1,true
GPRIN2,true
MX1,true
TMED4,true
ABLIM2,true
ZNF114,true
ANK1,true
SGCB,true
MYO1H,true
LILRB5,true
GNAQ,true
OR2L8,true
ITIH5,true
IGKV1-5,true
IL4R,true
TYRO3,true
NR6A1,true
PNPLA5,true
RHOA,true
RBFOX1,true
TECR,true
TCF12,true
SLC6A2,true
IDH3A,true
BMP4,true
SMPD4,true
IGHV4-61,true
C22orf34,true
NONO,true
AGPAT2,true
JMJD6,true
CNTRL,true
IRF2,true
ADAMTS2,true
ARAP1,true
OR5AP2,true
GRID2,true
IL13RA1,true
KANK1,true
TMEM74,true
MPDZ,true
DYRK1A,true
PCDHGA7,true
STAT2,true
MAP1A,true
SCAND1,true
FER1L5,true
DNAH11,true
TNF,true
GJA1,true
MICAL3,true
SPOCK2,true
MYO9A,true
MOB1A,true
PCDHAC2,true
NKAPL,true
XXbac-BPG55C20.7,true
KDR,true
UCN,true
TBX5,true
JAK3,true
KCNH5,true
ARL4A,true
NEUROD1,true
RPL3,true
CRISPLD1,true
ESPN,true
RREB1,true
KLHL36,true
BRCA1,true
NUAK1,true
TPD52L2,true
SNX9,true
MITF,true
PCF11,true
OR5D16,true
SRM,true
UBTF,true
HIST3H3,true
SEMA3E,true
HSF1,true
CTR9,true
COCH,true
ZNF773,true
TBC1D8B,true
CLASP2,true
RAB6C,true
NRG2,true
AARS2,true
ZNF781,true
HSD17B11,true
MSX1,true
CALY,true
HMGB1,true
STAC,true
ARHGEF2,true
ZNF98,true
CIITA,true
CASP1P2,true
CHD4,true
OCIAD1,true
LCA5,true
NAV3,true
SRSF7,true
SYNE2,true
SPDEF,true
ZBTB8OS,true
IGLV1-44,true
WISP1,true
ANKRD17,true
CNRIP1,true
FRMPD4,true
BRD2,true
NAA11,true
ABLIM3,true
ADCK1,true
POLR2J3,true
RYR2,true
FOXB1,true
TMEM132A,true
ERICH1,true
CCDC130,true
ACAD10,true
MYO18B,true
ERAP1,true
ABCA7,true
UBQLN2,true
FAF1,true
PARK2,true
SHANK1,true
GPX5,true
ATF7,true
KCNN1,true
CYSLTR1,true
BRINP1,true
LIPN,true
TTC3,true
IFI27L2,true
TSHZ1,true
FLRT2,true
JAM3,true
SNX18,true
ANKFY1,true
SHMT1,true
RAB26,true
PPP1R16B,true
ZNF324,true
JAKMIP3,true
F9,true
IGHV1OR21-1,true
CXCR5,true
EFHB,true
ARC,true
SAMHD1,true
DUSP6,true
ENTPD5,true
USP33,true
NME8,true
TNFRSF4,true
SEPT4,true
CEP295,true
TBX18,true
DDC,true
IGHM,true
RGS1,true
CPLX3,true
L3MBTL4,true
ZNF607,true
WDR24,true
TREH,true
ERG,true
KCNH1,true
IGHV2-26,true
MAGEE1,true
OR51A2,true
CTSE,true
HTR1B,true
C1orf64,true
PKHD1,true
TSPAN19,true
ADAMTSL5,true
LTB,true
HLA-DQB1,true
HOXB5,true
GLTSCR1L,true
EIF2S2,true
GC,true
HOXD1,true
HNRNPA1,true
BTBD3,true
LPPR5,true
DYNC2H1,true
OR2W3,true
MAGEA6,true
ABT1,true
PER1,true
LEUTX,true
SOX17,true
PTH2R,true
RAB3GAP2,true
AC215219.2,true
POU3F2,true
RFX2,true
HKDC1,true
CCDC144B,true
BDNF,true
AMICA1,true
SOCS1,true
FBF1,true
MAGT1,true
ANKS3,true
SORL1,true
SEL1L3,true
SHANK2,true
OPTN,true
SLC37A3,true
C1S,true
TRIOBP,true
EPS8L2,true
RABL2A,true
CADPS,true
FRMPD2B,true
FAM127A,true
OGFR,true
SLCO1B3,true
THOC5,true
FBXO15,true
PIGZ,true
NCF1C,true
C3,true
WDR34,true
OR56A3,true
SBF2,true
ITGA2,true
POU4F1,true
RFC5,true
DNAH17,true
SERPINB10,true
DRG2,true
EPHB2,true
CACNA1C,true
WAS,true
BACH2,true
HBA2,true
HMCN1,true
ZC3H13,true
ASB7,true
ZNF536,true
OXLD1,true
ATP12A,true
CSNK1A1,true
ARIH2,true
OR9Q2,true
MPPED1,true
NID1,true
CD320,true
DOT1L,true
CD83,true
ANKRD13D,true
LLGL2,true
FPR2,true
TSHZ3,true
LOX,true
GALNT1,true
XRN1,true
HEATR1,true
HADH,true
LRRC32,true
FMR1,true
OR4D10,true
FAM106A,true
GOLGB1,true
NT5E,true
RIMBP2,true
FOXK2,true
PTPN13,true
SOD3,true
HYAL3,true
LONRF2,true
CECR6,true
SNX1,true
TPBG,true
PRDM10,true
ATP10D,true
CEP63,true
CEMIP,true
ALDH1L1,true
PGR,true
FAM19A1,true
ANO3,true
OR51A4,true
ACE2,true
ALDH1B1,true
SNRPN,true
PDHA2,true
PCDHGB2,true
TCP11L2,true
B3GALT1,true
CCDC154,true
GTDC1,true
CCND2,true
OPRM1,true
WISP2,true
MMS22L,true
AHCYL1,true
MYO1F,true
TBRG1,true
CCDC168,true
IGHE,true
POLN,true
DDX42,true
PUM2,true
RHOBTB2,true
ULK4,true
P2RY6,true
NRF1,true
COX10,true
PDCL3,true
HLA-K,true
FNTB,true
SSR3,true
PANK1,true
SPATA20,true
B2M,true
AGBL4,true
PPIL4,true
RTN4RL1,true
SLX4,true
MMP2,true
DTX1,true
SWAP70,true
SPIN4,true
SH3YL1,true
ADAMTSL1,true
PIK3AP1,true
TACR2,true
BEGAIN,true
RP11-693N9.2,true
PRDM16,true
KREMEN2,true
NTSR1,true
COA1,true
EDRF1,true
SDCCAG8,true
NASP,true
KAAG1,true
MYH14,true
SULT1A1,true
FAM205A,true
CEP112,true
TLN2,true
C9,true
MBL2,true
LGALS9B,true
PGM5P2,true
OR51E1,true
KAT2B,true
VEGFB,true
VSX1,true
BIRC2,true
TLE4,true
EBF3,true
ZCCHC8,true
NCL,true
TRPM6,true
CSNK2A1,true
TADA2B,true
CUL4A,true
MROH1,true
CCR3,true
PRAMEF14,true
ANKS1A,true
CDK13,true
CHST4,true
ZNF223,true
SLC5A9,true
TRMT44,true
NOSIP,true
BEST3,true
MARCO,true
BTBD11,true
ZBTB42,true
ALOXE3,true
CDH4,true
CLCN3,true
CSPG4,true
SLC39A13,true
MYOF,true
PTPN9,true
NFYB,true
OR52N5,true
ABCG4,true
SF3B2,true
MKRN2,true
SPDYC,true
USP11,true
ZNF738,true
GYLTL1B,true
NHLRC2,true
GRIK1,true
RNASE3,true
NEK10,true
SPAG5,true
ADRA1A,true
CARD17,true
MAF,true
MUC6,true
APEH,true
SMEK1,true
NPAS1,true
EIF3B,true
PLEKHA6,true
ATP6V0A4,true
WNT7B,true
PCDH9,true
FSIP2,true
NPAT,true
GPCPD1,true
LHX4,true
HIST2H2BE,true
DOCK5,true
OPRK1,true
HIST1H2BG,true
UNC5C,true
SEC24B,true
SLC7A2,true
KCNJ6,true
FAM133A,true
BICC1,true
MARVELD3,true
TNRC6B,true
UCKL1,true
OTOP2,true
HOOK1,true
C18orf21,true
ESRRG,true
ST8SIA2,true
TIAM2,true
CNDP1,true
INTS12,true
SLC1A6,true
SUPT20H,true
NCOA1,true
CATSPER2,true
SYT7,true
ZC3HAV1L,true
TMTC4,true
CACNA1A,true
CTNND2,true
NEB,true
ZNF347,true
CCDC17,true
TCTN1,true
PPP2R5A,true
ABL1,true
WNK2,true
PSMD13,true
MUC15,true
KIF2B,true
HOXC9,true
C6orf223,true
MTUS1,true
HIST1H3B,true
MBD1,true
FRMPD1,true
PCDHB12,true
ADIRF,true
CUL7,true
TDRD6,true
ADAM22,true
NKX6-3,true
CCDC181,true
PDE4C,true
SAP130,true
MCL1,true
COL4A6,true
CRMP1,true
ABCC10,true
SH3BGRL2,true
GRM2,true
DCST1,true
GLS,true
EIF4G3,true
STAG2,true
AIFM1,true
NDST1,true
PDLIM4,true
ACOX2,true
OR4C46,true
DACH1,true
MRC2,true
KCNA4,true
INHBA,true
SCYL3,true
ZSCAN25,true
NFIB,true
ZFX,true
EVC,true
CCDC178,true
PRDX2,true
APBA2,true
C1orf112,true
RAP1GAP,true
KRTAP4-4,true
PLCG1,true
FLRT3,true
CHEK2,true
CAD,true
RAI1,true
CSNK1G3,true
MTMR1,true
CD1C,true
ZNF286A,true
ZNF880,true
LPCAT2,true
CHST5,true
PCBD2,true
SLC9A8,true
PSKH2,true
ATP6V0A1,true
PIKFYVE,true
TAF15,true
POLDIP3,true
PTPRT,true
USP3,true
CDH8,true
ACSL6,true
CCDC108,true
FOSL2,true
CAPN12,true
RNF216,true
C9orf47,true
ATRX,true
SNORA22,true
ZBTB49,true
APC,true
MYO10,true
PHLDB1,true
CSMD2,true
CMTR1,true
THOC1,true
ARAP2,true
IGKV1D-16,true
ROPN1B,true
MIR1204,true
ONECUT2,true
GRIN3A,true
CHMP1B,true
IGHA2,true
BTBD6,true
ANKRD34A,true
PPP2R3C,true
ITIH1,true
PEX5L,true
PAPD7,true
TTC13,true
SERPIND1,true
ADO,true
TMTC2,true
CD8A,true
ABCB5,true
MIF,true
MAN1C1,true
CXCL2,true
CADM2,true
DNHD1,true
AL078471.5,true
DEFB114,true
POC1A,true
SLC6A14,true
LRAT,true
HBS1L,true
CSMD1,true
SLC25A41,true
ATP2A3,true
FGFR4,true
FOXS1,true
OR4N3P,true
HIPK3,true
FAM179B,true
DMBT1,true
MROH2B,true
CADM1,true
ITGA6,true
EIF5AL1,true
TLL2,true
ZEB1,true
MC4R,true
BPIFB4,true
CR1,true
TECTA,true
KIAA1644,true
IGLV3-9,true
LOXL3,true
C2orf71,true
MPV17L,true
RPS6KA5,true
C15orf39,true
COL5A1,true
XPO6,true
MST1L,true
CMTM3,true
SPATA5,true
MARC2,true
ITGA3,true
CNOT3,true
CPT1B,true
TBC1D9,true
KRT16P6,true
EPHA4,true
RGPD4,true
LMAN2,true
CRKL,true
INPP5D,true
CXCL12,true
TRDN,true
DLG2,true
RASSF1,true
AMOTL1,true
SCUBE1,true
NRAP,true
KIR3DL2,true
NUCKS1,true
STEAP3,true
PRR23C,true
LANCL3,true
TRPM4,true
SGIP1,true
PDE7A,true
DCDC2B,true
TRIM58,true
FEM1B,true
CENPJ,true
TET1,true
FLNA,true
EPG5,true
FBXW11,true
C14orf119,true
PKIA,true
DRC1,true
PCDHB2,true
CAPN7,true
CSNK2B,true
LAP3,true
SCAPER,true
COMP,true
MATN4,true
PTN,true
GNL2,true
KLHL21,true
DNAJC18,true
ASXL3,true
CTBP1,true
FMO2,true
ZNF343,true
WFDC8,true
PCDHA11,true
UNC80,true
RMND5B,true
PRDM2,true
ATP8A2,true
NACA,true
ZNF648,true
EIF3L,true
COX15,true
CD68,true
HIST1H4B,true
PDE4A,true
LRRC38,true
COL6A5,true
YY1AP1,true
ADGRV1,true
RASEF,true
ARHGAP28,true
PRRC2A,true
TLN1,true
SEC22C,true
KIAA0226,true
SCGB2A2,true
GPBP1L1,true
CARD9,true
IGLV4-60,true
FGFR2,true
NOL9,true
BEND5,true
PLB1,true
RNF123,true
NCAPD3,true
PC,true
C4orf32,true
FGG,true
SCRT1,true
NFATC2,true
TEKT1,true
LSR,true
CA4,true
NTM,true
CCR2,true
MPP7,true
DKK2,true
RAB42,true
PEG10,true
PRSS12,true
DAZAP1,true
CACNA1E,true
EBF1,true
MSANTD3,true
FZD9,true
GMPR2,true
SLC44A5,true
GPRASP1,true
BDKRB2,true
DLGAP1,true
MUC4,true
CDH23,true
HCFC1,true
TRIM77,true
PLCH2,true
ZNF700,true
FOXD4L5,true
ME3,true
ZNF337,true
SIAH2,true
LSAMP,true
TRADD,true
ADAD1,true
ZBED4,true
NKAIN2,true
EYS,true
TLX1,true
LINC01205,true
ZNF703,true
MIRLET7A1,true
DST,true
MAP4K1,true
CDC25B,true
DOCK2,true
IL7,true
LNX1,true
GABRA3,true
ACKR3,true
pk,true
NAP1L6,true
SLC9A2,true
SIGLEC14,true
RNMTL1,true
SLC25A37,true
KCTD8,true
KCTD19,true
EPHA8,true
GDPD4,true
DOC2A,true
SMARCB1,true
C10orf90,true
FCN2,true
RAB36,true
MCM10,true
GPR34,true
IRF2BP2,true
MAP2K3,true
CFAP43,true
CISD2,true
TMEM30B,true
SRRM2,true
BRAP,true
WNT2,true
RICTOR,true
AATK,true
CHRM3,true
FBLN5,true
FAM178B,true
RPL14P1,true
RSPH9,true
SMPD1,true
MACF1,true
SLC35A2,true
PLG,true
PCDH15,true
SLCO1C1,true
OR52I2,true
CHID1,true
CACNA1G,true
LINGO3,true
IRX2,true
MT1H,true
MOV10,true
TIGD1,true
OCA2,true
UHRF1BP1,true
TTC21A,true
RHOT1P3,true
CACNA2D4,true
HSPB2,true
LIMS1,true
ATP1B1,true
GPR171,true
KRTAP1-3,true
DUSP27,true
TNN,true
NFE2L3,true
REEP4,true
OR7A10,true
FARSB,true
SLC4A4,true
MICAL2,true
RRP12,true
EIF1,true
IGLJ3,true
PRR26,true
HIST1H2BJ,true
SOX4,true
ASPRV1,true
SOHLH1,true
HMGCR,true
SAMD14,true
CCT6A,true
TOR3A,true
SEMA4A,true
IGLV1-40,true
ADIPOR1,true
OR12D2,true
AGPAT4,true
TBC1D10C,true
NTRK3,true
KDELR3,true
ADRA2B,true
IGHG4,true
RNF145,true
TMEM237,true
ROBO1,true
RALBP1,true
TSC22D1,true
GALNTL6,true
NR2E1,true
RASD1,true
ZMYM5,true
BMPER,true
CDH18,true
KBTBD6,true
DPH6,true
EPDR1,true
TOP2B,true
RUNX3,true
KIF1A,true
CTCF,true
LINGO4,true
RFX7,true
MAEA,true
OR2Y1,true
AHSA2,true
CEP41,true
ARPP21,true
FAM81B,true
PLK2,true
ARID1A,true
ST6GAL2,true
KRTAP4-6,true
ISY1,true
SEPT7,true
CCDC132,true
LRRC30,true
GGTLC1,true
ARHGAP21,true
BHLHB9,true
BIRC8,true
ADARB2,true
DNM3,true
CTAGE11P,true
POLR2B,true
LMNB1,true
PPP1R18,true
VPS8,true
DNAJC10,true
PQBP1,true
GPR183,true
TET2,true
GLB1L3,true
MAP7D2,true
SLITRK1,true
NFYA,true
TOLLIP,true
ANK2,true
VN1R1,true
TAF1B,true
KCNC2,true
CCNH,true
SLC22A25,true
THG1L,true
UMODL1,true
ZNF782,true
ISLR,true
IBTK,true
C1orf101,true
ZNF772,true
ZNF503,true
GATB,true
KCNMB3,true
QSOX2,true
ENO1,true
ARMCX5,true
ASIC4,true
AMN1,true
CNGA4,true
ENPEP,true
ARFGAP1,true
FLJ33360,true
TMEM114,true
RNASE4,true
PABPC5,true
CTD-2207O23.12,true
PUS1,true
METTL6,true
SH3RF1,true
PIDD1,true
ZNF518A,true
TNFRSF8,true
TUBB4A,true
C1orf204,true
MICAL1,true
SNRNP35,true
FRAS1,true
VPS13D,true
RASSF9,true
IGHV1-69,true
PRAC1,true
PJA2,true
SV2B,true
B3GNT8,true
CDH3,true
CTSD,true
MMP15,true
INTS9,true
RANBP2,true
FBXO38,true
FBXL20,true
SGPL1,true
PANK2,true
POLR1A,true
PPP1R3A,true
ACTB,true
RFX5,true
REEP2,true
ANKRD9,true
PYGL,true
NPHS1,true
SLC29A3,true
ANO7,true
LRRC15,true
VDAC1P1,true
POU3F4,true
OR10C1,true
IL22RA2,true
GPAT2,true
NOX1,true
ST7L,true
IGLV1-51,true
GZF1,true
FNTA,true
TMEM62,true
CDH15,true
UNC5D,true
TFPT,true
ACSL1,true
PLXNA3,true
UGT2A1,true
ADGRG1,true
NKD2,true
ZKSCAN7,true
DPP6,true
SOBP,true
RAB3D,true
TUBBP5,true
LY9,true
RP11-556N21.1,true
MN1,true
ATRNL1,true
KIAA1468,true
SMPDL3B,true
FAM9A,true
SLC20A1,true
IGKV3-11,true
RBM12,true
GPHN,true
LYST,true
DSCAM,true
ZIM3,true
OR2S2,true
PARP9,true
MTMR11,true
SLC17A7,true
ATP11A,true
B3GAT2,true
C2orf91,true
BTG1,true
YLPM1,true
CHTF18,true
DYSF,true
PATE4,true
PPEF1,true
FAM50A,true
OR10H5,true
CD274,true
ZNF501,true
PATZ1,true
KRTAP26-1,true
ABCA4,true
NPC1,true
ARL11,true
YES1,true
CCDC171,true
COL4A1,true
MAP4K3,true
OSBPL1A,true
CSF3,true
C9orf41,true
HELZ2,true
GIN1,true
STRIP2,true
EHD1,true
FBLIM1,true
CCDC67,true
ARFGEF3,true
GPR84,true
ESRP1,true
TNS2,true
EIF3D,true
ARMC8,true
DYNC1H1,true
TTC6,true
KDM2B,true
PIP4K2B,true
IGLV3-16,true
IGFN1,true
HSD17B7,true
OR51M1,true
ZNF733P,true
ANKRD36,true
INSR,true
ZFHX3,true
CPNE6,true
P2RX4,true
ITCH,true
C11orf88,true
ATAD2,true
RAPGEF4,true
SELPLG,true
KCNK1,true
CHD5,true
EYA1,true
SPANXN1,true
CEP126,true
CEP83,true
WFDC9,true
WDR53,true
IGHV3-23,true
UACA,true
TRIM15,true
LAMTOR1,true
RP11-136K7.2,true
VPS35,true
WDPCP,true
ZAN,true
NOX4,true
AXL,true
IGHJ2,true
ITPR1,true
CBX6,true
SCN5A,true
TRIB1,true
HIST1H3D,true
OLFM1,true
OR10G8,true
RAPGEF1,true
SLC22A9,true
C11orf87,true
POTEB3,true
RAB40A,true
AP3B1,true
PLEKHM2,true
PNLIPRP3,true
TCL1A,true
COG1,true
PCDHGA1,true
OR6B3,true
MGA,true
ATP5I,true
CAMK2D,true
SLC2A4RG,true
GPATCH2L,true
ZNF100,true
PITPNA,true
CASR,true
ZNF443,true
NCR1,true
SSX3,true
SMC4,true
NARFL,true
C6,true
CMYA5,true
POLE,true
SSTR2,true
IGHV4-34,true
TSPAN3,true
ZNF724P,true
BTG2,true
MANBA,true
TFAP4,true
B3GALT5,true
TLR3,true
TSPAN12,true
PCP4,true
AMN,true
HDAC5,true
KCNJ15,true
TMEM214,true
GPN3,true
SPG11,true
P2RX5,true
TRAK1,true
TMEM229A,true
TOP3B,true
OR52L1,true
SMAD7,true
ZBTB40,true
FBLN1,true
HLA-H,true
SLCO6A1,true
TMC1,true
SLC19A3,true
TYMP,true
ZXDA,true
KLHL6,true
EPHB3,true
MYBL1,true
SUV420H2,true
SCN4A,true
ZNF438,true
C6orf62,true
PSMG2,true
ZNF423,true
PGPEP1L,true
AKAP13,true
IFRD1,true
LRRK1,true
HNF4G,true
FDPS,true
ZNF80,true
SLC44A2,true
TUT1,true
LAMA5,true
ZPLD1,true
FGD5,true
ARHGEF10,true
FN1,true
HIST1H4H,true
SHROOM4,true
FAM161A,true
GPR101,true
EXOSC5,true
AP5Z1,true
IQCC,true
ARSF,true
TNXB,true
HCN1,true
HIST1H2AC,true
TRAPPC9,true
MYOZ2,true
PDE1B,true
ANKRD30A,true
SEMA3D,true
LILRP2,true
MTMR14,true
GCNT1,true
TOP2A,true
PTPRR,true
PCDHGA6,true
IGLV3-1,true
RAB11B,true
PDE1A,true
MSC,true
C19orf26,true
PRRX1,true
HIST1H4F,true
MTMR4,true
MEX3A,true
RSBN1L,true
OR4N2,true
CYB5R4,true
HERC2P3,true
FKBP6,true
PHF1,true
FAM47C,true
RNF38,true
SEMA4C,true
BRS3,true
KCNK3,true
TPD52L3,true
SLC47A1,true
CD300LB,true
ZFAT,true
CNTLN,true
FAM189B,true
CCDC180,true
CGB7,true
SYNPO2,true
RPL37,true
HERC5,true
ETS2,true
TBCC,true
ADCYAP1R1,true
MCM4,true
HIST2H2BF,true
IGHG1,true
ANXA1,true
C4A,true
SGTA,true
FAM13A,true
POLR2E,true
EXD1,true
PPP1R42,true
MIS12,true
ZHX2,true
ZP3,true
KRT24,true
TJP2,true
ARHGAP11A,true
AIDA,true
P2RY10,true
FLVCR1,true
PAX1,true
FUT11,true
HHIPL2,true
C2orf43,true
NCBP2L,true
OTX2,true
RHOT1,true
COL24A1,true
OR8G5,true
OGG1,true
CALHM2,true
IGLV2-8,true
ORM1,true
EDA,true
NGLY1,true
MLC1,true
MTMR8,true
ME1,true
DNAH12,true
RP11-383M4.6,true
AHCYL2,true
SERPINB9,true
IQGAP3,true
MARK1,true
VSIG1,true
NALCN,true
PDE3A,true
SLC22A23,true
IGLV4-3,true
HAAO,true
PPFIA1,true
SRPR,true
TMEM198,true
KRT16P3,true
PIGR,true
SSX2IP,true
IGKV3-20,true
COL17A1,true
PTPRC,true
RAB41,true
SRSF5,true
DAB1,true
KATNAL2,true
EPHB4,true
LOXHD1,true
NTHL1,true
PRTFDC1,true
ISLR2,true
DOPEY1,true
RP11-35N6.1,true
NLGN1,true
GJC1,true
SNX21,true
COL21A1,true
PREX1,true
TEX10,true
SDHAP1,true
BTNL3,true
PCP4L1,true
TRAM1L1,true
IDO2,true
RAB11FIP1,true
PTCHD3,true
CEPT1,true
OR52A1,true
ZNF385D,true
PRPH2,true
WT1,true
ZNF649,true
OR5M8,true
PENK,true
CASKIN1,true
C18orf54,true
NUDT8,true
KCNJ8,true
SLC22A20,true
CCDC60,true
POSTN,true
OR2A5,true
SPRED2,true
MB21D2,true
AAGAB,true
CYLC1,true
ENTHD1,true
VANGL1,true
GUCY1A3,true
RNU6-721P,true
FNDC7,true
NWD1,true
CES5A,true
ZMYM3,true
THSD7A,true
CD36,true
TRIM7,true
SFN,true
IKBKB,true
BEST1,true
CDH9,true
PRDX5,true
STAB2,true
BCAR3,true
NUP153,true
SLC16A11,true
C1QTNF2,true
MBTD1,true
FOXG1,true
GPR149,true
SH3RF2,true
POU3F3,true
DMP1,true
CNTN5,true
PDS5B,true
CSPP1,true
PITPNM3,true
INPPL1,true
HIST1H2BL,true
IGHV4-39,true
SOX1,true
TMEM67,true
TMEM206,true
ARRDC1,true
OR7D4,true
CXXC1,true
TNKS1BP1,true
KCNQ4,true
SUSD6,true
PARPBP,true
CFL1,true
SCARF1,true
IKZF2,true
ATF4,true
AGAP2,true
RAP1GAP2,true
ZNF517,true
FAM207A,true
PIWIL4,true
IGKV3D-11,true
IFT74,true
PHF12,true
ZNF274,true
DLC1,true
C5orf46,true
LONRF3,true
VN1R4,true
PURA,true
FST,true
PKN2,true
MBD5,true
HPDL,true
PLCB4,true
MAST3,true
OSBPL6,true
FAM135B,true
APBA1,true
ZMIZ2,true
PRPF31,true
RXFP1,true
RIC8A,true
DHX38,true
IGHV1-46,true
ZNF835,true
MB,true
CYP2C9,true
PACSIN1,true
CHRNA2,true
CCDC50,true
CHKA,true
TTC28,true
AGAP6,true
PRRT4,true
BRINP2,true
HIAT1,true
PCDHA4,true
FOXD4,true
OR6C75,true
AKAP8L,true
ZC2HC1A,true
SLC35F5,true
GBP3,true
MED12,true
RP11-61L23.2,true
KIR2DL4,true
GRPR,true
PCDH7,true
SYT13,true
ROS1,true
MOS,true
ZNF224,true
DDX52,true
CSNK2B-LY6G5B--991,true
LUZP4,true
HIST1H4I,true
NID2,true
PTGER3,true
CSRP2BP,true
NOTCH2,true
BHLHE41,true
LRP1B,true
OR4S1,true
SH3TC1,true
TBX3,true
TENM2,true
FOXRED2,true
CLCN6,true
MAP1S,true
CLPSL1,true
BAZ2B,true
PRKACB,true
ACAP3,true
CUL1,true
IL4I1,true
SPOCD1,true
F2,true
MPZL1,true
METTL2A,true
FUT4,true
DNAJC7,true
HCAR3,true
BNC1,true
NINJ1,true
C19orf54,true
VAMP7,true
TTC30B,true
SPRY4,true
FCHO1,true
HERC1,true
RAPGEF3,true
OR8I2,true
NYAP2,true
MAGI2,true
AC016734.2,true
SCN3A,true
GRM1,true
PABPC3,true
DHRS2,true
FANCL,true
TRIM66,true
RFC4,true
KHDRBS2,true
OR10H3,true
OR4K5,true
SLC9C2,true
OR52H1,true
HOXC13,true
HSPA12A,true
PPM1B,true
RIMS1,true
BBX,true
TAAR2,true
PDIA3,true
FOXA3,true
MYO5B,true
LMNA,true
NIPA2,true
ZBBX,true
PAQR3,true
WHAMMP2,true
SYNDIG1L,true
INHA,true
CHD1,true
SIGLEC10,true
DCDC1,true
ENC1,true
CCDC39,true
RNF148,true
HCFC2,true
ITGA4,true
SMYD1,true
KCNJ2,true
ZFP36L1,true
HNRNPH3,true
TMX4,true
MOB2,true
NBEA,true
PYGB,true
TFG,true
TPTE,true
ESYT3,true
LRRC24,true
SSMEM1,true
SPAG17,true
SH3RF3,true
NF1,true
NFATC2IP,true
SGSH,true
MYH11,true
MIA3,true
NKX2-5,true
ATP10A,true
EPYC,true
AASS,true
OR4D6,true
CST3,true
SCRN2,true
SPRY2,true
FAM212B,true
NEFL,true
RGS3,true
IQCJ,true
ANO5,true
DMXL2,true
ALG12,true
PCDHGA3,true
SOGA1,true
FHDC1,true
OIP5,true
MESDC2,true
SEMA3C,true
DPYD,true
ZNF233,true
TMEM54,true
ZXDC,true
DIP2A,true
LRIG1,true
RNASE2,true
SULT1B1,true
PLXND1,true
AKR7L,true
NR2C1,true
CDH5,true
ZBTB17,true
KRT3,true
GPR26,true
PAQR9,true
PGAP1,true
MYO3A,true
AP1M1,true
PITRM1,true
GCNT4,true
B3GALTL,true
TBC1D14,true
CCDC58,true
PIWIL3,true
SIRT4,true
KRT39,true
RAB22A,true
TMEM108,true
ALDOB,true
CCDC88B,true
GAL3ST1,true
ADGRL2,true
NOLC1,true
UGT2B7,true
NXF1,true
DLX6,true
DHRS3,true
UNC5B,true
HSPG2,true
PLRG1,true
ZNF236,true
GADL1,true
FAT4,true
SYT4,true
MAK16,true
CYP2J2,true
P2RY1,true
LRP3,true
OR5L1,true
TSC22D2,true
ZNF285,true
EBNA1BP2,true
DNAJC5G,true
EMC6,true
ZNF688,true
AHRR,true
FNDC3B,true
OR8H1,true
CYB5RL,true
TAC3,true
KCNH8,true
SHISA7,true
HIST1H2BD,true
MC3R,true
GADD45B,true
MARCH11,true
NETO2,true
F8,true
MURC,true
DGKZ,true
USP17L2,true
NR2F2,true
PPM1J,true
LRRC36,true
DDR2,true
SLC6A16,true
DUOX1,true
ZIC1,true
UPF1,true
CTDSP2,true
OR14J1,true
PCSK5,true
MBD3L1,true
EFNB1,true
ZCCHC5,true
MERTK,true
SETMAR,true
ANGPTL7,true
SH3GL3,true
AGA,true
GUF1,true
GSTM5P1,true
PRNP,true
PSCA,true
RPL35A,true
CCDC102B,true
FFAR4,true
AGTR2,true
FOXA1,true
KHDC1L,true
AURKAIP1,true
KLF15,true
MED13L,true
SLC41A1,true
BRD4,true
ZNF439,true
AMER1,true
KRT17,true
CEP350,true
LAMA3,true
NUP62,true
GRB2,true
FLG2,true
CHRDL2,true
SIX6,true
BAAT,true
NAV2,true
CYTH3,true
NEURL4,true
PRR23A,true
ST6GALNAC5,true
PGBD4,true
DNAH7,true
CERS6,true
HHLA3,true
CDH26,true
BHLHE23,true
LAMB3,true
SLC45A2,true
CBLB,true
DSEL,true
DMD,true
KIF12,true
FRMD3,true
ADCY2,true
EIF2AK4,true
FRMD4B,true
UNK,true
PRTG,true
IRAK2,true
HIST1H2AM,true
HS3ST5,true
ETV5,true
SLC22A3,true
OSBPL10,true
TCEA3,true
GGNBP2,true
HECW1,true
C4orf36,true
ATPAF1,true
GOLGA6L6,true
NUDCD1,true
PLCH1,true
MRPS2,true
RETSAT,true
TMEM30A,true
CACNG5,true
KRTAP5-5,true
TUBA3E,true
GGN,true
FZD7,true
TSSC1,true
IGHV3-66,true
ZNF846,true
CCDC40,true
RAPGEF6,true
PYY,true
SFTPD,true
BPIFC,true
VPRBP,true
FASN,true
TRIM74,true
CHST6,true
MED16,true
PDHA1,true
MAP3K12,true
GPR68,true
ALX1,true
IGLV3-25,true
RAB3IL1,true
ARL6IP1,true
VPS51,true
UHRF2,true
UQCR10,true
RAD54L2,true
UBR4,true
ZNHIT1,true
EPHA2,true
PLXNB2,true
IGKV2-30,true
DCAF4L1,true
S1PR3,true
GTF2A1,true
TACC1,true
DSG3,true
OR4C6,true
EML4,true
PTPRN,true
CYBB,true
VIT,true
MME,true
MAGEL2,true
HLA-DPA1,true
SGMS2,true
TRIM23,true
SLC25A21,true
UBA6,true
ABCC11,true
PPP2R5E,true
CDK5R1,true
CABIN1,true
SIPA1L1,true
PIWIL1,true
NEK1,true
PDCD4,true
TOX3,true
IGKV1D-43,true
HIST1H3I,true
SNX5,true
SLC22A4,true
SPRY1,true
PEX2,true
CH17-140K24.8,true
ZNF708,true
DRICH1,true
FREM1,true
AKAP9,true
PRKDC,true
CCDC57,true
VANGL2,true
AOX1,true
PAX8,true
CRLF3,true
BTN3A2,true
NPIPB4,true
MSL2,true
DSP,true
HLA-C,true
NEURL1B,true
RPEL1,true
GHSR,true
ARHGAP29,true
FAM46C,true
PCDHA8,true
ZNF530,true
SPATS2L,true
CIT,true
ZNF546,true
HEPHL1,true
USH2A,true
CDKL1,true
C15orf59,true
MMP3,true
DPP9,true
DDX3X,true
PCDHB7,true
DNAH2,true
STARD7,true
NPEPPS,true
SALL1,true
OSBPL3,true
HIST1H1B,true
UBL5,true
WDR88,true
MED26,true
ANO2,true
CCND3,true
SETD9,true
HR,true
RABGAP1,true
DLL1,true
FSCN2,true
KNTC1,true
PTPN4,true
IMMP2L,true
RP11-113D6.10,true
ZNF785,true
RELB,true
AC090774.2,true
CMPK2,true
TNIK,true
DGCR2,true
TMEFF2,true
RBM38,true
OR13C9,true
MCF2,true
PLEKHM3,true
KPRP,true
MAST4,true
KRT19,true
RHBDF2,true
WIF1,true
STPG2,true
CD163L1,true
PRRT1,true
MMP16,true
BCOR,true
PMPCB,true
ARFGEF1,true
PAK4,true
BRD3,true
HDGFL1,true
RAB37,true
LUZP2,true
TAS2R5,true
CNTD2,true
DOCK6,true
KIF6,true
GIPC3,true
PEX1,true
ERCC6L2,true
RPL7,true
SGCD,true
CDK14,true
CNNM1,true
LGI1,true
HMGB2,true
FOXN2,true
LMF1,true
TMEM245,true
RP11-333E13.4,true
HOXC11,true
BCL7C,true
TRPM7,true
ZBTB32,true
XPO7,true
WDR70,true
ISM1,true
TSPAN32,true
HTT,true
C11orf84,true
TRAF7,true
NSDHL,true
FKBP1A,true
ACSS1,true
CASD1,true
TACC2,true
CTSA,true
CCDC87,true
SYT10,true
DVL1,true
DCAF12,true
BCR,true
CCDC185,true
DUOX2,true
PDE5A,true
EP400,true
MST1R,true
FANCA,true
SNORA15,true
ITGA5,true
CX3CL1,true
C4orf17,true
OR2T35,true
WDTC1,true
LCN8,true
CNTNAP2,true
IGKV1-33,true
EGFL7,true
ZNF561,true
XYLT2,true
ABCC1,true
MANEA,true
ADGRL3,true
CD1B,true
HS3ST6,true
FAM102A,true
OR14I1,true
HEATR5A,true
C15orf43,true
RP11-407N17.3,true
KLHL34,true
SPIDR,true
EML2,true
FOXO4,true
EIF3E,true
CLEC1A,true
ZMYM2,true
BMF,true
KRT25,true
DSG1,true
SFR1,true
IGKV4-1,true
GP1BA,true
NCKAP1,true
BRCA2,true
NHSL2,true
ZNF717,true
FLG,true
DEK,true
XXbac-BPG181M17.5,true
SPAG16,true
TMEM11,true
MYH7B,true
IGLV3-19,true
HVCN1,true
ZYX,true
ST6GAL1,true
PITPNM1,true
ZNF730,true
AVIL,true
TYR,true
MIR221,true
EIF3F,true
NXPH2,true
NLRP9,true
NPAP1,true
CWC25,true
ABHD17B,true
KCNK18,true
RAN,true
HIST2H2AB,true
IGHV2-70,true
RNF212,true
DCAF6,true
PAX7,true
NUP98,true
GPR88,true
PIGW,true
PIP5K1B,true
CREBBP,true
SLC25A47,true
EXT1,true
CACNA1D,true
VN1R2,true
KCNT1,true
RP11-335F8.2,true
CRISP3,true
OSMR,true
AZI2,true
SPIN3,true
TIGD2,true
BAIAP2L1,true
IGKC,true
ARL6IP4,true
BHLHA15,true
RTBDN,true
SLC19A1,true
PHEX,true
RPS6KB1,true
BRWD3,true
PPP1R9B,true
STAT4,true
KLHL18,true
ZNF816,true
COPS3,true
OR4A15,true
HAT1,true
RGS9,true
MIR513A2,true
MCHR1,true
OTUD4,true
WDR64,true
C16orf93,true
CLSTN2,true
MAP1B,true
FAM104A,true
RIMS2,true
FKBP9,true
ZNF547,true
NFIA,true
ELAVL4,true
CPEB4,true
COL5A2,true
VAX2,true
SLC16A1,true
PCDHB10,true
CYP7B1,true
ZNF513,true
IPO4,true
ARHGEF1,true
DENND5B,true
VAT1,true
CSDE1,true
TFAP2B,true
TCF20,true
KRTAP10-9,true
JSRP1,true
SUMO2,true
TAOK2,true
SLC8A1,true
TAGAP,true
MYO18A,true
MTX1,true
RGPD2,true
DNAJB6,true
UVSSA,true
EDDM3A,true
ASPM,true
CHST11,true
ZBTB8B,true
SYNDIG1,true
IDNK,true
SLC38A6,true
CDH1,true
CPZ,true
BIRC7,true
OR2T2,true
LPIN1,true
FUT7,true
BMP1,true
ASCC3,true
GRHPR,true
HSD17B6,true
DACT1,true
NOS3,true
MRPS27,true
RNF40,true
FGD4,true
CD79B,true
RBMXL3,true
IVL,true
DPYSL5,true
NAAA,true
PRPF38A,true
ITPR2,true
PRKCH,true
ZNF836,true
SLC16A13,true
BANP,true
DUSP2,true
LHX5,true
REPS1,true
RAB29,true
SLMO1,true
ACCS,true
CGN,true
MBD4,true
DMKN,true
MKNK2,true
UBBP4,true
ANGPT4,true
ANKRD33,true
ACE,true
ZNF572,true
ESR2,true
GABRP,true
ABCA6,true
LRRC26,true
LRRC73,true
PDE10A,true
MYH2,true
DNMT3A,true
POU2AF1,true
MAPKAPK2,true
ZNF532,true
SPRY3,true
FKBP10,true
AMPD2,true
TMPRSS12,true
PWWP2B,true
CDCA7,true
TFDP3,true
C6orf118,true
MED29,true
NFYC,true
SNX4,true
ADRA2A,true
OSTM1,true
IL1RL2,true
FOXA2,true
FOXB2,true
KCNU1,true
MIR5195,true
PRDM9,true
KRTAP5-2,true
HS6ST3,true
UPK3B,true
CAPS2,true
ZBED2,true
PAOX,true
TUBBP6,true
CCDC81,true
ZNF101,true
UBR5,true
GEMIN4,true
CLEC18C,true
CDC16,true
SAMD12,true
KRT23,true
RASIP1,true
RNF10,true
KRTAP9-8,true
POFUT2,true
COLEC12,true
DCAF8,true
SCML4,true
MAPK8IP3,true
PAK7,true
PIK3C2G,true
BUB1B,true
CLCA2,true
CXCR2,true
CCDC84,true
ELF4,true
TMEM102,true
DGKH,true
IGHV3-74,true
ARL14,true
LMBRD2,true
MUC17,true
RPUSD3,true
ID3,true
MDGA1,true
RP13-104F24.2,true
NT5DC3,true
IGKV1-17,true
ZSCAN20,true
ABCA2,true
SPINK5,true
OR9A4,true
NPAS4,true
NUP35,true
GMCL1P1,true
ACOX1,true
MRGPRF,true
GDA,true
IGKV3D-20,true
OXCT1,true
PCDHA13,true
TRIM25,true
SRRM1,true
SNRK,true
MCM7,true
SLC29A2,true
ASAP3,true
PROSER2,true
CTD-2349P21.5,true
DNER,true
METTL3,true
DSC1,true
ADGRB3,true
UBE2M,true
RTL1,true
MTNR1A,true
WDR5B,true
DGKI,true
LY6H,true
COL12A1,true
TLR4,true
SCGN,true
SERINC3,true
CTTNBP2,true
CRYBG3,true
ANKRD20A8P,true
CASC3,true
ZNF257,true
EXPH5,true
SOX11,true
AHNAK2,true
ERCC6L,true
METTL4,true
GCN1L1,true
ZNF718,true
ERCC5,true
GSN,true
ROR2,true
KDM3A,true
STK3,true
TBX4,true
PDE4DIP,true
ABHD16B,true
PRDM1,true
PINK1,true
ACADVL,true
CHIT1,true
CELSR1,true
FGGY,true
SCN2A,true
MFAP3L,true
RITA1,true
FNBP1L,true
RNF113B,true
FREM2,true
KIAA1407,true
CLDN16,true
HSPA12B,true
SECISBP2L,true
CDC5L,true
MARCH1,true
HERC2P9,true
G2E3,true
FNIP1,true
MYOM2,true
ADAT1,true
RP11-385D13.1,true
RHOXF2B,true
OR10A4,true
GCM2,true
DPP10,true
ZNF786,true
PREX2,true
PIBF1,true
MAGEB10,true
TNK2,true
SRP72,true
INPP4B,true
SKP1,true
EP300,true
HERC2,true
C5orf24,true
HSP90AB1,true
MYBBP1A,true
HIST1H2BK,true
SULF1,true
PRPF19,true
ANKHD1-EIF4EBP3,true
CACNA2D2,true
KCNA6,true
RB1CC1,true
FAU,true
IGLC3,true
HRNR,true
RASA4,true
HUNK,true
SMC1B,true
ASAP1,true
CTD-3074O7.11,true
FABP6,true
SEC14L3,true
CD40,true
ANP32AP1,true
PLD1,true
CACNA1F,true
KRT33A,true
UQCRC2,true
MRPS18C,true
NEGR1,true
UBAP2L,true
MEF2B,true
MTNR1B,true
FCER1G,true
WDR13,true
FAAH2,true
HPSE2,true
UNC13C,true
DDX47,true
ROBO3,true
CD200,true
HIPK1,true
SLC22A10,true
WASF3,true
RHOB,true
SYDE1,true
TAS2R16,true
SLC16A12,true
TSKU,true
XPO1,true
TMEM201,true
HIST1H3F,true
DNAH6,true
C17orf104,true
MRPL35,true
ITFG1,true
ERBB2IP,true
RP11-240B13.2,true
ABCA8,true
CHST13,true
NEDD4L,true
ATP5G1,true
REV3L,true
MYO1D,true
OR2M3,true
SYMPK,true
FAM227A,true
NMRAL1,true
REC114,true
LARP1,true
OR10Q1,true
SETD1A,true
PKD1L2,true
REV1,true
LMAN1L,true
JMJD7-PLA2G4B,true
SP1,true
CSN1S1,true
E2F1,true
PTPN18,true
ADAMTS1,true
RPUSD4,true
C11orf45,true
PRMT2,true
BCL2,true
NACAD,true
OR6C74,true
PLEKHB2,true
PPP4C,true
CSMD3,true
PRMT9,true
HIST1H2AD,true
OPN1SW,true
AADAC,true
ALX3,true
FRYL,true
SPATA31D1,true
C1orf27,true
KRIT1,true
GBE1,true
ALDH8A1,true
MRPL14,true
PLCG2,true
TCP10,true
IGHD3-3,true
TNC,true
SLC28A3,true
APMAP,true
KRT12,true
HNRNPD,true
TUSC2,true
HCAR2,true
MLXIP,true
ZNF208,true
GPRIN3,true
AKAP17A,true
SERPINB3,true
RP11-552E4.3,true
FOXP4,true
SH3D19,true
L1CAM,true
PLEKHA1,true
SH2B2,true
NOP9,true
SBNO2,true
SSX6,true
ZNF492,true
RP4-595K12.2,true
UBB,true
OR8K5,true
KCTD20,true
NBPF3,true
PKMYT1,true
ARMT1,true
SYT16,true
ZNF32,true
S100A12,true
SELL,true
BDP1,true
ALPPL2,true
ANKRD45,true
ABCA3,true
ZNF630,true
KCNE5,true
DIO3,true
KLHL29,true
KLRC4-KLRK1,true
PCDHGA4,true
SDK2,true
HCN2,true
EPPIN,true
XIAP,true
INTS4P1,true
ATAD3A,true
SPTBN5,true
TUBB,true
POMT2,true
HHEX,true
RBBP6,true
NECAB3,true
ACACB,true
LIN28B,true
TOX,true
CAST,true
CEP85,true
COL7A1,true
OVCH1,true
B3GNT6,true
ACTA2,true
OR2L13,true
WDR81,true
PHLDB3,true
GOLGA4,true
USP9X,true
DDX60L,true
MOCS3,true
NMUR1,true
MID2,true
JAG1,true
NRXN1,true
TTC21B,true
GPM6B,true
ZMYM4,true
ZNF367,true
APOA1,true
HEPH,true
MAB21L2,true
RGS7,true
PIGF,true
RP11-545J16.1,true
HIST1H2BN,true
SLC16A7,true
PCLO,true
SLC32A1,true
SEPT7P2,true
BAZ1A,true
CLTB,true
DCLK1,true
HIF3A,true
TENM4,true
NBAS,true
FAM179A,true
SPATA9,true
RAB6B,true
TRIM60,true
QRFPR,true
DIAPH2,true
RABGAP1L,true
HIST1H4J,true
TSPAN17,true
NEURL1,true
CDH13,true
PROX1,true
PPP1R36,true
TCL6,true
C1QTNF1,true
OXR1,true
MON2,true
UBE2J1,true
FIBCD1,true
HS1BP3,true
CS,true
FUT2,true
INCENP,true
COL8A1,true
TIE1,true
CSNK1A1L,true
AMY2B,true
H1FOO,true
DRD1,true
RP11-812E19.9,true
ADAMTS18,true
FBP2,true
MBOAT2,true
OR5M10,true
ARHGEF18,true
ZBTB7C,true
ZSWIM6,true
NRN1,true
IGHD3-9,true
DNASE1L2,true
NPY2R,true
RP13-895J2.7,true
DPH3,true
MMEL1,true
SLC25A3,true
ABHD3,true
CD14,true
TFR2,true
SPECC1,true
SARDH,true
GML,true
SEMA5B,true
ZNF552,true
FAM120A,true
PLEKHH2,true
NBPF12,true
SPANXN2,true
KTN1,true
SESN3,true
TNFRSF14,true
CHD3,true
TTN,true
DAAM1,true
CSTF3,true
FXYD3,true
SUPT6H,true
TP73-AS1,true
HIST1H1E,true
SLC6A15,true
DOCK7,true
ZNRF4,true
CCAR1,true
AGL,true
HSD3B7,true
MMP10,true
ZNF454,true
SPATA31C2,true
JMJD8,true
OR4C16,true
MAML2,true
CSNK2A3,true
OR5H1,true
RBBP7,true
HSPA1L,true
ZC3H12A,true
PLXNA2,true
MFSD6,true
AQR,true
NYNRIN,true
GDF3,true
NRXN3,true
CTNNA2,true
REM2,true
PPP1R7,true
DNAH10,true
SPTLC3,true
EXOC4,true
PRDM8,true
IQCH,true
SYNE3,true
KIF4B,true
MCAT,true
VSIG10L,true
IDH3B,true
EXOC3L1,true
LRRC23,true
FUT8,true
NDN,true
PIEZO1,true
TRIM4,true
FARP1,true
CARD11,true
PCDHA2,true
SMC6,true
SLAMF6,true
NDP,true
MCM3AP,true
LIN7C,true
MTRR,true
KIF9,true
FSTL5,true
ROPN1L,true
MAP3K4,true
CALR,true
OR7G1,true
TH,true
PKP1,true
CXCR2P1,true
STT3B,true
INSC,true
SPATA31D5P,true
THEMIS,true
SCN7A,true
TAS2R1,true
ISYNA1,true
FSD1,true
LRRC40,true
SEC24C,true
SASH1,true
NAT8L,true
CAMTA1,true
BTBD9,true
C6orf48,true
ANKK1,true
ABHD13,true
NACC2,true
NOTUM,true
CDKL2,true
CACNA1H,true
ANKRD10,true
CD37,true
KIAA1549L,true
COPZ2,true
CDH20,true
ADRM1,true
PCNXL3,true
PHRF1,true
STRN,true
COBL,true
IFT80,true
HEMK1,true
NAPSA,true
XRCC2,true
PIK3R3,true
GSDMB,true
PIGP,true
KLF2,true
SOHLH2,true
PRSS16,true
N4BP3,true
PCDHA5,true
SUN1,true
EXTL3,true
S1PR2,true
SETD1B,true
MSRB3,true
CRIP1,true
EXOC3L4,true
ANKFN1,true
HIST1H2AG,true
DCAF5,true
ORC5,true
SYCP1,true
IRF4,true
SLC2A11,true
PABPC1,true
KLRAP1,true
FSD1L,true
HSD11B1L,true
TIMP1,true
CLDN11,true
ATOH1,true
ABCB1,true
RPL10A,true
C11orf31,true
FAM47B,true
BLVRB,true
CCDC71L,true
ARID4B,true
MYL6,true
OLIG1,true
RGPD8,true
HARBI1,true
PNPLA6,true
MYOM1,true
CACNG7,true
REL,true
TAS2R14,true
IGLV2-14,true
PRKD1,true
IFNA14,true
C14orf37,true
LRRC4,true
RPH3A,true
MYBPC1,true
HMHA1,true
IRAK1,true
CDK12,true
SEPT6,true
A2M,true
ETFDH,true
FAS,true
RTN1,true
CNNM2,true
PAM,true
RCC2,true
PAN2,true
CELA1,true
SLC13A5,true
ACBD6,true
DDX55,true
KLHL4,true
RASSF10,true
BMP5,true
AIM1L,true
CNTNAP4,true
F12,true
TNFAIP8,true
RPS27A,true
POPDC3,true
KRTCAP3,true
SULF2,true
OR52R1,true
RNF128,true
FBXO18,true
CACNA1S,true
PAPL,true
NCAM2,true
KRBA1,true
TRIM72,true
RYR1,true
IPO7,true
LIMD1,true
PKD1,true
MLLT4,true
PSG4,true
QARS,true
MEP1A,true
ADORA1,true
HS3ST1,true
ANK3,true
IQSEC2,true
KRAS,true
CPXCR1,true
STARD13,true
CAPN3,true
DCAF12L1,true
VPS13A,true
OR10X1,true
YIPF3,true
FOXD4L1,true
COBLL1,true
ATL3,true
PGBD1,true
SLC26A4,true
LRWD1,true
PRAMEF10,true
CYP4F3,true
PDE4D,true
ADAMTS20,true
TMEM225,true
MIS18BP1,true
HDX,true
IRX4,true
IGKJ5,true
C5orf47,true
ABI1,true
NINL,true
RNF214,true
WDR91,true
ATP1A4,true
PCDHB16,true
PTPRG,true
CFH,true
LRRN3,true
STXBP3,true
PIAS2,true
AXDND1,true
FLNC,true
CASC1,true
EPHX1,true
SRSF8,true
CD74,true
EZR,true
CTC1,true
KBTBD13,true
NECAP1,true
CPXM2,true
TEKT4P2,true
LIPM,true
MOV10L1,true
AMZ1,true
IMPG1,true
C1orf61,true
ADAM9,true
ANTXR2,true
AC078899.1,true
UTP6,true
PLEKHG6,true
XIRP2,true
PTEN,true
FBXO31,true
GALNT11,true
ZNF23,true
ARHGEF11,true
GNB1L,true
SDF2,true
HIST2H3D,true
RNFT1,true
UBN1,true
TMEM135,true
ASXL2,true
GRAMD3,true
RAB33A,true
UBP1,true
SIGLEC5,true
PICALM,true
MACC1,true
XIRP1,true
CARS2,true
ARHGEF5,true
IGHV4-31,true
IGHV3-30,true
TMEM175,true
MUM1,true
EPHB1,true
PKN3,true
IGHV3-53,true
MCC,true
TINAGL1,true
ADGRA3,true
RASA3,true
HIST1H2AI,true
TEX13A,true
SORCS2,true
QSER1,true
CUX2,true
PHKA1,true
MUSK,true
STK11,true
NRG3,true
ANXA8,true
ZNF474,true
CCDC37,true
ZNF761,true
ARHGEF3,true
AUP1,true
KRT79,true
CTC-260F20.3,true
GLIS1,true
PLEKHA7,true
DIO2,true
TGS1,true
ZNF615,true
EXOC7,true
IGLC2,true
RBM20,true
CDKN2B-AS1,true
RC3H1,true
TMEM199,true
FAT3,true
MIA,true
ABCC9,true
ACTG1,true
PAX5,true
TEX15,true
HIST2H2AC,true
GLTSCR1,true
KIAA1549,true
RPL9,true
THAP4,true
ENDOD1,true
GPD2,true
C17orf96,true
SAMD9L,true
DAPP1,true
SIGLEC1,true
CERKL,true
HNMT,true
PIFO,true
RPS21,true
PALB2,true
CHMP2B,true
PDZRN3,true
TCAF2,true
PIM1,true
ARL16,true
RBM5,true
SOX7,true
INO80C,true
ZNF570,true
LRTM2,true
ALPK2,true
CD70,true
SFXN1,true
EIF2B4,true
FBN1,true
TTYH2,true
FAM96A,true
SEL1L2,true
MIPEP,true
ABHD1,true
ZNF280A,true
FCRL5,true
SLITRK2,true
TAF5L,true
TESC,true
COL11A1,true
STK36,true
FAF2,true
IFIH1,true
PCDHA12,true
AKR1C4,true
ENAM,true
CYP2C8,true
D2HGDH,true
STOML2,true
KAT6A,true
ACO1,true
KCP,true
CIART,true
RNF217,true
PRKG1,true
ZNF256,true
COL27A1,true
SPPL2C,true
MAGEC3,true
RNF11,true
ICE1,true
ZNF471,true
CCDC109B,true
MIR6859-1,true
DDIT3,true
PARG,true
DPY19L2P2,true
RUNX1T1,true
SORCS3,true
ZNF629,true
PADI1,true
GOSR2,true
LATS2,true
SLC17A6,true
ATG2A,true
NHSL1,true
SLC24A2,true
C1orf43,true
UGGT2,true
MAOB,true
FLI1,true
ADGB,true
COASY,true
EPHX4,true
DOCK1,true
CSH1,true
ADCY6,true
OR52M1,true
MDGA2,true
RTN2,true
HIBADH,true
IGHG2,true
EPHA5,true
DCT,true
BARHL2,true
RBM44,true
SLC25A30,true
FMN1,true
KLHDC4,true
ANKRD23,true
PRKACA,true
ZNF559,true
ZNF699,true
ORC1,true
DNMT3L,true
ATG4A,true
ZNF512B,true
NR2E3,true
CCNF,true
TMEM8A,true
CDH7,true
PPWD1,true
OR6S1,true
LCK,true
MYO19,true
GBA3,true
LRRC8D,true
DACH2,true
CCDC89,true
DSCC1,true
SSPO,true
ITGAV,true
TRIM53BP,true
ASUN,true
SLC30A4,true
USP6,true
CCDC8,true
SIPA1,true
KIAA0922,true
BAHCC1,true
ZMYND11,true
PLXNA1,true
STAP2,true
DDX53,true
SLC5A5,true
FRMD5,true
KLHL33,true
TSHZ2,true
PARP12,true
FABP5P3,true
ESPL1,true
TRPC3,true
ILK,true
ZNF551,true
NUP188,true
FMNL2,true
IGLV5-52,true
NUP210,true
TCERG1L,true
LILRA2,true
GRID1,true
H3F3A,true
OR4D1,true
ZDHHC17,true
NCAM1,true
ASCL2,true
PCOLCE,true
SMURF1,true
GTF2IRD2B,true
HIST1H2BO,true
GOPC,true
ZNF461,true
AP1G2,true
SPATA17,true
IGSF8,true
NUP214,true
RNF103,true
NELL1,true
SLC26A7,true
PLEKHG1,true
SH3GLB2,true
IGFBP4,true
OTOG,true
C17orf89,true
ZFC3H1,true
WASF2,true
DSC3,true
CHM,true
NUTM1,true
TNNT1,true
PON3,true
SLC27A5,true
MAN2C1,true
RGL3,true
FAM110B,true
SSTR1,true
EHF,true
ADCK4,true
NELFB,true
ZNF22,true
IGKV2D-30,true
TEX35,true
VIPR2,true
RHBDL1,true
HEATR5B,true
ZNF106,true
ITIH2,true
TAB3,true
SCN9A,true
HGH1,true
RABEP2,true
MAGEB16,true
TRPM2,true
ANKS6,true
PLEC,true
ICT1,true
CES1,true
GDI1,true
ADGRF3,true
FOXL1,true
TMC5,true
C11orf86,true
P4HA3,true
KIF14,true
GPR25,true
TEX2,true
PHF19,true
TBX6,true
DOCK9,true
ZNF217,true
PKP4,true
MIF4GD,true
RFX6,true
IGLV3-10,true
PDP2,true
RMDN1,true
F7,true
ATP6V1H,true
CCP110,true
GABRA1,true
TTC14,true
FOXD1,true
PODNL1,true
GRIN2C,true
INTS5,true
PLCD3,true
NDUFS1,true
C17orf64,true
EPB41L5,true
BNC2,true
CHST9,true
COL6A3,true
AIM1,true
TRIM29,true
CBWD7,true
OPCML,true
ZSCAN32,true
SLC48A1,true
APBA3,true
NTRK2,true
IL2RA,true
PLD2,true
TAX1BP3,true
CARKD,true
KIAA1456,true
OR1L3,true
SCAMP1,true
CD79A,true
TPH1,true
PSG11,true
AGBL1,true
C1QBP,true
SRL,true
ATR,true
PXDN,true
VGLL3,true
EZH2,true
SNED1,true
UNC13A,true
LAMP5,true
NISCH,true
BCL7A,true
GP9,true
PIP5K1A,true
CAPN2,true
PARD3B,true
RHBDD3,true
RFX1,true
VCAN,true
ABHD2,true
PCYOX1L,true
HHIP,true
ZNF234,true
OR5M11,true
GABRQ,true
C10orf107,true
PMAIP1,true
IGLV3-12,true
FZD1,true
YTHDF2,true
GABRR3,true
TMEM182,true
KCNIP4,true
YIPF7,true
ASIC5,true
PPP2CA,true
TMEM2,true
TBC1D23,true
KMT2A,true
TNRC6A,true
SOX18,true
SH3BP4,true
SLC17A4,true
ANLN,true
CDH12,true
CFAP54,true
LEMD3,true
SEPHS1P1,true
MUC19,true
RIPPLY1,true
USP4,true
IER3,true
CRB1,true
CCDC184,true
GORASP2,true
GTF2H5,true
IRF8,true
TYRP1,true
PCDH1,true
BACE2,true
FILIP1,true
PMF1,true
MYD88,true
GRIPAP1,true
ATXN2L,true
SCNN1G,true
EMC1,true
PPP1R2,true
ABCC6,true
SLC27A2,true
GGA2,true
RP11-934B9.3,true
ALG8,true
ZP4,true
ZMYND15,true
STIM2,true
NR0B1,true
LRRFIP2,true
ZADH2,true
KLF4,true
RCVRN,true
KRI1,true
ARHGAP44,true
C9orf84,true
UBE2D3,true
TPP1,true
KIDINS220,true
PRKCB,true
FEZF1,true
DHRS7B,true
TNS1,true
GHR,true
IGSF11,true
CCDC33,true
UNC13B,true
BCL11B,true
DOK6,true
EEF2KMT,true
AHR,true
CELSR3,true
CYP11B1,true
THSD4,true
SMC5,true
ZNF490,true
HIBCH,true
CGB2,true
NRP2,true
CHAD,true
CFHR5,true
SLC25A13,true
HRH1,true
KY,true
CNGB1,true
IFRD2,true
SKIV2L2,true
KIAA1211L,true
DENND3,true
EIF3A,true
UBE2R2,true
KCNJ3,true
SERPINB2,true
ASH2L,true
ALLC,true
THOC3,true
ENPP7,true
SLC35B3,true
PLCL2,true
FANCM,true
ABCB8,true
CYSRT1,true
KLHL17,true
CISH,true
FLJ45079,true
OR51I2,true
FGF3,true
ZNF792,true
CIDEB,true
ACADSB,true
EGR4,true
BNIP3L,true
TARM1,true
JUP,true
SLC2A14,true
MAP7D3,true
TRPC1,true
OR2A25,true
HMHB1,true
ZNF709,true
PTPRB,true
HIST1H2BM,true
IFT172,true
DDX46,true
MYOD1,true
IGHV1-24,true
ABHD12B,true
POM121L12,true
HAS1,true
ACACA,true
SLC25A17,true
EGR2,true
THRB,true
POTEC,true
PGM1,true
NGEF,true
CPAMD8,true
CASP1,true
SMARCA4,true
IWS1,true
VAT1L,true
SON,true
AHNAK,true
RCSD1,true
HECTD4,true
IRS4,true
ADGRB1,true
NRK,true
PLXNC1,true
STAT3,true
MKRN3,true
LAMB1,true
DIP2C,true
H3F3C,true
COL6A1,true
SVIL,true
TM9SF2,true
MIR600,true
RFPL2,true
RP11-404K5.2,true
TMEM52,true
SEMA7A,true
CPNE8,true
MGP,true
ADARB1,true
DUSP16,true
UGT1A3,true
DOHH,true
PCED1A,true
KMT2B,true
PEAR1,true
AC093838.4,true
ASIC2,true
ZNF266,true
THAP6,true
LDOC1,true
DGKD,true
TET3,true
ASTN2,true
SLA,true
RPGRIP1L,true
CD276,true
SGSM1,true
NEK7,true
MTHFSD,true
TLR2,true
SLC17A9,true
GRIN2A,true
SLC12A1,true
ADGRF5,true
DES,true
CTNNA3,true
EPHA7,true
ZNF671,true
C20orf194,true
FLT1,true
LARP7,true
CCSER1,true
ARAP3,true
CD3D,true
PITX2,true
GGPS1,true
SLC12A9,true
XXbac-BPG116M5.17,true
ATF7IP,true
ABCC8,true
TRPC6,true
VCAM1,true
CCDC158,true
CCAR2,true
SERBP1,true
HAO1,true
SNRPD2,true
FANCD2,true
C2CD4A,true
CCNC,true
RAD51AP1,true
GP2,true
METTL14,true
OBSCN,true
EWSR1,true
AWAT2,true
VEPH1,true
OR8B2,true
KRTCAP2,true
HIST1H2BC,true
SLC45A1,true
MAGI1,true
PCDHB13,true
AFF2,true
NR1H4,true
ANKRD53,true
SLITRK5,true
AMELX,true
FAM73B,true
GBP1,true
GAST,true
KIAA1324,true
PTGER4,true
MYL6B,true
MGAT5B,true
AFAP1,true
DCD,true
C8orf48,true
CLEC7A,true
ZNF135,true
FKRP,true
MBD2,true
TSPAN31,true
PTPRK,true
WSCD2,true
UHRF1,true
ZNF521,true
DENND2C,true
CLDN2,true
PPM1H,true
SIX4,true
SLC4A1AP,true
AKAP4,true
PNKP,true
MPO,true
WDR72,true
RGPD3,true
GABRB1,true
UBQLN1,true
HSPA14,true
KMT2D,true
RP11-410N8.4,true
RGAG1,true
HS3ST2,true
NAP1L3,true
UAP1,true
RGS22,true
STX16,true
LRRC31,true
PHLDA1,true
CYP46A1,true
IGKV1D-8,true
BMP2,true
DBI,true
CHRNA3,true
PTCHD2,true
VSIG8,true
PRCC,true
OR10G7,true
KANK4,true
TSNARE1,true
KCNA3,true
GBA,true
BTBD17,true
ANKRD11,true
RALGDS,true
OR6N1,true
POLD1,true
FAT2,true
SVEP1,true
ATG2B,true
ZNF248,true
SSR1,true
TNFRSF25,true
USP20,true
NCOR2,true
URB1,true
TMPRSS5,true
ZBTB16,true
ZNF493,true
SGK1,true
RBM10,true
ZFHX4,true
ERN1,true
LPIN2,true
C21orf62,true
IRGM,true
TGIF2,true
CSGALNACT2,true
USP32P1,true
LCN12,true
IGLV1-41,true
FAM181B,true
TBCE,true
CFP,true
PSMD1,true
FAM53B,true
POU2F2,true
PDP1,true
SMAD5,true
OR51G2,true
C7orf65,true
LRP8,true
ENOSF1,true
CUTA,true
FGF21,true
ARL13B,true
THRA,true
NBEAL1,true
PRKAB1,true
CUBN,true
ARHGAP30,true
HIST4H4,true
CACNA2D3,true
TENM1,true
ACSM2B,true
EPHA3,true
PCMT1,true
SMC2,true
SSC4D,true
IGSF3,true
NCAPG,true
C8A,true
INPP5B,true
SLC9B2,true
KDELC2,true
ZNF721,true
RP11-707M1.1,true
ZNF479,true
DPY19L2,true
HAUS8,true
NARF,true
HN1,true
REST,true
PTPN21,true
SREBF1,true
STRBP,true
MAP3K10,true
DNASE1L1,true
ITPKB,true
CYP4F12,true
FBRSL1,true
LEPR,true
ZNF571,true
LEKR1,true
TRHDE,true
PRKCZ,true
SACS,true
ZNF189,true
TBX22,true
FANCG,true
EYA4,true
MARCH10,true
EFR3B,true
MYPN,true
PHACTR4,true
AR,true
DRG1,true
SUPT5H,true
HLA-A,true
SSC5D,true
LINGO1,true
WHSC1,true
BSN,true
TMEM132E,true
KCND2,true
P4HA2,true
FAM184B,true
CLMN,true
MIB2,true
LPIN3,true
TUBA3D,true
ARHGAP20,true
MACROD2,true
BCL10,true
SIRT7,true
IL37,true
FOXF2,true
OR4C13,true
GPC1,true
ABCF1,true
PARD3,true
PHF20,true
CHD7,true
CEP128,true
EEF2K,true
KRTAP5-4,true
OR13C5,true
FBN3,true
PCDHAC1,true
AQP3,true
PRKCD,true
EGFL6,true
ZFP28,true
KRTAP10-11,true
TRIM11,true
HIST1H3J,true
NDUFS3,true
CNN2,true
C1orf87,true
ZDBF2,true
FHAD1,true
PTPRZ1,true
TFAP2D,true
MYT1L,true
GPR146,true
DIS3L2,true
AIMP1,true
PLCB1,true
DCSTAMP,true
IL9,true
MESP2,true
TBL1XR1,true
BPIFA1,true
COL11A2,true
SPEN,true
RBMXL2,true
OPLAH,true
FLRT1,true
SYNPR,true
FAM35DP,true
BRD9,true
RHOBTB1,true
OCRL,true
SPANXN5,true
TNFAIP3,true
POGK,true
CCDC170,true
KCNH3,true
OR6K6,true
HKR1,true
P2RY4,true
HIST1H2AK,true
NUDT5,true
HTR1F,true
TECRL,true
C15orf62,true
IHH,true
ZBTB20,true
RP11-219C24.6,true
KRTAP12-3,true
AGAP9,true
ABLIM1,true
TNPO1,true
DAO,true
VMP1,true
SALL4,true
CADM3,true
NPY4R,true
MAN2B1,true
NLRP6,true
VPS13B,true
HSPA2,true
OPN1LW,true
NAV1,true
ABCD4,true
COL9A1,true
FAM208B,true
LAMA2,true
DDIT4,true
SLC25A5,true
ZNF440,true
PPP1R27,true
GPR158,true
MTHFD1,true
INVS,true
LRP2,true
BMP15,true
SSFA2,true
A2ML1,true
SLC9A3,true
ZC4H2,true
MYCBP2,true
CLDN18,true
MAF1,true
CDAN1,true
TIAM1,true
MPEG1,true
ZNF273,true
H2AFJ,true
HDAC9,true
DIXDC1,true
ZNF502,true
LZTS2,true
ROBO2,true
PSME4,true
RAF1,true
SPATA18,true
RLF,true
PTX3,true
NPAS3,true
ELAVL2,true
NOMO2,true
TAS2R39,true
TMEM70,true
EPPK1,true
BRINP3,true
EIF4A2,true
TWISTNB,true
ADAD2,true
RIPK4,true
USP39,true
CYP1B1,true
COL16A1,true
UGT2B28,true
NEFH,true
PDZD7,true
RNF180,true
ZBTB22,true
AKR1B15,true
CROCCP2,true
ZC3H4,true
RBM39,true
SOX12,true
BCL9L,true
OTOP1,true
LIFR,true
SRGAP2C,true
CLCN1,true
ATP10B,true
PKD1L1,true
ENPP2,true
KMT2C,true
MYL7,true
LRRC7,true
PDLIM5,true
FPGT,true
VMA21,true
BRSK2,true
DTL,true
VPS9D1,true
ATP5EP2,true
CDH2,true
ZNF71,true
IQGAP1,true
PDGFB,true
TGM7,true
FSCB,true
COL4A5,true
IGHV3-72,true
THBS2,true
PGK2,true
SLC4A7,true
MTMR2,true
SYNJ2,true
COL4A3,true
TTLL10,true
LITAF,true
MLF1,true
INTS6,true
DRP2,true
UAP1L1,true
BCL3,true
MBLAC1,true
IKZF3,true
JUNB,true
NFKB2,true
PCDH11X,true
ZNF43,true
TMEM257,true
PTH,true
GPM6A,true
GPR107,true
CDH11,true
FBXL7,true
EFCAB6,true
COPRS,true
PNRC1,true
SEZ6L,true
C19orf80,true
CRTAM,true
LRRC39,true
GLUD2,true
FAM217B,true
SLC38A10,true
FTMT,true
PAK1,true
AGBL3,true
TMEM161B,true
DIAPH3,true
AC244205.1,true
CCDC47,true
ITGA10,true
TEK,true
LYN,true
CBWD3,true
MCOLN1,true
MFSD11,true
SMPD2,true
TMEM240,true
SERPINH1,true
IGLV2-23,true
AKAP11,true
DYRK1B,true
FMN2,true
CHD9,true
CCNJL,true
MIR1261,true
MYEF2,true
WWC3,true
SUPT7L,true
XRCC6P5,true
CDC42BPG,true
KIAA1671,true
CAPZA1,true
ZRSR2,true
PTPN14,true
C3orf35,true
NKTR,true
FAT1,true
ST8SIA6,true
PRAMEF6,true
ZNF616,true
MANSC4,true
KIAA0319,true
ABCA1,true
HCRTR2,true
PAX4,true
KALRN,true
TTC29,true
KRT87P,true
RASL12,true
EIF5,true
ZNF830,true
CHD2,true
SLC25A27,true
EMP2,true
GPR156,true
NFKBIA,true
DGKK,true
NFKBIE,true
ACSS3,true
MEPCE,true
GNPTAB,true
CNPY4,true
PRB1,true
CDC37,true
CPNE2,true
TGFBR3,true
BCL11A,true
SPTB,true
VCPKMT,true
ZNF720,true
SERHL2,true
SMAD9,true
NANOS1,true
PODN,true
ARID2,true
PRAMEF20,true
LCMT2,true
MICU1,true
PHOX2B,true
ATAD5,true
KCNC1,true
PPP2R2B,true
ZWINT,true
PSMB4,true
CKS2,true
CSNK1E,true
LGALS13,true
SNRPB2,true
ALG10,true
TENM3,true
SPATA31E1,true
ELFN1,true
FAM35A,true
CDK11B,true
LRGUK,true
TES,true
ZNF417,true
CTD-2374C24.1,true
IGHA1,true
CLASP1,true
ERGIC2,true
NOVA1,true
CSN3,true
PCDHGA12,true
SERTM1,true
GGTLC2,true
SUSD2,true
IGLV4-69,true
FAHD1,true
ANKRD20A19P,true
CCDC129,true
PLEKHO2,true
EHMT2,true
GEMIN7,true
SPDYE4,true
ATP13A5,true
COL1A1,true
GULP1,true
ENAH,true
NXF3,true
HOXD11,true
HELT,true
PLEKHS1,true
LRRC75A,true
SRCAP,true
CBLN4,true
ZDHHC18,true
NXPE2,true
ZNF569,true
ZFR2,true
AKT1S1,true
PPP2R1B,true
ASPH,true
OTULIN,true
ADCY3,true
USP24,true
PCDHA10,true
HAS2,true
CBFB,true
MYH13,true
SLC12A6,true
IDO1,true
ITPRIPL2,true
ERICH3,true
LCE1A,true
RAB9A,true
FRMPD3,true
CLCN2,true
PCSK6,true
ZFP92,true
IGHG3,true
ZNF578,true
SSTR4,true
TCF3,true
RIN3,true
TTK,true
CNGB3,true
PEX19,true
MGAM,true
AL022328.1,true
ATG4C,true
PLOD2,true
GPC3,true
PTPN6,true
RBMXL1,true
SYNRG,true
DSG4,true
TAGLN3,true
MTHFD2,true
MIR518F,true
HDAC2,true
SGSM2,true
SCN1A,true
RPL10L,true
GTF2IRD2,true
ASB12,true
CLVS2,true
SEC23B,true
ANO1,true
RRN3P2,true
PPAT,true
TMPRSS6,true
OR2M2,true
TRIM55,true
EFHD1,true
SPHKAP,true
GZMM,true
NEBL,true
SORCS1,true
MFAP3,true
SLC2A4,true
PTPRCAP,true
EXOG,true
STAR,true
HTR4,true
CYB5R3,true
MARCH7,true
CORO1A,true
PPHLN1,true
RALGAPA1,true
FRY,true
PLEKHD1,true
BLOC1S6,true
SMOC2,true
PLXNA4,true
CFAP52,true
DHRS12,true
GOLGA3,true
RAPH1,true
GRIN2B,true
STYXL1,true
TMEM177,true
PAQR6,true
WFDC11,true
PDCD11,true
CTSL,true
MTCL1,true
PAPPA,true
PTPRO,true
FGF22,true
ATRIP,true
ELP5,true
FAIM3,true
NPHP4,true
NAA25,true
MAGEB6,true
ANGEL2,true
NSUN4,true
DSCR3,true
PDE11A,true
CALML3,true
POLQ,true
DDHD1,true
HTATSF1,true
LARP1B,true
SERPINB13,true
GPR173,true
C16orf58,true
ADAMTS7,true
TJP1,true
EVPL,true
C10orf131,true
MROH8,true
SOWAHD,true
PHC1,true
ZSWIM4,true
QRSL1,true
ZC3HAV1,true
ACSL5,true
GLIPR1L2,true
PTPRD,true
TGFB1,true
PPP3R2,true
IGHV4-59,true
LINC01106,true
MMP26,true
ANKRD44,true
UNC93B1,true
PSMB2,true
SLC13A3,true
NETO1,true
CELA3B,true
GH1,true
BFAR,true
PAK6,true
HSF2BP,true
ZNF462,true
MEDAG,true
MET,true
SMG5,true
B3GALNT2,true
ETV6,true
DAPK1,true
DNAH9,true
SERINC1,true
LMX1A,true
ELN,true
ZNF319,true
EPB41L1,true
DPPA4,true
LCMT1,true
WDR36,true
MLLT6,true
DGCR8,true
CCL15,true
CNTNAP5,true
PRAMEF11,true
CTDSPL2,true
TERF2,true
CABP2,true
SH3D21,true
OR52W1,true
MARCKSL1,true
RSRC2,true
USP44,true
YIPF5,true
ARHGAP6,true
METTL16,true
COL3A1,true
NOP2,true
MGAT5,true
TNKS,true
PROKR1,true
PRKCG,true
EIF2B5,true
LRRN1,true
PIM2,true
APOB,true
ZFPM2,true
MYF6,true
MYH6,true
MYO9B,true
FAM134B,true
SLC26A10,true
EPS8L1,true
MPRIP,true
CALCR,true
SLC27A1,true
CLK1,true
JAG2,true
PPARG,true
PLCE1,true
TYW1B,true
XRCC5,true
KIAA1107,true
SMARCA2,true
SLC35F2,true
USO1,true
MSLN,true
CNOT2,true
SLIT2,true
FUT9,true
ADAMTS3,true
MYH10,true
ZC3H7A,true
KAT5,true
NLRP5,true
DDX60,true
COMT,true
KIF17,true
MAGEB6P1,true
SEMA6D,true
REEP1,true
POF1B,true
GLI1,true
TNS4,true
FNDC5,true
LSM8,true
CD1A,true
RGS6,true
CYHR1,true
SNX8,true
KCNN2,true
OR51B6,true
KLHL14,true
TMEM130,true
IGHJ6,true
TMEM194A,true
SNX27,true
ITGB4,true
USP47,true
MYO1G,true
SLC9A7,true
OTOGL,true
ZFYVE28,true
EML1,true
ZNF33A,true
REG3A,true
PGM3,true
HECW2,true
ABCA5,true
CAMSAP2,true
STAT1,true
PCBP3,true
FAM198B,true
ANKRD50,true
KIF13A,true
FAM162B,true
NCDN,true
ATP1A3,true
TCTN2,true
CRTC3,true
SPOP,true
PTGS2,true
DLGAP2,true
OR5R1,true
HDGFRP3,true
RP1L1,true
CENPC,true
ECSCR,true
ZNF804A,true
AMPD3,true
MAGEC2,true
ZNF14,true
PRR32,true
SHISA5,true
NBPF26,true
COL23A1,true
RGS8,true
BIRC6,true
WRAP53,true
GLI2,true
RTKN,true
KLHL35,true
PHLPP2,true
HIF1AN,true
REEP3,true
TRANK1,true
PALD1,true
RNF111,true
MTA2,true
ABCC3,true
HGS,true
RANBP17,true
CLPS,true
NCKAP5,true
MEGF8,true
TRPC5,true
PTPRQ,true
PLA2G2E,true
PRMT8,true
PHF2,true
HMX3,true
WDR6,true
ZNF707,true
PRSS57,true
RNF213,true
MTOR,true
GRIA4,true
C3orf36,true
AMOT,true
RNF39,true
BZRAP1,true
OPN5,true
CMBL,true
RPL13,true
PTPN2,true
UBALD2,true
VWCE,true
IGHV1-67,true
TRMT5,true
FCRLB,true
CALCA,true
ZNF581,true
SEC62,true
GPR52,true
DSCAML1,true
RIF1,true
FAM120C,true
WHAMM,true
ITGB3,true
SMARCAL1,true
SPTA1,true
CD177,true
IGKV1D-13,true
ART5,true
MAMSTR,true
ITLN1,true
FAM43A,true
MAP2K7,true
KIF3B,true
PPFIA4,true
ZNF534,true
DCAF12L2,true
PCNX,true
SPTBN4,true
SGPP1,true
KRT6A,true
AADACL3,true
TDRD5,true
INPP5F,true
ABR,true
ARMC5,true
RP11-1C8.4,true
TULP4,true
ZNF160,true
IGHD2-15,true
ZNF608,true
ZNF141,true
INTS7,true
PLCL1,true
GNS,true
TTF1,true
STRC,true
HIST1H1C,true
UNC45B,true
TCP1,true
PIK3CG,true
CHRNB1,true
THAP10,true
DOCK10,true
ZIC3,true
ZBED1,true
FAM47A,true
ATOH7,true
PTCH1,true
C19orf40,true
CROCC,true
ELOVL6,true
FAM13C,true
DNTTIP2,true
IL6ST,true
PLD3,true
KRTAP5-3,true
PIK3C2A,true
PTGFRN,true
GLYR1,true
PCSK2,true
IRS1,true
BMP8A,true
ASCL4,true
ADAMTS5,true
FAM109B,true
ARID5B,true
BAZ2A,true
ATRN,true
MMRN1,true
ADAMTS9,true
PLEK,true
HPS3,true
CILP2,true
KIAA1024,true
IARS,true
RPTN,true
METTL1,true
PI4KAP2,true
SMCR8,true
DOCK3,true
BNIP3,true
SRSF1,true
PKHD1L1,true
ABCE1,true
FBN2,true
CACNA2D1,true
FCRL3,true
PELI1,true
KLHL1,true
SYNE1,true
ANXA11,true
BASP1,true
SNTB1,true
OR5T2,true
ENOX1,true
FAM26E,true
ZC3H11A,true
LGMN,true
LRRTM4,true
GABRB3,true
SP5,true
PPP5C,true
ZNF677,true
SH3BP1,true
POU5F1B,true
ATXN7L1,true
BMP7,true
TFDP2,true
USP36,true
APOL2,true
HYDIN,true
SLC1A7,true
GABRG3,true
MYADM,true
RPAP2,true
GBX2,true
COL1A2,true
ARHGEF40,true
DCHS2,true
MSN,true
PLD6,true
ZNF436,true
PSMD14,true
MYH1,true
SERPINC1,true
NFASC,true
VCPIP1,true
UBE2A,true
GPR82,true
IER2,true
HIST1H2AE,true
ZC3H12D,true
RASL10A,true
COL22A1,true
ZSCAN18,true
NXPE1,true
PCDH17,true
ZNF827,true
CTRC,true
EPHX2,true
MAGEF1,true
GCNT7,true
RGS14,true
SMARCA5,true
LAMA1,true
APBB1,true
PRAMEF4,true
GALNT9,true
ASXL1,true
MRPL19,true
TNFAIP2,true
EPC2,true
ZAP70,true
MYOG,true
ZNF768,true
CTSH,true
DUSP13,true
MUT,true
KCTD3,true
SLC12A7,true
TAS1R2,true
CTPS2,true
BPTF,true
MATN2,true
HAND2,true
LRCH1,true
FAN1,true
SLC2A5,true
INTS1,true
GUCY1B3,true
DTX3L,true
PRR12,true
FANK1,true
RHBG,true
ARRDC4,true
AGFG1,true
DPYS,true
HCN4,true
KIF25,true
ZFP37,true
ACSBG1,true
SPO11,true
OR2AK2,true
PCDHB1,true
DOK5,true
TMEM132C,true
ZBTB43,true
GREB1,true
PDLIM1,true
CAPZA3,true
C9orf24,true
FGF16,true
DDX25,true
REG1P,true
SYNGR2,true
SERPINA7,true
PMPCA,true
MS4A8,true
IGHV3-33,true
POTEF,true
TTLL6,true
RECQL5,true
LGALS8,true
PARD6G,true
RBM4,true
PER2,true
HSF2,true
PRICKLE2,true
OR5T1,true
C8orf4,true
BCL2A1,true
EEF2,true
PLCZ1,true
SEMA4B,true
PRMT1,true
FAM161B,true
CBLN2,true
IGLL5,true
C5orf30,true
PGC,true
MAST1,true
RNF219,true
TCF4,true
CPVL,true
ERAS,true
KIAA1217,true
INO80,true
FAM155A,true
TAS2R19,true
ELL2,true
TRNT1,true
TGM3,true
CCER1,true
TAS2R30,true
ERH,true
HBP1,true
LAT,true
ALMS1,true
ADAM21,true
OSBPL9,true
LIMD2,true
KCNAB3,true
ITSN1,true
LYPD3,true
HELZ,true
PRRT3,true
PTPRA,true
PRKG2,true
ARHGEF4,true
AKT2,true
OR1M1,true
ACTRT1,true
HDDC2,true
FAM205BP,true
ETAA1,true
U2AF1,true
SLC23A3,true
OR5M1,true
ADAT3,true
ADGRE5,true
CRYBB3,true
NR3C2,true
ANO4,true
DGAT2L6,true
TWIST2,true
SETX,true
CETN1,true
AATF,true
C20orf24,true
SMCHD1,true
HACL1,true
OR2A7,true
SYT1,true
COL5A3,true
NMBR,true
THBD,true
ZNF451,true
HMP19,true
NLRP1,true
MAN1B1,true
NBPF19,true
ACSL3,true
SLC35G5,true
NAGA,true
CAMP,true
SLC5A10,true
CYP3A43,true
BMS1,true
NEIL3,true
ZNF555,true
AIFM2,true
BTK,true
KIF16B,true
PIGL,true
NFATC1,true
AMBRA1,true
DNAI2,true
OR2L2,true
PGD,true
DIP2B,true
SDPR,true
FAM21A,true
VARS2,true
RNF133,true
DSC2,true
ZNF841,true
GRN,true
TMEM52B,true
FOXC1,true
RPL8,true
IGHD6-13,true
EFHC1,true
ZNF276,true
GGT3P,true
ACADM,true
CCNDBP1,true
NADK2,true
STXBP5,true
PIGO,true
PPIAL4A,true
IGLV6-57,true
CDK5RAP3,true
IGHD3-16,true
WNT5A,true
MFSD9,true
MAN2B2,true
LRRTM1,true
STAP1,true
CDH22,true
KCNQ3,true
AGTR1,true
MAPK12,true
SRPRB,true
MRPL1,true
ANKRD46,true
ATM,true
SLC5A12,true
HERC4,true
HIST1H1D,true
C7orf61,true
PAX6,true
NCOA3,true
DLGAP3,true
AURKB,true
ACTR6,true
NOP14,true
ETS1,true
HDAC8,true
SLC7A14,true
LRRIQ1,true
SBSPON,true
ABCA10,true
KIAA0196,true
RNU6-614P,true
AC245028.1,true
XPC,true
NPEPL1,true
VWF,true
PLK3,true
FAM69C,true
BEND2,true
INTS3,true
ALDH5A1,true
TNIP2,true
PIM3,true
PSEN1,true
ZNF740,true
ELF1,true
RNPS1,true
RGS12,true
DMRT2,true
KRTAP11-1,true
PRDM15,true
IGLV3-6,true
PSG8,true
SLC14A1,true
DGKB,true
SHISA3,true
P3H4,true
NOMO1,true
MYO5C,true
SLC27A6,true
C12orf66,true
ACY3,true
RABL3,true
CFAP47,true
DEPDC5,true
ANO8,true
DCHS1,true
DAGLA,true
PSME3,true
RPL41,true
PFDN2,true
PPP2R5B,true
TMEM47,true
POU6F2,true
SPATA2L,true
PKD1L3,true
NUDT22,true
CACNG2,true
SHROOM3,true
ITPR3,true
PIGV,true
PALM3,true
RS1,true
IBA57,true
RPAP1,true
MUM1L1,true
H2AFY2,true
ANKRD18A,true
ZDHHC6,true
NDRG4,true
IGKV2-24,true
ZNF292,true
DSPP,true
HIST1H3C,true
LRIG2,true
NPR2,true
HIATL1,true
CRYGN,true
USP31,true
CT55,true
EHMT1,true
MAML3,true
CXorf57,true
PLET1,true
FOCAD,true
LRRFIP1,true
ZNF366,true
IRF1,true
MAZ,true
SHROOM1,true
P2RY8,true
ZBP1,true
SLC7A13,true
TRIO,true
RP11-213G2.3,true
NFKBIZ,true
ELAVL1,true
KCNH6,true
ZNF252P,true
LRFN5,true
GPC6,true
KDM6A,true
SDHAF2,true
PON2,true
RASAL1,true
PRR5-ARHGAP8,true
POLR2A,true
ZNF181,true
CXCR4,true
NEDD9,true
LINC00599,true
FGD1,true
NUF2,true
GSPT1,true
LRIT2,true
GNAT3,true
CHRNA6,true
FAM47E-STBD1,true
FAM120B,true
TGIF1,true
ARSE,true
MALRD1,true
PPID,true
SCNN1A,true
AP1G1,true
DIDO1,true
GLRA3,true
ATG9B,true
MDN1,true
PPIB,true
CCKBR,true
JMJD1C,true
FANCE,true
PAK2,true
KRT85,true
RMI1,true
CNBD1,true
MYH8,true
EPHA6,true
MEGF9,true
PCM1,true
SEC14L1,true
ZCWPW2,true
SLC18A1,true
COL18A1-AS1,true
MCF2L,true
TRAPPC8,true
CCDC64,true
HAPLN1,true
SMPDL3A,true
IGIP,true
DISC1,true
SLC35F1,true
KCTD10,true
NPPB,true
TRMT13,true
KIF5B,true
INO80D,true
FBXW12,true
ABCA13,true
OR8J1,true
PBRM1,true
BCAP29,true
IFT22,true
KCNK13,true
TRIM71,true
SMYD2,true
CAMK2G,true
SIN3A,true
KCNS3,true
ZNF112,true
HMCN2,true
NAP1L5,true
DCAF8L2,true
GADD45G,true
PCDH20,true
NEDD4,true
RP1,true
CD2,true
LRRC37A3,true
OR4D5,true
ARG1,true
AP2A2,true
ASB11,true
TOM1L1,true
RPS6KA6,true
GTF3C1,true
FBXO34,true
DOK1,true
ZNF804B,true
CYP27C1,true
WASL,true
HS6ST2,true
PNLIPRP2,true
DTX2,true
UGT2B17,true
PTMA,true
TPR,true
