Gene,Pleura
MYO1E,true
F11,true
ESM1,true
CCDC78,true
TMSB4X,true
FAM83G,true
SUGCT,true
TREML3P,true
GRM7,true
PGPEP1,true
MAGEC1,true
GOLGA2,true
HLA-B,true
DNAH14,true
CNN3,true
TMEM74B,true
GAS6,true
MYC,true
C15orf48,true
ATIC,true
LGI3,true
THBS4,true
SRGAP1,true
FAM78B,true
FASTK,true
KCNV2,true
NUFIP2,true
SSRP1,true
SULT1C4,true
SLC6A7,true
PCDHA1,true
BRAF,true
SMG1,true
ZNF148,true
MYH4,true
PI4KA,true
ATP9A,true
LGI4,true
FOXO1,true
LYPD5,true
C8orf82,true
HAUS7,true
GJA8,true
ANKRD27,true
JARID2,true
XBP1,true
MRM1,true
TSFM,true
TRPM5,true
NEDD1,true
UBASH3A,true
SPATA6,true
STARD4,true
HNF1B,true
ARL4C,true
RAB17,true
SLIT3,true
KIAA0355,true
TRIM46,true
MSH3,true
SUSD5,true
DLG5,true
NLRP8,true
MUC16,true
OR10K1,true
MUC5B,true
HGSNAT,true
KLC2,true
COL4A2,true
ACSM4,true
XRRA1,true
RNASET2,true
MMP12,true
IQUB,true
CCR5,true
AMOTL2,true
CD163,true
EIF4G2,true
ADGRL4,true
PLXNB3,true
DCAF13,true
CSK,true
PCDHB5,true
ILKAP,true
NLRC3,true
GPN1,true
LYRM1,true
NDUFB10,true
TGFBR2,true
PPP1CA,true
PTH1R,true
ERBB4,true
USP45,true
DLX2,true
PHLDB2,true
TBC1D10B,true
IL11,true
COL6A6,true
VPS13C,true
ADAMTSL2,true
PAXBP1,true
ZNF525,true
EPS15L1,true
DCC,true
DPEP2,true
MED22,true
CEP104,true
ALOX15B,true
GSN-AS1,true
SF3B1,true
SLC39A11,true
AKAP8,true
DNAJA4,true
RNF19A,true
C5orf42,true
DNAH5,true
SVOP,true
NBPF1,true
TBL3,true
MATN3,true
CHD8,true
LINC00242,true
COL14A1,true
DLX4,true
C5orf38,true
CACTIN,true
GNAS,true
C3orf20,true
TP53,true
TPPP3,true
BRD8,true
PSMB5,true
SLAIN2,true
KLHL7,true
ZMAT5,true
LMTK3,true
NBAT1,true
HECTD1,true
HLA-DMB,true
RXFP2,true
TNFSF18,true
PRAME,true
NCKAP1L,true
GDF10,true
AMELY,true
ZGPAT,true
KIF26A,true
CCDC116,true
GYS1,true
PPP2R2C,true
ERBB3,true
XKR4,true
TRPM3,true
ZSWIM5,true
RNF2,true
SYTL5,true
PXDNL,true
HECTD3,true
NLRP7,true
CCT5,true
ERCC3,true
COL26A1,true
DDX17,true
ZNF192P1,true
TBXAS1,true
SRRM5,true
PCDHA7,true
DNAH1,true
CATSPERD,true
CLCA1,true
RTF1,true
SDK1,true
KIR2DL3,true
GPRIN2,true
GRK1,true
SPPL2A,true
TM9SF3,true
MCM9,true
ANK1,true
PRB4,true
LILRB5,true
SLC29A4,true
BRI3,true
TWF1,true
IL4R,true
PCDHB3,true
RRNAD1,true
RHOA,true
ADPGK,true
RBFOX1,true
TBC1D25,true
TCF12,true
SLC6A2,true
DUSP5,true
ELMOD3,true
TRIM9,true
MZT2A,true
RN7SL319P,true
CNTRL,true
IRF2,true
ARAP1,true
PNMAL2,true
GRID2,true
VWA5B1,true
IL13RA1,true
TTC8,true
WDR62,true
LAMB4,true
MAP1A,true
STAT2,true
FER1L5,true
TNF,true
DENND4A,true
GIP,true
ERICH6B,true
AKIP1,true
CEP72,true
GEM,true
ZFYVE26,true
RP11-244H3.1,true
AP4E1,true
MOBP,true
NXPE3,true
ATP5J,true
ESPN,true
TOPORS,true
KLHDC8A,true
CASP4,true
C6orf222,true
DNAH8,true
SEMA3E,true
LINC-PINT,true
HSF1,true
C2orf72,true
COCH,true
TOP3A,true
PIF1,true
NRG2,true
RSPH4A,true
ARHGEF2,true
C1QTNF4,true
IGSF21,true
IGLL3P,true
EME2,true
SLC15A4,true
DUSP22,true
LDB1,true
LRRC58,true
ABLIM3,true
RYR2,true
ANKMY1,true
TMEM132A,true
TBRG4,true
MYO18B,true
LGSN,true
ERAP1,true
PARK2,true
ATF7,true
DNAL1,true
WHSC1L1,true
C8orf87,true
NUDT6,true
FLRT2,true
ZFP90,true
DMRT3,true
MSH2,true
LIM2,true
RLTPR,true
TBX2,true
GRK4,true
EFHB,true
ARC,true
CFAP69,true
IGHM,true
NEK11,true
EIF4EBP1,true
LETM1,true
ERG,true
KCNH1,true
SOGA3,true
ZNF559-ZNF177,true
PKHD1,true
ITIH6,true
ZBTB45,true
GC,true
LSM14B,true
LTBR,true
KLHDC3,true
DYNC2H1,true
MAGEA6,true
C16orf89,true
LEUTX,true
PTH2R,true
FBF1,true
AMICA1,true
LCE1E,true
SOS1,true
FAM92B,true
SHANK2,true
EDIL3,true
C1S,true
FOXI2,true
PSMD6,true
GPRIN1,true
MAPK4,true
DISP1,true
CCDC120,true
KIAA1614,true
C3,true
SBF2,true
FAM111B,true
DNAH17,true
TGFBRAP1,true
HNRNPUL1,true
PPARD,true
QSOX1,true
EPHB2,true
CACNA1C,true
HMCN1,true
ZNF536,true
PP2D1,true
PPIL6,true
STRIP1,true
DOT1L,true
LLGL2,true
LOX,true
PLEKHG3,true
XRN1,true
ZNF689,true
CDK8,true
COG7,true
MTR,true
SEC23A,true
GOLGB1,true
RIMBP2,true
HYAL3,true
LONRF2,true
KIAA1467,true
IL21R,true
PCDHGB2,true
AP3B2,true
OPRM1,true
NDUFS7,true
DENND1B,true
TBRG1,true
MSRA,true
GRM5,true
MYO7B,true
SLC16A6,true
CCDC168,true
NSF,true
POLN,true
PCGF3,true
PLA2G4A,true
SELE,true
SYTL4,true
RPL7A,true
LIPT2,true
ADGRE2,true
ZNF853,true
MMP8,true
ZNF593,true
RTN4RL1,true
SLX4,true
CADPS2,true
MMP2,true
PRPF8,true
FMO5,true
BEND7,true
PM20D1,true
DHX58,true
LZTS1,true
MORF4L2,true
EDRF1,true
TGFB1I1,true
UNC50,true
NASP,true
BTBD19,true
SULT1A1,true
HINFP,true
TAS2R40,true
RP11-848G14.2,true
TLN2,true
ACER3,true
OR51E1,true
KAT2B,true
GMPS,true
ZSCAN12,true
TLE4,true
SLC25A24,true
CLIP2,true
STAG3,true
NCAN,true
ISG20L2,true
MROH1,true
ADAMTS4,true
ZNF354B,true
CDK13,true
MAGI3,true
RP11-346J10.2,true
SLC5A9,true
MARCO,true
ZNF2,true
ALOXE3,true
THEM5,true
OR5H15,true
CSPG4,true
SLC39A13,true
ADAM2,true
SPAG9,true
LAMA4,true
XKR8,true
PSMA1,true
MED12L,true
SNORA73A,true
MADD,true
RCOR3,true
NEU1,true
MAF,true
APEH,true
PLEKHA6,true
EIF3B,true
ZNF609,true
WNT7B,true
FSIP2,true
PABPC4,true
ZNF766,true
VPS54,true
HTR2B,true
ABCG1,true
HIRIP3,true
DOCK5,true
HIST2H2BE,true
UNC5C,true
CMTM7,true
SEC24B,true
SVIL-AS1,true
LRP4,true
B9D1,true
SEMA6B,true
ST8SIA2,true
FBXL12,true
MROH9,true
TAAR9,true
SLC1A6,true
SUPT20H,true
TRIM16,true
NRP1,true
NEB,true
CTNND2,true
KCTD12,true
ELFN2,true
ENTPD1-AS1,true
C6orf223,true
NFE2L1,true
ATP13A1,true
SKOR2,true
CUL7,true
TDRD6,true
NFKBID,true
PDE4C,true
ABCC10,true
CD27,true
NPHP1,true
GLS,true
STAG2,true
EIF4G3,true
ROCK1,true
RAB2A,true
PISD,true
DACH1,true
KIAA1211,true
N4BP2L2,true
COPA,true
SLC36A3,true
IRF2BP1,true
PCDHGB3,true
ZZEF1,true
LRRC27,true
SPCS3,true
FLRT3,true
CAD,true
MMRN2,true
RAI1,true
CCDC13,true
VAV2,true
TSPAN18,true
SLCO5A1,true
CDH8,true
VAX1,true
ATRX,true
MYO10,true
PHLDB1,true
LVRN,true
RPS6KB2,true
CMTR1,true
COA5,true
ELF5,true
ARAP2,true
IGKV1D-16,true
TSPEAR,true
CHKB,true
IQCJ-SCHIP1,true
GRIN3A,true
ADAM8,true
ITIH1,true
CTD-2600O9.1,true
SYT3,true
SGSM3,true
RGMA,true
MALAT1,true
CFAP58,true
MKS1,true
TMTC2,true
PADI4,true
MAN1C1,true
CD209,true
AC005071.4,true
DNHD1,true
SNX29,true
LPAR3,true
CSMD1,true
HBS1L,true
HS3ST3B1,true
C9orf131,true
FOXS1,true
ADGRG5,true
ZNF567,true
FRMD6,true
LTBP1,true
BRIP1,true
NANOGNB,true
GATM,true
PPTC7,true
ATAD2B,true
SERPINB12,true
MROH2B,true
PLD4,true
TRIP10,true
TLL2,true
ANKRD26P1,true
SLC25A19,true
VWA3B,true
SNX19,true
CR1,true
UTP20,true
HNF4A,true
TECTA,true
C15orf65,true
C2orf71,true
RGS5,true
RDH13,true
EMILIN1,true
XPO6,true
CNOT3,true
LRRC61,true
SRRM3,true
KRT16P6,true
NRTN,true
EIF6,true
LMAN2,true
SCP2,true
C9orf85,true
IL11RA,true
SERTAD4,true
SPG7,true
AMOTL1,true
CNOT11,true
NRAP,true
MS4A3,true
MANSC1,true
CUZD1,true
TRPM4,true
LRRC47,true
C1orf141,true
SGIP1,true
NACC1,true
DDX41,true
SLC6A17,true
MAP6D1,true
ITFG2,true
TRIM58,true
ARNT2,true
CELP,true
TET1,true
FLNA,true
PCDHB2,true
IL12B,true
DDB1,true
GRIA1,true
MATN4,true
PTN,true
SMTN,true
ITGB1BP2,true
LGALS3BP,true
ASXL3,true
CTNNB1,true
ADNP2,true
WFDC8,true
PCDHGA9,true
ASB16,true
POLR2G,true
PATL2,true
PDE4A,true
COL6A5,true
PHB,true
SLC6A11,true
SFTPA2,true
ADGRV1,true
PPP1R3G,true
SERPINF1,true
RASEF,true
GINM1,true
JPH1,true
PCDHGC4,true
FBLL1,true
TLN1,true
MAP3K6,true
CGREF1,true
CCDC42,true
GPBP1L1,true
ETV1,true
DBNDD1,true
GRASP,true
KIAA1033,true
ARMC10,true
VNN3,true
PC,true
NOS1AP,true
C4orf32,true
SAE1,true
HSBP1L1,true
IGFALS,true
SLC3A2,true
ATP6V0E1,true
NTM,true
GJB4,true
SNORD115-9,true
VRK1,true
SELP,true
TNNT2,true
FZD9,true
MUC4,true
HCFC1,true
PLCH2,true
CKAP2L,true
GEN1,true
EML3,true
MYBL2,true
EYS,true
WDR90,true
DST,true
ZNF333,true
TMC3,true
TG,true
DOCK2,true
HIST1H4C,true
HMGXB3,true
ADGRG7,true
GABRA3,true
RP11-306O13.1,true
RMDN2,true
CHI3L1,true
WTAP,true
RANBP3L,true
SLC9A2,true
SLC25A37,true
TPPP,true
GPATCH2,true
MDC1,true
PNMT,true
DOC2A,true
SMARCB1,true
C10orf90,true
KIAA1324L,true
RAB36,true
MCM10,true
MARK3,true
MAP2K3,true
NUTM2G,true
WNT2,true
SNORD116-17,true
SBF1,true
CASP8AP2,true
CLDN19,true
LRRC10B,true
MACF1,true
ANP32B,true
B3GALT4,true
KIAA0100,true
GALNT2,true
XPO5,true
CCDC30,true
GRHL2,true
CPT1A,true
OCA2,true
SLC7A6,true
NUP88,true
RAD51AP2,true
RNF139,true
FBXW9,true
MCUR1,true
PEX10,true
REEP4,true
FARSB,true
PRKCA,true
SLC4A4,true
ZNF225,true
PAPLN,true
AUTS2,true
SEC24A,true
DCAF10,true
TIMELESS,true
IARS2,true
TRIP12,true
AGPAT4,true
TBC1D10C,true
TSC22D1,true
SLCO1A2,true
CTCF,true
HNRNPR,true
NCAPH,true
SLC6A5,true
GK2,true
ADGRE1,true
C11orf57,true
PLK2,true
ARID1A,true
AGPAT3,true
BIRC8,true
PYGO2,true
IQSEC1,true
PRPF3,true
POLR2B,true
TMEM171,true
TET2,true
SCLY,true
ANK2,true
SLC9A3R1,true
WDR35,true
UMODL1,true
KCNG2,true
G3BP1,true
RPTOR,true
TMEM169,true
QSOX2,true
F5,true
CNGA4,true
FAM110D,true
CWH43,true
KCNMA1,true
METTL6,true
AVPR2,true
PIDD1,true
MICAL1,true
KPTN,true
FRAS1,true
VPS13D,true
RASSF9,true
BTN1A1,true
ADAMTS8,true
SYNGR3,true
CDC14B,true
DMC1,true
RANBP2,true
FBXO38,true
SGPL1,true
POLR1A,true
IMPAD1,true
ARHGAP26,true
IFNA8,true
PYGL,true
NPHS1,true
PIH1D2,true
ENOX2,true
NFXL1,true
EIF2B2,true
PLOD3,true
KPNA7,true
RPN1,true
NOX1,true
CMTM4,true
MAP3K9,true
TFPT,true
UNC5D,true
CDH15,true
PLXNA3,true
RARA,true
ZKSCAN7,true
DPP6,true
NMRK2,true
RAB3D,true
LYPD2,true
GPC5,true
WSB1,true
BBOX1,true
ATRNL1,true
NOXO1,true
ANKRD26,true
PDYN,true
SLC20A1,true
LYST,true
SLC9A1,true
SLC7A3,true
DSCAM,true
CDC27,true
ORM2,true
ESYT2,true
SLC38A5,true
MRPS11,true
CD6,true
TSGA10IP,true
CD274,true
PXK,true
CTH,true
ZKSCAN5,true
FTSJ3,true
MICALL2,true
TCIRG1,true
CPEB1,true
MAP4K3,true
PRR36,true
NEU2,true
THADA,true
KDM4B,true
HELZ2,true
CDHR1,true
UBE2I,true
CCDC86,true
METTL22,true
CRB2,true
DYNC1H1,true
ZNF433,true
KDM2B,true
TTC6,true
IGFN1,true
KCNMB4,true
DDX1,true
ANKRD36,true
ZFHX3,true
IRAK4,true
CDC73,true
PRUNE2,true
CPNE6,true
P2RX4,true
CASKIN2,true
POTEH,true
ITCH,true
TMCO2,true
FGFR1,true
CHD5,true
EYA1,true
SPANXN1,true
FHOD3,true
IGHV3-23,true
ZNF331,true
SDC2,true
LENG8,true
KLLN,true
COL20A1,true
ZAN,true
SEC61G,true
AXL,true
ALPK1,true
HOXB7,true
UTP23,true
LRRC55,true
LUZP1,true
GALNT13,true
RAPGEF1,true
DEPDC4,true
FUZ,true
PLA2G4F,true
VARS,true
RARS2,true
TRAF6,true
OR6B3,true
MICALCL,true
GYG2,true
MGA,true
MAP3K13,true
ZFYVE16,true
ACSF2,true
CASR,true
DMRTC2,true
CMYA5,true
SELENBP1,true
C6,true
POLE,true
SRGAP3,true
PPP1R21,true
ZNF724P,true
RBM34,true
SLC25A20,true
TMEM144,true
KIF7,true
HDAC5,true
RP11-96P7.1,true
MAFG,true
KCNJ15,true
GPN3,true
FAM131A,true
HCN3,true
TRAK1,true
ARHGEF25,true
TMEM229A,true
ZNF175,true
SORBS1,true
TRNAU1AP,true
NUPR1,true
FBLN1,true
SLC44A4,true
IGLV3-21,true
EIF3J,true
MYBL1,true
SCN4A,true
PRAMEF7,true
PSMG2,true
ZNF423,true
PGPEP1L,true
GSTTP1,true
PDE1C,true
HNF4G,true
SLC44A2,true
HPS4,true
LAMA5,true
ZPLD1,true
RUNX2,true
ARHGEF10,true
FN1,true
ABI3BP,true
PDCD2,true
ACAN,true
GPR157,true
SLC22A31,true
TNXB,true
HCN1,true
AGO1,true
ANKRD30A,true
CCDC73,true
TOP2A,true
PPRC1,true
RAB11B,true
CYP4X1,true
C19orf26,true
DHX16,true
MEX3A,true
RSBN1L,true
IDI1,true
ORAI3,true
FKBP6,true
FBXL6,true
KCNK3,true
TPD52L3,true
BAD,true
FAM189B,true
RPL37,true
MYRF,true
ST6GALNAC1,true
PSD2,true
MINK1,true
EIF4A3,true
UBE2DNL,true
ZNF169,true
SUCLA2,true
HIST1H1T,true
SPIRE1,true
ZBTB7A,true
CELA3A,true
ELAC2,true
EFCAB3,true
PGLS,true
AGPS,true
RFNG,true
RHOT1,true
COL24A1,true
PDDC1,true
SLC45A4,true
ZNF18,true
MYH9,true
DNAH12,true
RP11-383M4.6,true
MAPRE1,true
AHCYL2,true
IL23R,true
KIF5C,true
EGR3,true
MARK1,true
RP11-571M6.15,true
PDE3A,true
NALCN,true
MMP13,true
SLC22A23,true
EHHADH,true
CSDC2,true
BCL2L11,true
GIT1,true
REPIN1,true
COL17A1,true
THRAP3,true
CNIH3,true
KATNAL2,true
SRSF6,true
EPHB4,true
LOXHD1,true
KRT72,true
CFAP36,true
APBB2,true
IL1RAPL2,true
CYP4F2,true
BTNL3,true
SLC1A2,true
PLA1A,true
OR52A1,true
WT1,true
POLRMT,true
TNFRSF1A,true
SNX16,true
SNORD115-36,true
DNALI1,true
C1orf226,true
BMP10,true
CCDC65,true
IFIT3,true
SPRED2,true
KANSL2,true
HOOK2,true
ZFP36,true
RBBP9,true
PPP1R9A,true
PPP1R13B,true
GUCY1A3,true
SEPT9,true
RASAL3,true
FKBP15,true
IPO13,true
BEST1,true
KIF21B,true
FERMT3,true
CDH9,true
MS4A1,true
IGLV1-50,true
TUBB6,true
GPR85,true
STAB2,true
GBAS,true
ADCY10,true
MPHOSPH9,true
GPR149,true
HIPK4,true
SH3RF2,true
CNTN5,true
FAM84B,true
PITPNM3,true
INPPL1,true
FAM172BP,true
SOX1,true
LCT,true
HDLBP,true
MROH6,true
OR1D2,true
KCNQ4,true
AGBL2,true
CDCP1,true
SCARF1,true
SLC6A12,true
SF3B3,true
AGAP2,true
SLCO4A1,true
RNF32,true
KMT2E,true
TRIM14,true
IFT74,true
DLC1,true
TCEA2,true
NDUFC2,true
FZD8,true
SLC38A3,true
ECEL1,true
VN1R4,true
PKN2,true
TSPAN16,true
FAM135B,true
MYO16,true
RTTN,true
COQ4,true
DHX38,true
ZNF835,true
KIFC1,true
CHRNA2,true
TRH,true
HIAT1,true
SPACA6P,true
ZC2HC1A,true
IL1RAP,true
POLR3G,true
NCF2,true
MED12,true
ANKDD1B,true
KIR2DL4,true
ROS1,true
ZNF382,true
HIST1H4I,true
CSRP2BP,true
BHLHE41,true
TSC2,true
LRP1B,true
SLC38A1,true
MPHOSPH8,true
TBX3,true
TENM2,true
GSG1,true
BAZ2B,true
PRKACB,true
NLRP4,true
FUT4,true
BNC1,true
NINJ1,true
MEP1B,true
CD2AP,true
DUSP19,true
FCHO1,true
HERC1,true
RAPGEF3,true
OR51B5,true
PHC3,true
GRM1,true
RTN4RL2,true
DHRS2,true
CTD-2206N4.4,true
NRBP1,true
TRIM66,true
RFC4,true
OR10H3,true
OR4K5,true
TRMT11,true
SLC9C2,true
TRAIP,true
RIMS1,true
MAPK8,true
ZBBX,true
ZNF7,true
SIGLEC10,true
NIN,true
DCDC1,true
TRPA1,true
RPRD2,true
C14orf39,true
GRM8,true
TRMT61B,true
RPS6KA3,true
ZC3H14,true
PYGB,true
LRRC24,true
AGXT,true
SPAG17,true
KRT36,true
NF1,true
RYR3,true
SGSH,true
KCTD7,true
TCTE3,true
CRIM1,true
CEACAM1,true
OR4D6,true
RGS3,true
SLC25A31,true
LATS1,true
EMC2,true
IFIT2,true
SOGA1,true
FAM122B,true
MIR548I4,true
DIP2A,true
SHFM1,true
LRIG1,true
PRLR,true
SULT1B1,true
OR5D14,true
KLHL8,true
PLXND1,true
NR2C1,true
PPA1,true
TMEM242,true
CCDC114,true
SIPA1L2,true
GCNT4,true
XPNPEP2,true
DBX1,true
PIWIL3,true
OXGR1,true
CROT,true
ZSCAN23,true
DYNC2LI1,true
ITFG3,true
UBE2O,true
CAND2,true
UGT2B7,true
DHRS3,true
HELQ,true
FETUB,true
UNC5B,true
FCGBP,true
HSPG2,true
CDC25C,true
COPB2,true
FAT4,true
MAK16,true
REP15,true
C1orf177,true
TNFRSF19,true
P4HA1,true
ZNF687,true
OR5L1,true
CAPN5,true
MGLL,true
GJB6,true
NUDT21,true
TSR2,true
DAGLB,true
SHISA7,true
PRR14,true
PRKACG,true
GINS3,true
ABCB6,true
ARMC6,true
ATP2B3,true
F8,true
ATP11B,true
KLF11,true
AP1M2,true
DGKZ,true
ZIC1,true
KIAA0586,true
RGS18,true
UPF1,true
CNBD2,true
PTOV1,true
SREK1IP1,true
PCBP2,true
DNAH3,true
ACTRT2,true
LMO4,true
MERTK,true
GREM2,true
GUF1,true
SLC6A9,true
C12orf50,true
AGTR2,true
RWDD2B,true
IRGQ,true
LAMA3,true
COX11,true
FASTKD2,true
FLG2,true
GIGYF2,true
CHRDL2,true
BAAT,true
PGS1,true
TMC4,true
CHRNA10,true
PDXK,true
FCHO2,true
TMEM173,true
CUL5,true
ZNF469,true
RASGRF1,true
PROL1,true
KHDRBS1,true
AC091801.1,true
TNRC18,true
DSEL,true
CDCP2,true
DHRS4,true
DMD,true
CLCNKB,true
FRMD3,true
LETMD1,true
BRWD1,true
CELSR2,true
SLC22A3,true
NUDT14,true
OSBPL10,true
FAM65C,true
IFNAR1,true
NAALADL1,true
FMNL3,true
HNRNPL,true
TSSC1,true
ZNF846,true
C9orf117,true
DKK1,true
ARHGDIA,true
LRRC63,true
C4BPA,true
LRRK2,true
CDH6,true
S1PR4,true
ARHGAP33,true
C11orf30,true
PLEKHB1,true
TSPYL2,true
CHST6,true
LRRC6,true
DENND4B,true
MAP3K12,true
SV2C,true
APAF1,true
DNASE2B,true
OR4C15,true
GFRAL,true
PLXNB2,true
SIK2,true
S1PR3,true
TACC1,true
ATF1,true
TBC1D9B,true
TMEM138,true
MCF2L2,true
ZFYVE9,true
CXorf40B,true
SLC9A4,true
UBE3D,true
SLC25A21,true
BIVM-ERCC5,true
KDM4E,true
ABCC11,true
LSP1,true
EFR3A,true
TMIE,true
CCDC63,true
TOX3,true
FRMD1,true
CH17-140K24.8,true
FREM1,true
SLC43A1,true
PRKDC,true
VANGL2,true
SAV1,true
MSL2,true
DSP,true
HLA-C,true
NEURL1B,true
ARHGAP29,true
GHSR,true
HIST1H2BH,true
ZNF544,true
FAM46C,true
PCDHA8,true
SPATS2L,true
CIT,true
USH2A,true
USP16,true
PCDHB7,true
DDX3X,true
SALL1,true
ACSL4,true
ANO2,true
CCND3,true
HR,true
DLL1,true
LMOD1,true
SMARCC1,true
PTPN4,true
COL6A2,true
PNN,true
POLR2H,true
C11orf96,true
BCAM,true
PDIA4,true
TNIK,true
HAUS4,true
FBXW5,true
MCF2,true
ESX1,true
GAS2L1,true
MTUS2,true
CD163L1,true
CNOT10,true
ZCCHC2,true
OBP2A,true
SPRTN,true
EMC9,true
ENTPD8,true
ARFGEF1,true
CCDC148,true
MMP16,true
BCOR,true
AKT3,true
FAXDC2,true
MASP1,true
TBX20,true
LUZP2,true
OR6K2,true
PPP1R15A,true
NBEAL2,true
CYP2E1,true
AJUBA,true
DOCK6,true
RAB10,true
KIF6,true
GIPC3,true
VRTN,true
PEX1,true
CDK14,true
CNNM1,true
LGI1,true
RAB1B,true
NLRP14,true
TRPM7,true
TMEM258,true
PROB1,true
WDR70,true
SDAD1,true
FYB,true
FAM71E2,true
FAM124B,true
HTT,true
MIR99B,true
SHPK,true
SCAMP3,true
ST8SIA4,true
TRAF7,true
OR8H3,true
SP100,true
CYP2G1P,true
CASD1,true
TACC2,true
RGL2,true
SYT10,true
ASB10,true
IFITM3,true
KCNK17,true
TRIM48,true
MYB,true
CCDC185,true
S100A7A,true
TGIF2LY,true
EP400,true
ACAP1,true
FANCA,true
PLEKHG4B,true
SAP30BP,true
WDTC1,true
CNTNAP2,true
RANBP6,true
GLI3,true
PSMB1,true
ADAMTS13,true
FAM102A,true
OR14I1,true
PTPRU,true
TUFT1,true
ZNF717,true
SLC8A2,true
FLG,true
ZNF860,true
TYR,true
C2orf81,true
IQCB1,true
NLRP9,true
NPAP1,true
MOCOS,true
ID4,true
HIST2H2AB,true
ZDHHC11,true
GPR88,true
COMMD8,true
OR8H2,true
CREBBP,true
TYMS,true
LRP1,true
ABI2,true
TULP1,true
MAGED1,true
CTD-3187F8.14,true
SLC20A2,true
ERVFRD-1,true
BRWD3,true
ZNF597,true
OTUD4,true
KIF13B,true
PSMD8,true
LILRB2,true
DRD4,true
C19orf44,true
WDR20,true
RIMS2,true
NFIA,true
TCP11,true
CDHR5,true
AKAP3,true
COL5A2,true
LANCL2,true
ACTL10,true
PCDHB10,true
SERINC5,true
TXLNG,true
GPC4,true
EXOC8,true
ZNF780A,true
COL8A2,true
MUC21,true
SUMO2,true
TAOK2,true
POM121L4P,true
CHST11,true
CPNE5,true
ASPM,true
CCNYL1,true
KIAA0430,true
OR2T2,true
LPIN1,true
PPP6R1,true
BMP1,true
ASCC3,true
COG8,true
ZNF776,true
NOS3,true
MAPK8IP1,true
RNF40,true
MRPS27,true
CD79B,true
WWP1,true
RBMXL3,true
DPYSL5,true
MYZAP,true
AKAP12,true
ROPN1,true
MYLK4,true
ANGPTL5,true
REPS1,true
TBL1Y,true
EGLN1,true
ZCCHC16,true
AFF1,true
FBRS,true
DMKN,true
GPR137,true
C8orf33,true
SLC5A7,true
ESR2,true
PKP3,true
LRRC73,true
PDE10A,true
DNMT3A,true
MYH2,true
FSBP,true
HGD,true
ARHGAP35,true
AP4B1,true
GSDMA,true
FOXQ1,true
NCKAP5L,true
GON4L,true
DCUN1D4,true
STK35,true
GBF1,true
ANKRD30BP2,true
IL1R2,true
RAD50,true
KCNMB1,true
KCNU1,true
CYP2S1,true
CCDC7,true
RSPH10B2,true
CR2,true
UPK3B,true
GUCY2C,true
SRSF4,true
MIEF2,true
PCSK1,true
FAM71F1,true
G6PD,true
TRIM41,true
DMTF1,true
COL19A1,true
ZFP62,true
OR1J2,true
TMEM37,true
TMEM180,true
RAI14,true
MUC17,true
RPUSD3,true
LPAR2,true
ABCA2,true
SPINK5,true
UHRF1BP1L,true
NAF1,true
KIAA0195,true
KRT7,true
TOMM40L,true
GDA,true
PROKR2,true
TRIM25,true
SRRM1,true
MALL,true
CYP4A22,true
AUH,true
KIF21A,true
PRICKLE4,true
PROSER2,true
SLC22A17,true
ADGRB3,true
TRPS1,true
BRD7,true
DAG1,true
COL12A1,true
RAP2A,true
HAVCR1,true
CRYBG3,true
CTTNBP2,true
PIPOX,true
CASC3,true
AHNAK2,true
SOX11,true
MRI1,true
GCN1L1,true
GSN,true
PDLIM7,true
ARRB2,true
PHF20L1,true
KDM3A,true
PAPOLG,true
ENTPD2,true
KIAA1522,true
PRDM1,true
PINK1,true
ASTN1,true
CYP4F8,true
ACADVL,true
JPH3,true
IPO9,true
SCN2A,true
NYX,true
JUN,true
FREM2,true
TMEM123,true
PON1,true
OR8G1,true
G2E3,true
P3H1,true
CACNA1B,true
FNIP1,true
RET,true
RP11-385D13.1,true
UBR3,true
RIMKLA,true
TNK2,true
AK5,true
INPP4B,true
C5orf24,true
TUSC3,true
CACNA2D2,true
EP300,true
NMT1,true
CECR1,true
SPI1,true
HRNR,true
RIC8B,true
RASSF6,true
HUNK,true
ASAP1,true
CTD-3074O7.11,true
MAFA,true
MAP2K2,true
NFS1,true
PDHX,true
DPYSL2,true
CD40,true
CACNA1F,true
INTU,true
KRT33A,true
RELL2,true
KIT,true
UBAP2L,true
SPACA6P-AS,true
GAA,true
RXRB,true
SEC23IP,true
CSTB,true
APC2,true
KIR3DX1,true
PCGF1,true
UNC13C,true
WASF3,true
ATP8A1,true
TPRXL,true
TMPO,true
ASL,true
C17orf74,true
TSKU,true
HIST1H3F,true
DNAH6,true
LASP1,true
PEPD,true
KIF2A,true
RP11-240B13.2,true
NEDD4L,true
REV3L,true
MYO1D,true
SYMPK,true
PROSER1,true
ABCB9,true
SETD1A,true
DNAJC25,true
TF,true
TMED2,true
TMEM63A,true
ALDH9A1,true
TMEM44,true
CSMD3,true
HIST1H2AD,true
FRYL,true
SPATA31D1,true
C1orf27,true
PAWR,true
FAM208A,true
ALDH8A1,true
ZNF326,true
HLA-DRB9,true
PLCG2,true
TNC,true
APMAP,true
KRT12,true
HIC1,true
PPP1R15B,true
RELT,true
BCL9,true
KRT2,true
MLXIP,true
CPM,true
SERPINB3,true
HELLS,true
ASH1L,true
EVA1B,true
SBNO2,true
ZNF492,true
NXPE4,true
GNG3,true
VAPB,true
PLA2R1,true
OR8K5,true
FAM109A,true
AL132709.5,true
NUFIP1,true
OR13H1,true
PLEKHM1,true
KCNE5,true
SOAT1,true
RP4-559A3.7,true
NOL6,true
GNAL,true
SDK2,true
KRTAP7-1,true
SLIT1,true
CABLES1,true
RUNX1,true
GXYLT2,true
TRIML2,true
AKR1A1,true
SPTBN5,true
SFMBT2,true
MTMR3,true
ITGB6,true
SHROOM2,true
ACACB,true
ZSCAN1,true
CCDC74A,true
CAST,true
CEP85,true
COL7A1,true
KAT8,true
GALNT8,true
PTPN12,true
ZNF737,true
ABCB4,true
YWHAQ,true
CLDN8,true
PAQR4,true
GAS2L3,true
USP9X,true
MOCS3,true
MID2,true
TFCP2L1,true
MYO5A,true
HRK,true
JAG1,true
CCDC43,true
ACRBP,true
TMEM9B,true
APOA1,true
HEPH,true
OR5M3,true
FLCN,true
RGS7,true
CRYGA,true
PCLO,true
VAV1,true
ACTL9,true
TENM4,true
NBAS,true
DNLZ,true
POLR3D,true
PRR18,true
C16orf59,true
NBL1,true
TSPAN17,true
BTD,true
PROX1,true
TSC1,true
CD5,true
NUBP2,true
INCENP,true
TIE1,true
CSNK1A1L,true
H3F3B,true
DAPL1,true
PPCDC,true
PAPPA2,true
DRD1,true
SPN,true
LHFPL4,true
GNAT1,true
ADAMTS18,true
FBP2,true
ARHGEF18,true
ZSWIM6,true
NDUFA10,true
TBX21,true
NES,true
WNT1,true
C1orf94,true
SPECC1,true
SARDH,true
CWC22,true
SEMA5B,true
SRPK2,true
CEP68,true
GPR45,true
HSPA1B,true
TTN,true
DAAM1,true
VIP,true
CSTF3,true
ZNF586,true
NAALADL2,true
HIST1H1E,true
SLC6A15,true
KANSL3,true
ADRB3,true
MAML2,true
FAM96B,true
ZNF585A,true
AQR,true
NYNRIN,true
NRXN3,true
HTR2C,true
PPP1R7,true
DNAH10,true
DNAJC2,true
CLTC,true
UNC5A,true
AGRN,true
NR5A2,true
KIF4B,true
VSIG10L,true
CHRNB4,true
ARFGEF2,true
EXOC3L1,true
KLHL25,true
FARP1,true
CPSF1,true
PCDHA2,true
VAV3,true
RGS16,true
MCM3AP,true
GEMIN5,true
OR52K2,true
NVL,true
WWP2,true
TRIM28,true
MAP3K4,true
POLD2,true
RP11-396K3.1,true
COPB1,true
CCDC103,true
INSC,true
RBFOX3,true
PELI3,true
NCKIPSD,true
THEMIS,true
TESK2,true
GSAP,true
CIRH1A,true
ISYNA1,true
ASB14,true
DLEC1,true
TPMT,true
UBC,true
FAM160B2,true
IKBKE,true
CACNA1H,true
NR4A2,true
CD37,true
BCAN,true
KIAA1549L,true
ZSCAN21,true
CD7,true
TUBB4B,true
PHRF1,true
MIR4280,true
BFSP1,true
COBL,true
FANCC,true
GAPT,true
SVOPL,true
ZNF582,true
KIAA1715,true
FAM172A,true
ULBP2,true
SUN1,true
TRIM31,true
SYNPO2L,true
SETD1B,true
S100A7L2,true
PIK3CA,true
RBM47,true
EXOC3L4,true
SERPINE3,true
ADCK3,true
IRF4,true
SLC2A11,true
ZNF99,true
TIMP1,true
CBX8,true
CLDN11,true
RPL10A,true
SH2B3,true
GALNT14,true
CPNE7,true
PNPLA6,true
CHN2,true
C7orf73,true
GNPNAT1,true
MAPK13,true
NELL2,true
SDHD,true
IL17RE,true
WDR60,true
MYBPC1,true
UNC79,true
HMHA1,true
FAM178A,true
PI16,true
FPGT-TNNI3K,true
CEP57,true
RCC2,true
OR8J3,true
SLC43A2,true
RNF220,true
SLC22A16,true
IFNG,true
FES,true
CNTNAP4,true
VASN,true
SCFD2,true
EMC10,true
OR52R1,true
FBXO18,true
PAPL,true
TRIM40,true
NCAM2,true
WNT3,true
IPO7,true
FAM171A2,true
TRIM72,true
MLLT4,true
MBTPS2,true
RTKN2,true
ATP6V1G1,true
FGL2,true
PRPF40A,true
AP5M1,true
KRAS,true
CAPN3,true
VPS13A,true
HMBOX1,true
CASP10,true
LPO,true
OR5W2,true
GTSF1,true
COBLL1,true
ATL3,true
ST18,true
ADAMTS20,true
CXCR1,true
RNF214,true
RP5-1121E10.2,true
ALS2,true
WDR91,true
ITLN2,true
ATP1A4,true
PCDHB16,true
RTN3,true
GRIK3,true
TBCB,true
SCN11A,true
SPATA16,true
SYT9,true
SKIL,true
STAMBPL1,true
IRX5,true
AXDND1,true
C7orf66,true
AWAT1,true
FAM177B,true
ZNF628,true
MOV10L1,true
C1orf61,true
ADAM9,true
UTP6,true
KRT14,true
AGAP5,true
XIRP2,true
AKAP6,true
PTEN,true
GALNT11,true
ZNF23,true
TRABD2A,true
C1orf109,true
GCM1,true
MFSD2B,true
UBN1,true
MXRA5,true
TANC1,true
IL31RA,true
NPTXR,true
XIRP1,true
CARS2,true
PLCXD2,true
KIRREL,true
LINC00634,true
TLR9,true
SYT5,true
NDST2,true
SETDB1,true
ACVR2A,true
FAM169B,true
ADGRA3,true
TEX13A,true
RBPJ,true
PHYHIP,true
RRP1,true
LAMP3,true
PHKA1,true
ZNF761,true
CAPN14,true
RBM20,true
PSMD12,true
IFT122,true
FAT3,true
ABCC9,true
ZNF679,true
ACTG1,true
CIRBP,true
PAX5,true
TEX15,true
TOR2A,true
GLTSCR1,true
KIAA1549,true
PLEKHH1,true
TAF10,true
GPD2,true
SAMD9L,true
ZNF267,true
RRM1,true
IQGAP2,true
COL28A1,true
AFAP1L1,true
BAP1,true
MTFR1,true
PREP,true
GJA3,true
PDZRN3,true
RBM5,true
SMYD3,true
PER3,true
PRRC2C,true
PALM2-AKAP2,true
ADGRA2,true
ARMC3,true
KLHL31,true
FBN1,true
ABHD1,true
NUGGC,true
FCRL5,true
EIF4B,true
PDIA5,true
RAB19,true
ARHGAP23,true
IFIH1,true
PCDHA12,true
ENAM,true
STK31,true
KAT6A,true
KCP,true
PRKG1,true
CERS1,true
COL27A1,true
ABHD14A-ACY1,true
MAPKBP1,true
PARM1,true
IFT140,true
KCNK6,true
NPR1,true
C3P1,true
GLDC,true
PARG,true
SORCS3,true
ZNF629,true
LATS2,true
NPFFR1,true
ARV1,true
S100A9,true
COASY,true
SERINC2,true
KIAA1109,true
MDGA2,true
KHK,true
PPAP2A,true
KCNV1,true
EPHA5,true
B4GALNT3,true
NIPBL,true
TMEM203,true
GPRC5C,true
CTBP2,true
TBC1D15,true
GLOD4,true
HDAC4,true
LRP5,true
PILRA,true
TMEM8A,true
CDH7,true
RP11-23J9.4,true
GK5,true
SPIRE2,true
PASK,true
NSUN2,true
DCBLD1,true
SIGIRR,true
GBA3,true
SERPINE2,true
TTL,true
SSPO,true
ANKRD55,true
ASUN,true
ALDH3A2,true
ZZZ3,true
LINC00521,true
KIAA0922,true
UVRAG,true
HTR3E,true
BAHCC1,true
PLXNA1,true
NEK2,true
HACD3,true
LHFP,true
DNAJC13,true
SLC6A3,true
PARP12,true
FABP5P3,true
DEDD,true
FMNL2,true
HMG20A,true
TFIP11,true
CLNK,true
CNPPD1,true
STAB1,true
C12orf65,true
MRPS30,true
HUWE1,true
SMIM8,true
FLJ40288,true
USP8,true
LRRC16B,true
OR4D1,true
ZDHHC17,true
LPAL2,true
TAF1C,true
SMURF1,true
IQCF2,true
AOAH,true
FAM65A,true
CLN8,true
TOP1,true
PLBD2,true
C16orf71,true
PRDM14,true
ACSM3,true
PLEKHG1,true
NF2,true
OTOG,true
TMEM39B,true
RAD21,true
ZFC3H1,true
TAPBP,true
CSPG5,true
PHACTR1,true
SSNA1,true
OR2M1P,true
TBATA,true
PRICKLE1,true
TSKS,true
LRRIQ4,true
PAX2,true
GANAB,true
RPA1,true
RP11-678G14.4,true
OTUD7B,true
SCN9A,true
DCAF4,true
CSNK2A2,true
ANKS6,true
TRPM2,true
CES1,true
GPATCH8,true
GIMAP1,true
TMC5,true
ABCG8,true
P4HA3,true
DECR2,true
KIF14,true
PCDHA6,true
OGDHL,true
TXNIP,true
PKP4,true
HK3,true
SPTAN1,true
RASGRF2,true
RMDN1,true
RNU7-115P,true
ATP6V1H,true
CCP110,true
RADIL,true
TTC14,true
GRIN2C,true
INTS5,true
CBFA2T2,true
LRR1,true
COL6A3,true
AIM1,true
OPCML,true
KCNF1,true
GCK,true
EXOSC4,true
NTRK2,true
SERPINA9,true
PLD2,true
GLIS2,true
CCDC66,true
CD79A,true
NDRG1,true
A4GALT,true
NCOA7,true
PSG11,true
VPS11,true
AGBL1,true
C1QBP,true
ATR,true
PXDN,true
VGLL3,true
EZH2,true
NISCH,true
BCL7A,true
F11R,true
GPRC5D,true
CAPN2,true
RFX1,true
VCAN,true
OTUD7A,true
SETD5,true
BTNL8,true
SLC13A4,true
SUFU,true
C10orf107,true
ANAPC7,true
OCM2,true
DIEXF,true
B4GALT3,true
TMPRSS3,true
FAM53C,true
KMT2A,true
MEIS1,true
ZNF639,true
USP4,true
SALL3,true
ITGAE,true
RAG2,true
CLIC5,true
MATK,true
SEMG2,true
NMNAT2,true
MYD88,true
SCNN1G,true
SLC4A9,true
SLC27A2,true
MYLK,true
KB-1732A1.1,true
RGL4,true
GNE,true
MGME1,true
KBTBD2,true
STIL,true
OR8D4,true
PVRL1,true
BRSK1,true
TPP1,true
FEZF1,true
ELMO2,true
UNC13B,true
NUP155,true
SEC16A,true
SNX32,true
SMC5,true
SOWAHA,true
CBLL1,true
CGB2,true
PTPRE,true
CFHR5,true
SLC30A1,true
CNGB1,true
IFRD2,true
KIAA1211L,true
DNM1P47,true
TSSK3,true
ZNF28,true
ADD2,true
ANPEP,true
SNRNP27,true
MIXL1,true
SMYD4,true
JMJD4,true
TRIM38,true
CCPG1,true
FLJ45079,true
FAM150A,true
MAP3K5,true
TRPC4,true
EGR4,true
HSD17B7P2,true
CSF1R,true
GAN,true
SLC34A3,true
TRPC1,true
RNF17,true
TSIX,true
SND1,true
DCN,true
ZC3H12B,true
TRIM10,true
PTPRB,true
IFT172,true
POM121L12,true
OXT,true
C1QTNF8,true
HIPK2,true
EML5,true
TBL1X,true
SLC17A5,true
PRAM1,true
CPAMD8,true
PGM1,true
PCDHGA11,true
SMARCA4,true
MMP25,true
AHNAK,true
HECTD4,true
NRK,true
NPHP3,true
PLXNC1,true
ADM5,true
MKRN3,true
HOXB6,true
TM9SF2,true
HEBP1,true
SLC35E3,true
GABRR1,true
ADARB1,true
DUSP16,true
SETD2,true
ALPK3,true
KCNC3,true
MORN1,true
KMT2B,true
PEAR1,true
DTWD2,true
AXIN2,true
SUOX,true
MNX1,true
LDOC1,true
DGKD,true
C3orf67,true
ABCG2,true
CTXN3,true
GBP5,true
SPTLC1,true
MTHFSD,true
FCGRT,true
GRIN2A,true
SLC12A1,true
SLC2A13,true
ARHGEF6,true
SNRNP70,true
EPHA7,true
C20orf194,true
CLINT1,true
XXbac-BPG116M5.17,true
ARAP3,true
ABCC8,true
MRC1,true
ITGBL1,true
FBL,true
CCT2,true
NOD1,true
SPTBN1,true
HNRNPAB,true
ACOT13,true
C2CD4A,true
BPIFB2,true
RFWD2,true
MYH7,true
ZNF579,true
CACNB3,true
TAL1,true
OBSCN,true
AWAT2,true
VEPH1,true
GZMA,true
PRR30,true
RIPK3,true
PCDHB13,true
FAM134A,true
TTLL12,true
FAM183B,true
ELMO3,true
LPPR3,true
MAB21L3,true
MGAT5B,true
COQ10A,true
RTEL1,true
PRR23B,true
JPH4,true
ZNF521,true
WSCD2,true
PPM1H,true
PNKP,true
SELO,true
CCDC93,true
ITGB7,true
GABRB1,true
SLC10A5,true
UBQLN1,true
NPFFR2,true
AP000721.4,true
HS3ST2,true
NAP1L3,true
KRT5,true
QTRTD1,true
NFU1,true
PPP3R1,true
TSNARE1,true
ANKRD11,true
SVEP1,true
SYTL1,true
PPIL3,true
ZNF431,true
ZNF493,true
SGK1,true
COA7,true
ZFHX4,true
LPIN2,true
CD33,true
PDSS1,true
SERINC4,true
XKR7,true
NCSTN,true
JADE1,true
CPNE1,true
LRIT3,true
HSPA1A,true
SIGLEC11,true
PRRG3,true
CFAP70,true
ENOSF1,true
CUTA,true
GLYAT,true
VPS29,true
ANKRD35,true
CUBN,true
LZTR1,true
ARHGAP30,true
MYO15A,true
AUNIP,true
SLC22A14,true
EPHA3,true
RAVER1,true
SEPT2,true
POLR3B,true
INPP5B,true
PIK3C3,true
FBXO47,true
RP11-707M1.1,true
BSG,true
FAM220A,true
ZNF419,true
PTPN21,true
SREBF1,true
FOXP2,true
ITPKB,true
ACAA2,true
DNMT3B,true
FBRSL1,true
PLEKHG5,true
PNP,true
TRMT1L,true
DLX5,true
SLC22A11,true
ATXN7L3B,true
TBX22,true
ZPBP,true
LRP11,true
MYPN,true
DDR1,true
NUP210L,true
SUPT5H,true
SSC5D,true
SLC9A6,true
VCL,true
LGALS2,true
BSN,true
ADM,true
NPTX1,true
SPRYD7,true
FBXW7,true
CERS2,true
ARHGAP20,true
ZNF654,true
EMC7,true
MACROD2,true
FOXF2,true
WDYHV1,true
ABCF1,true
ZNF780B,true
PHF20,true
SP9,true
FBN3,true
MEIS3,true
CARD6,true
MYH16,true
CENPF,true
RP11-723O4.6,true
SURF1,true
PPP1R12A,true
RBM46,true
CNN2,true
PCDHGB1,true
GPX8,true
WDR59,true
CAMKV,true
MYT1L,true
INPP1,true
DIS3L2,true
SPINK9,true
LRRIQ3,true
RBMXL2,true
OPLAH,true
SIK3,true
SFTPB,true
RHOXF1,true
SYNPR,true
KLHL11,true
FKBP8,true
CCDC170,true
TNFRSF10B,true
KCNH3,true
NCAPD2,true
GAL3ST3,true
DDX54,true
ROBO4,true
PKN1,true
CYTH4,true
TGFB2,true
MFSD2A,true
UBAP1,true
ZBTB20,true
SLC26A5,true
VMP1,true
SALL4,true
KCNH2,true
PRG3,true
SEPN1,true
NLRP6,true
VPS13B,true
SIRT6,true
FGB,true
UGT2B4,true
NAV1,true
ZRANB3,true
EBF2,true
RBP3,true
LACTB,true
ZNF440,true
NAT14,true
PRPH,true
SPTBN2,true
HTR7,true
BMP15,true
GPR179,true
LRP2,true
INVS,true
PCDHB4,true
A2ML1,true
SLC9A3,true
UCK2,true
MVP,true
MYCBP2,true
ZNF341,true
ZNF358,true
LGALSL,true
NRDE2,true
FAM114A2,true
MPEG1,true
HDAC9,true
AQP11,true
CTCFL,true
OR12D3,true
LIMCH1,true
ROBO2,true
FIP1L1,true
SLC39A6,true
PSG7,true
NAP1L1,true
MFSD8,true
CEP152,true
PTX3,true
HOXB1,true
MEGF6,true
ELAVL2,true
SLC2A6,true
EPPK1,true
ZNF396,true
CUX1,true
VEZT,true
RP11-261N11.8,true
COL16A1,true
TMEM184B,true
PDZD7,true
DAAM2,true
WIZ,true
USP10,true
ZBTB22,true
COL13A1,true
ZC3H4,true
CROCCP2,true
PANK3,true
ZNF117,true
SOX12,true
OTOP1,true
ZNF90,true
LIFR,true
CLCN1,true
ATP10B,true
ACTL7B,true
BORA,true
FLOT1,true
KMT2C,true
HAP1,true
ZFP1,true
CTDSPL,true
LRRC7,true
TRBV21OR9-2,true
DFNB31,true
OPALIN,true
GABRA6,true
GSTM5,true
TNR,true
SGCA,true
SYNPO,true
IQGAP1,true
COL4A5,true
ZNF815P,true
COL4A3,true
VGLL2,true
TERT,true
HK1,true
NOC4L,true
DRP2,true
HEYL,true
NFKB2,true
ASCC1,true
PHACTR3,true
CERCAM,true
FBXL7,true
RIN1,true
LINC01128,true
KSR1,true
RNF185,true
BCLAF1,true
CHD6,true
PCMTD2,true
TAF1A,true
GRIN3B,true
GLUD2,true
ACOT12,true
SLC38A10,true
GAS8,true
ITGA10,true
LYN,true
SLC22A12,true
SATL1,true
DYRK1B,true
IGLV2-23,true
FMN2,true
CCDC88C,true
CHD9,true
DCTN1,true
CDC42BPG,true
KAT6B,true
CAPZA1,true
PTPN14,true
ARIH1,true
KLC1,true
NKTR,true
FAT1,true
MCIDAS,true
KIAA0319,true
ZRANB1,true
KALRN,true
TTC29,true
LAS1L,true
RASL12,true
NADSYN1,true
CHD2,true
GPR156,true
NFKBIA,true
AGAP4,true
NFKBIE,true
DGKK,true
GNPTAB,true
FGD6,true
TDRD1,true
PRF1,true
SMAD9,true
OFD1,true
ARID2,true
TCHHL1,true
GRIN1,true
RUNDC3B,true
CEP162,true
PHOX2B,true
KCNC1,true
IFI44L,true
ZWINT,true
TENM3,true
TEX9,true
DLG4,true
DIAPH1,true
CDK11B,true
USP7,true
OR2T4,true
SARAF,true
TECTB,true
KRTAP20-3,true
MGAT4C,true
ADAMTSL4,true
RBMS1,true
WDR55,true
CRTAP,true
FAM126B,true
FAHD1,true
RUSC1,true
TP53TG5,true
SCRIB,true
NXF3,true
TMCC2,true
ZDHHC18,true
ZFR2,true
ACTL6B,true
ASPH,true
ACOT6,true
USP24,true
CANT1,true
SLC12A6,true
ERICH3,true
DCP2,true
TYROBP,true
ATP13A3,true
RRP1B,true
GREB1L,true
FRMPD3,true
NR4A1,true
SHD,true
FHL2,true
ATXN10,true
OSGIN2,true
ZNF543,true
TTK,true
UCHL5,true
CAPN1,true
SNORD116-13,true
NPR3,true
SYNRG,true
MAP3K3,true
MTHFD2,true
HDAC2,true
SCN1A,true
ACO2,true
GTF2IRD2,true
UBE2QL1,true
CLVS2,true
ANO1,true
RPLP0P2,true
CCNL2,true
FBXL18,true
ACOT11,true
AC011467.1,true
SNORD115-13,true
LRRN4,true
ANHX,true
PARD6A,true
EFHD1,true
AMZ2P1,true
SPHKAP,true
GZMM,true
SORCS1,true
NEO1,true
NSRP1,true
IL17RA,true
ITGA8,true
LBR,true
EXOG,true
CHRNA4,true
CDK9,true
UBE2J2,true
PTTG1IP,true
RALGAPA1,true
FRY,true
PLEKHD1,true
OXA1L,true
BLOC1S6,true
ATP6V1A,true
TCF25,true
SLC25A11,true
FGR,true
ZNF226,true
GRIN2B,true
KRTAP10-7,true
SUV39H2,true
PAQR6,true
WDFY3,true
CAPRIN2,true
OMD,true
MTCL1,true
TRAF1,true
PTPN5,true
MECOM,true
LRRC3B,true
TM4SF1,true
FRMD4A,true
SNRPA1,true
KLHL3,true
PDE11A,true
ARHGAP25,true
SERPINB13,true
TJP1,true
GPATCH3,true
PDE2A,true
MROH8,true
ZSWIM4,true
CHAC1,true
PTPRD,true
CASZ1,true
HSPA13,true
ANKLE1,true
IGHV4-59,true
NWD2,true
ZNF763,true
ZNF462,true
MEDAG,true
SMG5,true
ANKRD31,true
FAM27L,true
C10orf71,true
COX4I1,true
ZNF26,true
LCMT1,true
SLFN12L,true
DPPA4,true
MUC2,true
MAPK11,true
NEMF,true
RTFDC1,true
TERF2,true
RSRC2,true
USP44,true
METTL16,true
NEIL1,true
NOP2,true
LINC00917,true
MGAT5,true
TAS2R4,true
MZF1,true
FBXO11,true
MYH6,true
MYO9B,true
FAM134B,true
KRTAP6-3,true
SLC26A10,true
EPS8L1,true
EXT2,true
MSH4,true
CLK1,true
PPARG,true
CLEC4A,true
DNAJB5,true
CNOT2,true
ZC3H7A,true
SULT1E1,true
PHOX2A,true
PHTF2,true
TP53I3,true
EIF2A,true
MAGEB6P1,true
GLI1,true
TNS4,true
SGOL1,true
CNTN6,true
CD1A,true
KCNQ2,true
MYO1G,true
MSH6,true
STX1B,true
FAM193A,true
PRSS1,true
HCP5,true
STAT1,true
JDP2,true
ANKRD50,true
USP25,true
KIF13A,true
NCDN,true
DGUOK,true
WDR75,true
DLGAP2,true
MCM3,true
MMP24,true
KRT34,true
ZNF804A,true
KRT78,true
WFDC1,true
CREB5,true
RORC,true
DTWD1,true
ABCB7,true
PPARGC1B,true
BIRC6,true
GLI2,true
MTMR6,true
LAMC2,true
EIF4G1,true
RTKN,true
PHLPP2,true
TAC1,true
CIC,true
CDH19,true
TRANK1,true
SUGP1,true
ZNF408,true
MED4,true
TDO2,true
HGS,true
SMO,true
PM20D2,true
NCKAP5,true
MEGF8,true
PLEKHG4,true
PTPRQ,true
SPATA13,true
PRMT8,true
TCHH,true
GNB1,true
RNF213,true
TRIM8,true
TIRAP,true
ZNF701,true
CHRM5,true
C3orf36,true
POGLUT1,true
BZRAP1,true
STPG1,true
TXNL1,true
CHAC2,true
FANCI,true
HEATR3,true
TAF11,true
OR10A2,true
DSCAML1,true
NUDT1,true
RIF1,true
MMP20,true
CAMSAP3,true
SZT2,true
ITGB3,true
SPTA1,true
ITGB2,true
RAD18,true
OR6C76,true
SNRNP200,true
DGAT2,true
MAP2K7,true
SEPSECS,true
ARAF,true
AEBP1,true
ADSS,true
GUCY1A2,true
SPOPL,true
RXRG,true
CNTD1,true
PZP,true
PCBP1,true
RP11-175P13.3,true
FNIP2,true
CDKN2C,true
EEA1,true
CLSTN1,true
TULP4,true
EXTL1,true
ZNF160,true
REXO1L1P,true
ZNF608,true
ATP1A2,true
LILRB1,true
DCLRE1B,true
CPXM1,true
ZNF598,true
HIST1H1C,true
RAD51,true
FAM47A,true
IQCE,true
PTCH1,true
SCARA5,true
CROCC,true
SNX10,true
EPN2,true
ATAD1,true
SPHK1,true
FRRS1,true
EVL,true
STC1,true
RNASEH2A,true
PCSK2,true
ASCL4,true
DENND1C,true
ARID5B,true
BAZ2A,true
STKLD1,true
PYGO1,true
TBCD,true
ATRN,true
ADAMTS9,true
RBL2,true
HPS3,true
CILP2,true
CHRDL1,true
NECAB1,true
HLA-DMA,true
SMCR8,true
OR5AK2,true
EEF1A1P9,true
PKHD1L1,true
FBN2,true
FCRL3,true
ZFP64,true
SYNE1,true
GRM6,true
MEOX2,true
ZNF696,true
KYNU,true
UTY,true
PPP5C,true
PRR19,true
ZNF282,true
USP36,true
HYDIN,true
MFHAS1,true
GOLGA6L2,true
ARHGEF40,true
ARHGAP32,true
MYH1,true
LRRC48,true
SLC4A3,true
YTHDC2,true
GNG7,true
HIST1H2AE,true
ADRA1D,true
COL22A1,true
TOM1,true
ZSCAN18,true
PCDH17,true
ZNF827,true
FGFR3,true
TBC1D32,true
COLCA2,true
SMARCA5,true
KRT4,true
PRRG4,true
ASXL1,true
CINP,true
FAM184A,true
TAS1R2,true
IFNW1,true
PFKFB4,true
EPHA1,true
MTTP,true
TACR3,true
COL4A3BP,true
FAN1,true
LRCH1,true
INTS1,true
PRR12,true
FANK1,true
TAF2,true
SLC12A5,true
GIGYF1,true
PARN,true
MFI2,true
JAZF1,true
OR2AK2,true
DOK5,true
TMEM132C,true
GREB1,true
ZNF831,true
C9orf24,true
SMCO1,true
OR13C8,true
RPS6,true
POTEF,true
C19orf68,true
OR56A1,true
LGALS8,true
C8orf4,true
USP28,true
RAB5A,true
DACT2,true
PLCZ1,true
SEMA4B,true
PRMT1,true
TRERF1,true
RASGRP1,true
CCDC101,true
RNF219,true
PKM,true
CORIN,true
DALRD3,true
VWA2,true
GATA6,true
PSD,true
GLT6D1,true
INO80,true
TRPM1,true
PIP5KL1,true
TGM3,true
PGLYRP1,true
EIF4A1,true
LCE5A,true
LYPD3,true
HELZ,true
ARHGEF4,true
UQCRC1,true
OR1M1,true
RNF43,true
OR5F1,true
ETAA1,true
MAU2,true
TEKT4,true
ADAT3,true
CCM2,true
SETX,true
RP4-539M6.19,true
CETN1,true
PRG4,true
NCALD,true
IL17RD,true
SMCHD1,true
OR2A7,true
USP18,true
CLEC17A,true
PMS2,true
RDX,true
SLC35G5,true
C16orf90,true
DOK3,true
BMS1,true
NEIL3,true
KL,true
GLP1R,true
RELN,true
AMBRA1,true
CCDC151,true
ATP13A2,true
PCDH10,true
PPME1,true
VARS2,true
CAPN15,true
DZIP1,true
XPOT,true
NADK2,true
TBC1D30,true
SPEF1,true
ETV3L,true
TMEM59L,true
PROZ,true
ZNF638,true
IRF5,true
UBTD1,true
NAA15,true
CDH22,true
KCNQ3,true
PPM1F,true
GPR32,true
ATM,true
ZNF324B,true
HIST1H1D,true
DLGAP3,true
POMZP3,true
ACTR6,true
RAD23B,true
NOP14,true
SLC35D1,true
HEG1,true
SLC7A14,true
KHNYN,true
PNISR,true
LRRIQ1,true
MANF,true
XPC,true
NCOA6,true
CTSS,true
VWF,true
PLK3,true
TULP2,true
INTS3,true
ACVR1,true
ZNF740,true
PAAF1,true
LRFN1,true
CTDP1,true
SLC27A6,true
KERA,true
ZMYND8,true
CFAP47,true
DEPDC5,true
SLC34A1,true
DCHS1,true
MED6,true
NCOR1,true
EFNB2,true
MAPK7,true
CD164L2,true
CHRNA9,true
PDZD2,true
ZNF304,true
HIST1H4D,true
HDAC1,true
ZNRD1-AS1,true
ATG14,true
SET,true
C10orf53,true
GPER1,true
HOXA7,true
PALM3,true
CHPT1,true
MUM1L1,true
ANKRD18A,true
NDRG4,true
FLT4,true
CLPB,true
CKAP5,true
USP38,true
ATP5A1,true
PDPR,true
KDM4C,true
BLNK,true
CXorf57,true
DENND5A,true
RAB35,true
FOCAD,true
GLDN,true
CCND1,true
ZNF366,true
SHROOM1,true
WBP11,true
TRIO,true
SFXN4,true
ARHGEF12,true
KCNG1,true
SNTB2,true
DROSHA,true
LRFN5,true
KDM6A,true
KDM5C,true
KREMEN1,true
RASAL1,true
POLR2A,true
AMPH,true
WDR4,true
TUBB1,true
PRR11,true
CST9,true
PRR5-ARHGAP8,true
FGD1,true
C11orf63,true
MUC1,true
PPP1R13L,true
NOTCH3,true
PTPRS,true
PPP1R3B,true
RB1,true
SLITRK6,true
GTPBP10,true
C3orf17,true
OR2C3,true
OR1J1,true
AP1G1,true
DIDO1,true
TNFRSF10A,true
PLAT,true
ZNF783,true
MDN1,true
AQP12B,true
TNFSF13B,true
AQP6,true
BRICD5,true
LRIT1,true
ZP2,true
CNBD1,true
ADCY8,true
ZNF664,true
NR1H2,true
SNORD116-8,true
ACTN4,true
PCM1,true
KIAA2022,true
MCF2L,true
HAPLN1,true
DISC1,true
GLS2,true
TRMT13,true
LINC00202-2,true
FAM149B1,true
ERAL1,true
TK2,true
ABCA13,true
LAX1,true
PBRM1,true
TRIM71,true
CAMK2G,true
LY6G6C,true
CFD,true
SERTAD2,true
ZNF541,true
RP1,true
LRRC37A3,true
DERL1,true
PRPF4B,true
AIG1,true
TOM1L1,true
C19orf57,true
RPS6KA6,true
GTF3C1,true
MARS2,true
PNLIPRP2,true
ZNF594,true
TGM2,true
LRRC16A,true
ADAMTS14,true
VPS41,true
