Gene,Testis
ATXN1L,true
IQCF6,true
IRS2,true
FAM83G,true
ABTB1,true
RP11-248G5.8,true
MAGEC1,true
GOLGA2,true
HLA-B,true
C1orf68,true
DNAH14,true
TMEM200A,true
ATIC,true
TPP2,true
NLRC4,true
IGSF9B,true
NBPF4,true
HTR5A,true
SLC38A8,true
GCSAM,true
SMG1,true
SLC12A8,true
ZFP42,true
JAKMIP1,true
PSMC4,true
MATN1,true
DRD3,true
SPERT,true
AGO2,true
RBBP8NL,true
ARHGEF39,true
CHERP,true
JARID2,true
HMG20B,true
FNDC1,true
PIK3CD,true
CILP,true
TNRC6C,true
TRPM5,true
LRFN2,true
NUMA1,true
ADAL,true
PRRC2B,true
NHS,true
HOOK3,true
PTPRF,true
HMMR,true
VPS37B,true
DLEU7,true
MAG,true
PAK1IP1,true
FAM129A,true
SLIT3,true
KIAA0355,true
RBBP4,true
OPN3,true
RNASEH2C,true
E2F7,true
MUC16,true
MSH5,true
OR10K1,true
MUC5B,true
ARID4A,true
KLC2,true
USP40,true
CD58,true
TMEM176A,true
EXOSC1,true
AMOTL2,true
SI,true
CSK,true
CEBPA,true
AC003958.2,true
PDPK1,true
PPFIA2,true
ZBTB34,true
PTH1R,true
UMPS,true
CCDC146,true
SAGE1,true
RPL5,true
QRICH1,true
KIF3C,true
VPS13C,true
ZNF525,true
BRPF3,true
DHX33,true
DCC,true
ZBTB33,true
KRT33B,true
CEP104,true
SF3B1,true
GATA3,true
ERO1LB,true
FAM74A1,true
IGSF23,true
ELK1,true
LY6G5B,true
UBR2,true
DNAH5,true
NBPF1,true
TBL3,true
TMEM133,true
ST5,true
RORA,true
COL14A1,true
KLHDC2,true
GNAS,true
PCDHA9,true
WDR87,true
TP53,true
ALOX12B,true
G3BP2,true
UBFD1,true
PSMB5,true
STAU1,true
C7orf55-LUC7L2,true
ANAPC1,true
UTRN,true
SCAF8,true
ZNF425,true
ADGRL1,true
HECTD1,true
DYNC1LI1,true
RXFP2,true
SOCS3,true
TCEANC,true
GDF10,true
LPAR4,true
CARD10,true
HRH3,true
XKR4,true
NR1I3,true
MKI67,true
ODF2,true
DPCD,true
UBE2F,true
ANKRD30B,true
PXDNL,true
KIAA1279,true
FAM71B,true
DDX17,true
ZNF192P1,true
CDKN2AIP,true
PIPSL,true
CLCA1,true
NTNG1,true
GRK1,true
ANK1,true
ENTHD2,true
C1QTNF9B,true
GNAQ,true
KLRC4,true
AMT,true
TMEM116,true
IL4R,true
TYRO3,true
KCNH4,true
ADPGK,true
TECR,true
HIST1H2BF,true
SMPD4,true
IGHV4-61,true
BMP4,true
JMJD6,true
DISP2,true
CBL,true
SLC30A10,true
PURG,true
ARSB,true
PNMAL2,true
GRID2,true
KANK1,true
WDR62,true
DYRK1A,true
IPO5,true
TAS2R43,true
MRPL40,true
GJA1,true
MICAL3,true
AKAP5,true
NKAPL,true
PPP2R5D,true
BTN2A3P,true
JAK3,true
KCNH5,true
ZFYVE26,true
ARL4A,true
ROCK2,true
RPL3,true
ATP5J,true
PRODH2,true
KCTD11,true
CRAMP1L,true
KLHDC8A,true
RPH3AL,true
OTUD1,true
RLN1,true
RAB3GAP1,true
OLFML2B,true
WBP1,true
THBS3,true
DYRK2,true
MYOM3,true
PIF1,true
ZNF781,true
AARS2,true
MRPL3,true
HMGB1,true
ARHGEF2,true
OSBP2,true
ZNF75A,true
MEI1,true
QPCT,true
NAV3,true
SRSF7,true
ANKRD17,true
MGEA5,true
BPIFB6,true
APOA2,true
AC116366.6,true
POLR2J3,true
ERICH1,true
ACAD10,true
ABCA7,true
RAET1K,true
ZNF775,true
JRK,true
KCNN1,true
LRCH4,true
CAPN13,true
RPGR,true
TTC3,true
TSHZ1,true
FLRT2,true
CDH24,true
DUS2,true
ANKFY1,true
NUDT11,true
RLTPR,true
TMEM82,true
TPST2,true
MASP2,true
NUAK2,true
EFHB,true
GMEB1,true
SEPT4,true
CEP295,true
TBX18,true
ARL2BP,true
IGHM,true
CEL,true
ADH1B,true
TPM1,true
PTK7,true
CNBP,true
TRAPPC6A,true
PRRC1,true
RHOD,true
PKHD1,true
ADAMTSL5,true
ZNF574,true
PTBP2,true
COX7A2L,true
KLHDC3,true
HNRNPA1,true
LPPR5,true
DYNC2H1,true
CKAP4,true
SLC39A10,true
PER1,true
MSX2,true
RAB3GAP2,true
AC215219.2,true
CCDC144B,true
FBF1,true
GJA9,true
SOS1,true
MPV17L2,true
SORL1,true
SHANK2,true
ZNF682,true
PLEKHA8,true
NPL,true
C1S,true
OVOL2,true
EARS2,true
GPRIN1,true
VWA7,true
THOC5,true
NCF1C,true
C3,true
WDR34,true
B3GNT2,true
SYNGAP1,true
FAM111B,true
RFC5,true
CASP9,true
DNAH17,true
PELP1,true
TMPRSS13,true
PPL,true
TGFBRAP1,true
CCDC144NL-AS1,true
CACNA1C,true
TAS2R20,true
PARP14,true
YRDC,true
HMCN1,true
ZNF536,true
OXLD1,true
RHEB,true
CCDC53,true
STRIP1,true
GAD1,true
ST3GAL4,true
EXOC5,true
CD320,true
GRIP1,true
GALNT1,true
VTN,true
CMTM5,true
GOLGB1,true
FOXK2,true
RIMBP2,true
MAGEA1,true
ADCK2,true
PGR,true
ANO3,true
WDFY1,true
IL21R,true
ALDH1B1,true
FAM212A,true
PDHA2,true
B3GALT1,true
TCP11L2,true
AP3B2,true
MST1P2,true
ACOXL,true
NFRKB,true
OPRM1,true
DENND1B,true
C11orf73,true
GRM5,true
CYP2A6,true
FAM193B,true
SYTL4,true
NELFA,true
NUCB2,true
HIST1H3G,true
NRF1,true
ADAMTS10,true
COX10,true
PANK1,true
USP13,true
ZNF593,true
AGBL4,true
POLE4,true
ABCC4,true
ADAMTSL1,true
DIRAS3,true
ZWILCH,true
BEND7,true
POLD3,true
GPR160,true
ALDH1L2,true
EDRF1,true
NASP,true
KAAG1,true
WDR7,true
ATP1A1,true
TAS2R40,true
ACER3,true
C9,true
OR51E1,true
HERPUD2,true
NBR1,true
SLC25A46,true
BIRC2,true
TLE4,true
EBF3,true
CDRT15,true
CSNK2A1,true
CUL4A,true
MAPK6,true
PRAMEF14,true
RPF1,true
CCNT2,true
STK25,true
IK,true
LRRC8B,true
TRMT44,true
CHAMP1,true
CLUH,true
C2orf54,true
ADAM2,true
HIST1H4A,true
MED12L,true
KIAA1586,true
NEK10,true
FAM217A,true
CARD17,true
MUC6,true
ZNF609,true
RAP1B,true
MED23,true
WDR78,true
ATF5,true
LRP4,true
BICC1,true
FUK,true
TNRC6B,true
UCKL1,true
C20orf27,true
KLF13,true
TCOF1,true
SEMA6B,true
ST8SIA2,true
SNX20,true
TEPP,true
CTRB2,true
TRIM16,true
TNK1,true
NEB,true
CTNND2,true
CACNA1A,true
TCTN1,true
WNK2,true
NFE2L1,true
CSRNP3,true
FGA,true
TMPRSS15,true
FRMPD1,true
TCP11L1,true
TDRD6,true
ADAM22,true
TOR1AIP2,true
MCL1,true
CRMP1,true
ABCC10,true
MPP4,true
PCYT1B,true
CFHR4,true
LTK,true
DCTN2,true
ATP6V1C2,true
MAGEB2,true
STAG2,true
ZNF672,true
EIF4G3,true
HSF4,true
NDST1,true
MRC2,true
KCNA4,true
INHBA,true
FAM83B,true
NFIB,true
ZFX,true
COPA,true
CCDC178,true
SLC2A1,true
ZZEF1,true
SKAP1,true
CAD,true
CHCHD6,true
GYPC,true
ZNF286A,true
ZNF880,true
CHST5,true
CD1E,true
CLK3,true
TRIP6,true
PTPRT,true
USP3,true
ACSL6,true
RNF216,true
C9orf47,true
ATRX,true
CEBPG,true
DNAJC28,true
ZBTB49,true
CSMD2,true
CMTR1,true
KRT17P2,true
AGO3,true
SKA1,true
CHMP1B,true
MPZ,true
NOS1,true
C17orf99,true
TTC13,true
CYP1A1,true
MKS1,true
CAMKK1,true
SLC25A51P1,true
CADM2,true
RPL26,true
ITGB8,true
CSMD1,true
HBS1L,true
ADGRG5,true
ZNF567,true
BRIP1,true
ATAD2B,true
MROH2B,true
ITGA6,true
EIF5AL1,true
ZEB1,true
SNX19,true
RBM4B,true
UTP20,true
CR1,true
TECTA,true
CD300E,true
RPS6KA5,true
RDH13,true
CDKN3,true
CNOT3,true
ZNF74,true
TBC1D9,true
ARHGAP17,true
KRT16P6,true
PLEKHN1,true
SIN3B,true
RGPD4,true
INPP5D,true
LMO3,true
SERTAD4,true
ATP2B2,true
AIRE,true
DLG2,true
NRAP,true
AC093616.4,true
NUCKS1,true
PRR23C,true
FCRL6,true
C1orf21,true
NACC1,true
MED1,true
CEACAM3,true
TAOK3,true
FOLR2,true
TET1,true
FLNA,true
EPG5,true
CAPN7,true
TXLNB,true
SCAPER,true
GRIA1,true
SYCP3,true
ZNF322,true
DNAJC18,true
ASXL3,true
CTBP1,true
ZNF343,true
PCDHGA9,true
ATP8A2,true
ZNF12,true
NACA,true
REM1,true
RBP1,true
HIST1H4B,true
COL6A5,true
ADGRV1,true
NRAS,true
PRRC2A,true
SHKBP1,true
MAP3K6,true
KIAA0226,true
GPBP1L1,true
KIAA1033,true
CENPBD1,true
N6AMT1,true
MLX,true
SYVN1,true
C12orf40,true
ZBTB1,true
PDSS2,true
SAE1,true
ZNF681,true
SCRT1,true
IGFALS,true
NFATC2,true
HP1BP3,true
SATB1,true
SHE,true
RAB42,true
SELP,true
CACNA1E,true
EBF1,true
C10orf2,true
ADGRD2,true
SEL1L,true
GPRASP1,true
BDKRB2,true
SHOC2,true
MUC4,true
CDH23,true
H1F0,true
PLCH2,true
COX5B,true
ILDR2,true
HIST2H3PS2,true
LSAMP,true
EYS,true
TUBBP1,true
ZNF296,true
DST,true
ADAM17,true
TRPC7,true
ATP7B,true
PHF3,true
KCTD8,true
MARK2,true
EPHA8,true
SMARCB1,true
KIAA1324L,true
ADAMTS19,true
ZNF271P,true
MARK3,true
MAP2K3,true
CFAP43,true
HIST1H4G,true
PHLPP1,true
SBF1,true
TCERG1,true
CHRM3,true
SMPD1,true
MACF1,true
C2CD2L,true
CCDC54,true
PCDH15,true
KIAA0100,true
MGAT4B,true
WDR25,true
IRX2,true
XPO5,true
LIPJ,true
AC133555.1,true
MOV10,true
CYP24A1,true
CPT1A,true
NUP88,true
DENND1A,true
SLC9A3R2,true
MIER3,true
KRTAP1-3,true
CAMSAP1,true
PDIK1L,true
LIG3,true
FARSB,true
C2orf16,true
AUTS2,true
SOX4,true
HORMAD1,true
SECISBP2,true
REXO1,true
CCT6A,true
DSE,true
TTLL4,true
PVR,true
TRIP12,true
ADRA2B,true
MAPK8IP2,true
PRAMEF15,true
POM121,true
RASD1,true
SCCPDH,true
CBX1,true
TTC9,true
SNTG1,true
DEGS1,true
GK2,true
ARID1A,true
RAB24,true
KRTAP4-6,true
SMOX,true
SEPT7,true
ARHGAP21,true
RANBP10,true
PRPF3,true
CYP2D7,true
PPP1R18,true
LMNB1,true
ZNF268,true
FRA10AC1,true
TET2,true
ANK2,true
TAF1B,true
ZBTB48,true
PLIN2,true
SIAE,true
UMODL1,true
CSNK1G2,true
ZNF782,true
CEP170B,true
SPZ1,true
ARMCX5,true
NLRP12,true
CHFR,true
FAM149A,true
ALPI,true
GPR87,true
PUS1,true
KCNMA1,true
FAM60A,true
RAD23A,true
TULP3,true
PIDD1,true
NPC1L1,true
EXOC6B,true
SV2B,true
B3GNT8,true
CDH3,true
PITX1,true
CTSD,true
RANBP2,true
ACOT9,true
AVPR1B,true
POLR1A,true
PANK2,true
PPP1R3A,true
CASQ2,true
MELK,true
DCLRE1C,true
NFXL1,true
D4S234E,true
EIF2B2,true
POLA1,true
ANO7,true
KPNA7,true
VDAC1P1,true
AACS,true
ARID5A,true
RPN1,true
SPAG11B,true
FNTA,true
TMEM62,true
PLXNA3,true
NOV,true
ZNF384,true
RPGRIP1,true
HNRNPM,true
GPC5,true
PDE6A,true
EGFR,true
FAM9A,true
PDYN,true
LYST,true
KRT9,true
ARHGEF17,true
RP11-762I7.5,true
MRPS11,true
QRICH2,true
DYSF,true
ITGAX,true
PPEF1,true
ST3GAL2,true
KDM3B,true
FTSJ3,true
NPC1,true
ARRDC5,true
CDHR1,true
ESRP1,true
TNS2,true
ARMC8,true
ZNF433,true
ATCAY,true
TRAF3IP1,true
RP13-895J2.3,true
DDX1,true
LTB4R2,true
ZFHX3,true
CPN2,true
JADE2,true
SMG1P1,true
CASKIN2,true
POTEH,true
PRPF38B,true
CD180,true
ATAD2,true
TMCO2,true
RAPGEF4,true
SUV420H1,true
ZNF345,true
HSPA5,true
UACA,true
VPS35,true
ZAN,true
LCA5L,true
ITGA7,true
ITPR1,true
SCN5A,true
SHISA6,true
ZNF540,true
RAPGEF1,true
FUZ,true
RABL6,true
PLA2G4F,true
WDR45B,true
COG1,true
RARS2,true
MGA,true
CAMK2D,true
GPATCH2L,true
KCNJ12,true
CASR,true
PAXIP1,true
PDE8A,true
RSF1,true
FASTKD1,true
ELL3,true
PHLDA3,true
HCN3,true
BTF3L4,true
TMEM229A,true
SMAD7,true
ZXDA,true
GLIDR,true
CCNB3,true
DHX32,true
FBXO16,true
ZNF438,true
PPP1R17,true
AKAP13,true
IFRD1,true
LRRK1,true
LAMA5,true
FCHSD1,true
ZPLD1,true
KIAA1755,true
ATP6V0D1,true
RAB20,true
HES1,true
PFN2,true
AP5Z1,true
USP34,true
TNXB,true
GLCE,true
ANKRD30A,true
THSD1,true
SLC25A42,true
RAB11B,true
HAUS6,true
CENPP,true
PVRL3,true
BRS3,true
KCNK3,true
PGBD2,true
ZNF646,true
PRX,true
CNP,true
ZFAND6,true
IGF2BP2,true
HERC5,true
GPN2,true
DNAJC5B,true
NPRL3,true
FAM98C,true
PSMC3,true
RBM17,true
ERMARD,true
AIDA,true
KRTAP9-4,true
PAX1,true
ELAC2,true
OTX2,true
RHOT1,true
MYH9,true
ME1,true
C2orf74,true
HSD17B4,true
EGR3,true
PDE3A,true
LAIR2,true
ATG4B,true
OR2A2,true
PPFIA1,true
SRPR,true
SENP3,true
PIGR,true
REPIN1,true
BICD2,true
SMARCA1,true
FERD3L,true
KATNAL2,true
EPHB4,true
NTHL1,true
ISLR2,true
DOPEY1,true
KRT72,true
SYNJ1,true
CEP290,true
PRKAA2,true
HIC2,true
SLC25A4,true
IL1RAPL2,true
COL21A1,true
PREX1,true
ANGPTL3,true
USP5,true
TRAM1L1,true
RAB11FIP1,true
SLC1A2,true
MMP19,true
ZNF649,true
XKR5,true
APOBR,true
C2orf57,true
NTNG2,true
SPATA31A1,true
SPRED2,true
APOBEC2,true
GAREML,true
CYLC1,true
PPP1R9A,true
RASAL3,true
ZMYM3,true
ARNT,true
SFN,true
SPRR2G,true
DDX59,true
FKBP14,true
CNTN5,true
PDS5B,true
CSPP1,true
ZNF862,true
ZNF764,true
HDLBP,true
ARRDC1,true
CXXC1,true
UQCC1,true
IL1RL1,true
IGKV3D-11,true
DLC1,true
FZD8,true
CLCNKA,true
APBA1,true
FAM118B,true
HARS,true
RIC8A,true
SPACA1,true
GGT6,true
LIPE,true
DNM2,true
CHKA,true
TTC28,true
BRINP2,true
RSPH10B,true
FOXD4,true
ORAI2,true
GBP3,true
CCNT1,true
LRRC57,true
CYP17A1,true
KIR2DL4,true
PCDH7,true
MLH3,true
LGALS9,true
PTGER3,true
NOTCH2,true
LRP1B,true
OR4A5,true
VSIG2,true
C16orf70,true
GABPA,true
MAP1S,true
PRKACB,true
IL4I1,true
ONECUT3,true
DENND4C,true
SOWAHC,true
GFM1,true
FUT4,true
CUL3,true
SLCO2A1,true
C19orf54,true
PTBP1,true
HERC1,true
RAPGEF3,true
MAGI2,true
GRM1,true
ZNF30,true
TNIP1,true
TRIM66,true
PSMA6,true
CFLAR,true
RIMS1,true
TAAR2,true
ZBBX,true
TRMT6,true
SIGLEC10,true
CHD1,true
EBAG9,true
GMEB2,true
DCDC1,true
SCG2,true
ZNF823,true
ITGA4,true
SETD3,true
CHST12,true
TRPA1,true
RPRD2,true
GRM8,true
FAM63B,true
USP48,true
EPS8,true
TFG,true
KNOP1,true
OR1L4,true
NF1,true
RYR3,true
GLT1D1,true
NKX2-5,true
PHC2,true
MARCH6,true
EDDM3B,true
CDYL2,true
ANO5,true
SEC63,true
CIZ1,true
DPYD,true
ZNF233,true
PNPLA7,true
PRLR,true
ADAM23,true
PLXND1,true
MYL1,true
RAPGEF5,true
SKI,true
PGAP1,true
PITRM1,true
XPNPEP2,true
BCL2L14,true
TM9SF4,true
DBX1,true
CROT,true
DYNC2LI1,true
PFKFB3,true
CCDC88B,true
ALDOB,true
WDR63,true
CELF3,true
ADGRL2,true
ZNF614,true
CAND2,true
UGT2B7,true
NXF1,true
DHRS3,true
FCGBP,true
CCDC142,true
ZNF236,true
FAT4,true
COL18A1,true
C1orf177,true
CLN5,true
VHL,true
CTSW,true
TRIM26,true
EPS8L3,true
TSR2,true
OGT,true
ERVW-1,true
TMC6,true
MURC,true
LRRC36,true
CCDC124,true
LRRC37A,true
DUOX1,true
GSR,true
CD46,true
PNMA6A,true
PPY,true
PCSK5,true
PCK1,true
CLEC18B,true
LGR5,true
CASP8,true
C14orf159,true
MERTK,true
SMS,true
CCDC102B,true
FOXA1,true
AGTR2,true
LAMA3,true
FBXL5,true
ZBTB37,true
DDX12P,true
NLN,true
HN1L,true
TMC4,true
CXCL6,true
ENG,true
FCRL1,true
ENPP3,true
PHF21B,true
CYTH3,true
LRRC45,true
ZNF469,true
CDH26,true
LAMB3,true
BEST2,true
DMD,true
ADCY2,true
LETMD1,true
PRTG,true
PABPC1L2B,true
OSBPL10,true
KRTAP4-8,true
PACRGL,true
IFNAR1,true
MC1R,true
CFAP46,true
GOLGA6L6,true
WDR74,true
BEND4,true
HNRNPL,true
MRTO4,true
SURF4,true
CCDC40,true
CEBPZ,true
LRRK2,true
SART3,true
ARHGAP33,true
P2RY13,true
TLR7,true
GPR68,true
NSD1,true
ARL6IP1,true
UQCR10,true
RAD54L2,true
DCXR,true
DNASE2B,true
CDK7,true
PLXNB2,true
UBR4,true
C7orf26,true
LARP4B,true
MLLT3,true
RBM27,true
GTF2A1,true
OR4C6,true
FBLN7,true
PCDHB14,true
TNFAIP8L2,true
DIS3L,true
SNX31,true
TAF3,true
MCF2L2,true
HLA-DPA1,true
UBE3D,true
TRIM23,true
ZNF429,true
CABIN1,true
NEK1,true
MYL5,true
ZNF606,true
AKAP9,true
FREM1,true
SLC43A1,true
PRKDC,true
IRX3,true
ARPC2,true
CRLF3,true
MSL2,true
RCN3,true
ZC3H18,true
C5,true
CCDC14,true
C12orf45,true
MAB21L1,true
HEPHL1,true
USH2A,true
SPATA31A7,true
PCDHB7,true
DDX3X,true
TXK,true
ADAM12,true
DNAH2,true
HPR,true
CLDN23,true
HIST1H1B,true
CFAP221,true
WDR88,true
LINC00152,true
FSCN2,true
KNTC1,true
ZNF232,true
ZNF785,true
PSG3,true
TNIK,true
MAT2A,true
AC073869.20,true
FBXW5,true
OR5C1,true
KPRP,true
KRT19,true
RHBDF2,true
BAZ1B,true
MGAT2,true
DNAJC12,true
CNOT10,true
ZCCHC2,true
EMC9,true
ARFGEF1,true
PVRIG,true
EID3,true
TUBG2,true
CYP2E1,true
KIF6,true
VRTN,true
PEX1,true
ERCC6L2,true
SLC23A1,true
CDK14,true
HOXC11,true
BBS9,true
ADNP,true
PRAMEF18,true
SDAD1,true
LRP5L,true
KRTAP13-1,true
MAPT,true
FAM71E2,true
APOC1,true
HTT,true
DTNB,true
IRAK1BP1,true
TRAF7,true
CCDC18,true
SP100,true
ZNF491,true
CDC42BPA,true
CASD1,true
TACC2,true
KBTBD11,true
GLRB,true
SYT10,true
RPS4X,true
DVL1,true
DCAF12,true
MX2,true
POLR3E,true
MYB,true
DUOX2,true
RBM15B,true
BUD31,true
ZBED6CL,true
GLI3,true
ABCC1,true
ADGRL3,true
CCT4,true
FCER2,true
VPS25,true
MYCN,true
EML2,true
ZMYM2,true
ILF3,true
CASP3,true
PADI3,true
DSG1,true
SLC30A9,true
ZNF717,true
CNDP2,true
FLG,true
MYH7B,true
AVIL,true
ABCF2,true
NLRP9,true
NPAP1,true
C10orf76,true
RAN,true
DCAF6,true
RNF212,true
CYP21A2,true
PIGW,true
PIP5K1B,true
CREBBP,true
KCNT1,true
C4orf51,true
SMOC1,true
LRP1,true
PTGR1,true
CTHRC1,true
ZNF432,true
MAGED1,true
PHEX,true
RRAGD,true
RPS6KB1,true
ATP5S,true
BRWD3,true
S1PR5,true
APOA1BP,true
SPEF2,true
MCHR1,true
OTUD4,true
TBC1D10A,true
SPNS3,true
CLSTN2,true
MAP1B,true
RIMS2,true
SMC3,true
NSUN7,true
NFIA,true
ELAVL4,true
ABCD1,true
DPY19L2P1,true
EPHX3,true
PCDHGB5,true
PCDHB10,true
ARID1B,true
MAPK15,true
APOA4,true
FLII,true
RPLP0,true
DENND5B,true
SERINC5,true
DUSP26,true
ZNF850,true
PEBP4,true
TFAP2B,true
PDXDC1,true
SP6,true
MUC21,true
TAOK2,true
KRT74,true
HTR1D,true
MYO18A,true
DNAJB6,true
C17orf80,true
ASPM,true
PRRG1,true
CPZ,true
TUBA1A,true
GPANK1,true
FUT7,true
PPP6R1,true
GRHPR,true
KLHL2,true
COG8,true
HIVEP1,true
NOS3,true
DPYSL5,true
ITPR2,true
ZNF836,true
BANP,true
PLK4,true
ST13,true
LHX5,true
CTNND1,true
PIGS,true
SPACA4,true
ACE,true
OR52N4,true
GABRP,true
CRACR2B,true
SMTNL1,true
PDE10A,true
ACBD3,true
DNMT3A,true
MAPKAPK2,true
ARHGAP35,true
SP140,true
TNPO2,true
TRA2A,true
ALB,true
TFRC,true
FOXQ1,true
PIK3CB,true
FANCB,true
TCTEX1D4,true
GON4L,true
RGS4,true
DAK,true
ENY2,true
AC104809.3,true
ZNF251,true
KCNMB1,true
ZNF277,true
PRDM9,true
CAPS2,true
LMOD3,true
GUCY2C,true
MIEF2,true
FAM71F1,true
CSF1,true
UBR1,true
UBR5,true
TMEM247,true
KRT23,true
MAPK8IP3,true
PIK3C2G,true
CXCR2,true
PPP2R2A,true
TMEM102,true
TMEM180,true
BSCL2,true
RAI14,true
FEZF2,true
ERCC1,true
KIAA2013,true
MDGA1,true
ABCA2,true
DGKG,true
EEF1D,true
WBSCR22,true
KIAA0195,true
USP19,true
NUSAP1,true
ACTR8,true
SPDL1,true
RRAS2,true
CHGA,true
ASAP3,true
RBBP5,true
PDXDC2P,true
PQLC2L,true
ADGRB3,true
UBE2M,true
RTL1,true
YTHDF3,true
DGKI,true
WDR5B,true
TRPS1,true
COL12A1,true
SCGN,true
SIDT2,true
CASC3,true
AHNAK2,true
SOX11,true
RAB1A,true
MRI1,true
GCN1L1,true
GSN,true
ERCC5,true
PHF20L1,true
DCAF8L1,true
STK3,true
EHBP1L1,true
ASTN1,true
CELSR1,true
FGGY,true
LPAR5,true
RITA1,true
JUN,true
SLC35G6,true
FAM122A,true
CPT2,true
ANKRD20A1,true
TMEM253,true
UBR3,true
MAGEB10,true
TBC1D22A,true
C5orf24,true
HSP90AB1,true
TUSC3,true
HERC2,true
ANKHD1-EIF4EBP3,true
EP300,true
NMT1,true
SULF1,true
TP63,true
HRNR,true
WDR41,true
ROGDI,true
CYP3A5,true
ANP32AP1,true
KIT,true
IL9R,true
SYCE2,true
WDR13,true
RRS1,true
EPT1,true
ROBO3,true
WRNIP1,true
LHX8,true
FAM25C,true
MTF2,true
XPO1,true
DNAH6,true
C17orf104,true
UBE2N,true
CHST2,true
CHST13,true
MORC3,true
REV3L,true
MYO1D,true
SYMPK,true
FAM227A,true
EIF5B,true
SUPT16H,true
PKD1L2,true
SETD1A,true
UBE2C,true
ANAPC5,true
LMAN1L,true
SP1,true
TF,true
PRMT2,true
NACAD,true
PRKCSH,true
MTIF2,true
AFTPH,true
CSMD3,true
HIST1H2AD,true
FRYL,true
SPATA31D1,true
ST14,true
HOXC4,true
WNT5B,true
CLDN10,true
GBE1,true
ACOT2,true
TCP10,true
BIN2,true
AKAP1,true
PPP1R15B,true
HTR1E,true
BAHD1,true
HSP90B1,true
FOLR3,true
RFX4,true
ZNF208,true
TATDN1,true
RP11-552E4.3,true
CARD8,true
FOXP4,true
ZSCAN10,true
SBDS,true
TSPAN10,true
UBB,true
USP27X,true
NKAIN4,true
MMD2,true
THAP5,true
SELL,true
ALPPL2,true
ABCA3,true
IPO11,true
USP12,true
PCDHGA4,true
SDK2,true
CLN3,true
LDLR,true
IFI16,true
COQ10B,true
PHAX,true
XIAP,true
RUNX1,true
VPS16,true
ANKRD6,true
TUBB,true
MRPL57,true
SPTBN5,true
KRT84,true
RBBP6,true
OLFML3,true
MTMR3,true
POTEE,true
SLC2A3,true
SLC23A2,true
CEP85,true
KAT8,true
ANKRD20A4,true
ACTA2,true
DHDH,true
Metazoa_SRP,true
RBM12B,true
BOD1,true
OR2L13,true
WDR81,true
YWHAQ,true
PCIF1,true
GOLGA4,true
CBLC,true
MEGF10,true
MYO5A,true
TRPV4,true
CCDC43,true
TTC23,true
ZNF367,true
HEPH,true
PCID2,true
SLC26A6,true
SLC26A8,true
IL32,true
SLC16A7,true
PCLO,true
ACAT1,true
TENM4,true
NBAS,true
GNL3,true
MIR6859-4,true
ELF2,true
PKDREJ,true
VSIG4,true
ZNF592,true
ALDOA,true
PROX1,true
PPP1R36,true
C1QTNF1,true
PDE3B,true
RNF130,true
UBAP2,true
TPST1,true
FUT2,true
UCK1,true
MGAT3,true
FAM117B,true
ATP8B2,true
SPRR2E,true
SLC35F3,true
RRP7A,true
FOXM1,true
LRBA,true
GART,true
C1orf94,true
EMG1,true
CWC22,true
SEMA5B,true
NBPF12,true
GPR45,true
KTN1,true
CTAGE8,true
BROX,true
TTN,true
NAALADL2,true
SUPT6H,true
ACTR3BP2,true
DOCK7,true
CCAR1,true
SPATA31C2,true
GS1-124K5.12,true
MAML2,true
OR5H1,true
MGARP,true
OR1D4,true
AQR,true
NYNRIN,true
GDF3,true
GFRA2,true
CTNNA2,true
PRR4,true
TTBK1,true
CLTC,true
ARFGEF2,true
LRRC23,true
EXOC3L1,true
FUT8,true
C1orf132,true
PIEZO1,true
CARD11,true
CPSF1,true
SLC39A9,true
GLIPR1,true
MCM3AP,true
GEMIN5,true
FOXE1,true
TRIM28,true
CP,true
PRR35,true
MAP3K4,true
XDH,true
POLD2,true
CBX4,true
RPS27L,true
MTA3,true
AP1S1,true
RBFOX3,true
MSTO1,true
SCN7A,true
ZNF777,true
RNF138,true
CIRH1A,true
AMER3,true
GAL3ST2,true
SEC24C,true
RASSF2,true
PPP1R14D,true
ABHD13,true
CACNA1H,true
SFPQ,true
IL2RB,true
COBL,true
SLC4A10,true
OAF,true
SCAF1,true
TRIM53AP,true
BANK1,true
NOTCH1,true
ULBP2,true
TSPAN15,true
FOXD3,true
ACBD5,true
PIK3CA,true
RPL13A,true
TEKT3,true
EXOC3L4,true
ADCK3,true
IRF4,true
C1orf56,true
ARVCF,true
PABPC1,true
CHCHD5,true
RCC1,true
BTBD7,true
ARID4B,true
OLIG1,true
PNPLA6,true
HEMGN,true
AL354820.1,true
SP8,true
CEBPB,true
OR7D2,true
HMHA1,true
IRAK1,true
DMGDH,true
SEPT6,true
CDK12,true
A2M,true
FPGT-TNNI3K,true
MCM8,true
CNTNAP3B,true
DOC2B,true
TRA2B,true
ST6GALNAC3,true
CBWD1,true
PLEKHA8P1,true
RAD17,true
KLHL4,true
CNTNAP4,true
EFCAB5,true
FUCA1,true
RBM33,true
DIS3,true
NCAM2,true
KRBA1,true
PKD1,true
RYR1,true
MCTP2,true
WFDC2,true
MLLT4,true
BTN2A2,true
AZU1,true
KDM5B,true
NAA35,true
QARS,true
PF4V1,true
ADORA1,true
SPAG1,true
RTKN2,true
FGL2,true
ETV2,true
ANK3,true
IQSEC2,true
UBE3C,true
KRAS,true
SGTB,true
CRYBA1,true
CAPN3,true
MYOCD,true
PPT2,true
KCTD18,true
MTERF3,true
LIN54,true
GNGT1,true
CERS5,true
PRAMEF10,true
TMEM147,true
ADAMTS20,true
IRX4,true
GAR1,true
RNF182,true
GDF2,true
ARHGAP39,true
REPS2,true
SPATA25,true
ATP1A4,true
TRIM51,true
GRIK3,true
CFH,true
PIAS2,true
FLNC,true
EPHX1,true
SRSF8,true
LINC01553,true
NECAP1,true
KLHL13,true
ZNF628,true
ZNF34,true
C1orf61,true
ADAM9,true
ANTXR2,true
TBC1D29,true
TRIM44,true
CCR10,true
PLEKHG6,true
KIAA0368,true
GALNT11,true
HRC,true
AGAP7P,true
IL18RAP,true
TMCC3,true
HPS5,true
MFSD2B,true
UBN1,true
ASXL2,true
PTPMT1,true
ATAD3B,true
MACC1,true
IFT27,true
IGHV3-30,true
SIGLEC9,true
DND1,true
KIRREL,true
PEMT,true
PKN3,true
ACVR2A,true
IGHV3-53,true
MCC,true
FAM169B,true
UPK3BL,true
CECR2,true
HIST1H2AI,true
TEX13A,true
LONP1,true
ADAM28,true
SLAMF8,true
DDX23,true
TYK2,true
QSER1,true
PHKA1,true
GDAP1,true
STK11,true
APLN,true
CTC-260F20.3,true
SH2B1,true
ZNF615,true
CDC42EP2,true
RBM20,true
FAM110C,true
ACTR2,true
LMO2,true
RP11-156P1.3,true
FAT3,true
GFAP,true
ABCC9,true
TEX15,true
NBPF25P,true
GLTSCR1,true
KIAA1549,true
ZNF789,true
SYBU,true
PLEKHH1,true
MTIF3,true
APP,true
GPD2,true
C17orf96,true
VCX3B,true
SIGLEC1,true
PALB2,true
BMP2K,true
RRAGA,true
BAP1,true
HDGF,true
MTFR1,true
CHMP2B,true
KRT80,true
PDZRN3,true
FBXO2,true
OTUB1,true
CCNK,true
PER3,true
FUS,true
ADGRA2,true
PTPRH,true
ARMC3,true
TREX1,true
EMP1,true
SAFB,true
APH1A,true
ERC1,true
PRR14L,true
NFE2L2,true
EIF4B,true
OR51L1,true
COL11A1,true
TRMU,true
STK36,true
KRT37,true
WNK3,true
FAF2,true
WDR33,true
ACKR2,true
IL17REL,true
SOX13,true
CERS1,true
GPHB5,true
MAPKBP1,true
PYCRL,true
NFX1,true
IFT140,true
ICE1,true
SUCLG2,true
DPY19L2P2,true
TRIM37,true
OR5J2,true
LCN1,true
ATG2A,true
SLC24A2,true
SPAG11A,true
SLFN5,true
SMG1P5,true
POU4F3,true
CACNA1I,true
KCNV1,true
SOCS4,true
EPHA5,true
ZNF280B,true
C7orf49,true
NIPBL,true
CTBP2,true
ARHGAP1,true
ZNF699,true
CYP4Z1,true
C17orf98,true
MTRF1L,true
TMEM8A,true
PPWD1,true
DARS2,true
BHLHE22,true
PFDN4,true
KIF5A,true
CCDC144A,true
SERPINE2,true
WLS,true
DACH2,true
IRX6,true
SSPO,true
USP6NL,true
FOLR1,true
CYP26A1,true
UVRAG,true
ZBTB11,true
MAP3K2,true
DNAJC13,true
SLC5A5,true
TSHZ2,true
PARP12,true
VDAC2,true
TRPC3,true
ERICH6,true
ZNF365,true
STAB1,true
TCERG1L,true
FARP2,true
HUWE1,true
RBM25,true
ZDHHC17,true
APLP2,true
TAF1C,true
PRIM2,true
PCOLCE,true
SMURF1,true
C8orf46,true
GTF2IRD2B,true
AP1G2,true
RP11-108O10.8,true
TOP1,true
RAD21,true
ZFC3H1,true
ADGRF4,true
WASF2,true
CHM,true
PARP15,true
MAN2C1,true
ZFP41,true
TRPV2,true
FAM110B,true
SCN10A,true
PTDSS2,true
ZBTB44,true
NELFB,true
HEATR5B,true
NT5DC4,true
FAM120AOS,true
LHX9,true
TAB3,true
SCN9A,true
TIMM17B,true
HTR3B,true
SART1,true
RABEP2,true
CLDN14,true
TNFAIP8L1,true
IFIT5,true
PLEC,true
ICT1,true
FOXL1,true
PCSK4,true
ANKRD34C,true
KIF14,true
PCDHA6,true
MTMR7,true
TRPV6,true
DOCK9,true
ZNF217,true
HK3,true
SPTAN1,true
PDP2,true
RMDN1,true
KDM2A,true
GABRA1,true
TTC14,true
CBFA2T2,true
GATA5,true
BNC2,true
VWA8,true
GIT2,true
SERPINA9,true
KIAA1456,true
RNPC3,true
SLC52A2,true
TPH1,true
C1QBP,true
ATR,true
ZNF697,true
DCUN1D1,true
BBS2,true
NISCH,true
RACGAP1,true
DAXX,true
SETD5,true
BTNL8,true
SLC13A4,true
FZD1,true
OBSL1,true
TMEM182,true
SPESP1,true
ZSWIM8,true
BEND3,true
TNRC6A,true
LRRC19,true
MEIS1,true
SLC17A4,true
TRIM13,true
BRAT1,true
PRR3,true
USP4,true
YARS2,true
CRB1,true
TRIM45,true
PA2G4,true
TYRP1,true
TP53BP1,true
NMNAT2,true
SLC4A9,true
ABCC6,true
CNTNAP3P2,true
NR0B1,true
GABRG1,true
ARHGAP44,true
C9orf84,true
KIDINS220,true
EIF5A2,true
FEZF1,true
ELMO2,true
GGA3,true
POPDC2,true
KCTD15,true
SGK223,true
KANSL1L,true
SEC16A,true
SOWAHA,true
ZNF490,true
CGB2,true
PRDM7,true
SCGB2B2,true
TRAF3,true
CDC23,true
SLC30A1,true
CD81,true
CHST3,true
DENND3,true
SMAD6,true
ATP5E,true
EIF3A,true
CES3,true
ING3,true
SCML2,true
FANCM,true
REEP6,true
ABCB8,true
SKAP2,true
CCPG1,true
OLIG3,true
CD1D,true
FAM150A,true
EGR4,true
SPTY2D1,true
JUP,true
SLC2A14,true
SLC34A3,true
USP17L15,true
C4orf26,true
RNF31,true
PBOV1,true
TNS3,true
PTPRB,true
ATP6AP1L,true
NELFE,true
IFT172,true
POM121L12,true
ACACA,true
DRAP1,true
FKBP4,true
POTEC,true
CPAMD8,true
OR11H1,true
SMARCA4,true
GATAD2A,true
HECTD4,true
PKD2L1,true
NPHP3,true
PLXNC1,true
STAT3,true
HCCS,true
RBMX,true
TM9SF2,true
HEBP1,true
CHRNA1,true
SLC35E3,true
CFAP44,true
THAP11,true
SNX25,true
KCNC3,true
MORN1,true
KMT2B,true
SUOX,true
KCTD16,true
NRXN2,true
CRNKL1,true
PTP4A3,true
TLR2,true
FCGRT,true
DTNA,true
WAC,true
ARHGEF6,true
LARP7,true
ARHGAP36,true
ARAP3,true
BSX,true
VCAM1,true
CCDC158,true
TMEM55A,true
CCSER2,true
HAPLN2,true
SPTBN1,true
CDR2,true
FANCD2,true
C2CD4A,true
SPHK2,true
EMID1,true
BCCIP,true
ZNF506,true
MYH7,true
DENND6A,true
OBSCN,true
VIPR1,true
CLOCK,true
LRRC46,true
ACLY,true
SPC24,true
AFF2,true
TAF1L,true
MED19,true
GBP1,true
RING1,true
MAB21L3,true
CAPN8,true
EPAS1,true
ALDH18A1,true
POU4F2,true
DENND2C,true
CLDN2,true
PPM1H,true
EVPLL,true
HEXA,true
SELO,true
AMHR2,true
UBQLN1,true
KMT2D,true
RGAG1,true
NAP1L3,true
FN3K,true
DPP3,true
PHKB,true
VSIG8,true
FLT3LG,true
UBD,true
BCL2L15,true
PCDH18,true
NADK,true
ANKRD11,true
MEIS2,true
POLD1,true
SVEP1,true
ATG2B,true
POTEA,true
USP20,true
NCOR2,true
TTC7B,true
ASB18,true
TXNRD1,true
PLEKHA3,true
ZFHX4,true
ZNF77,true
TBCE,true
JADE1,true
CHMP2A,true
CFP,true
LOR,true
KIAA1551,true
POU2F2,true
PDP1,true
VPS45,true
LRP8,true
KRT73,true
NFATC3,true
LRRD1,true
THRA,true
ATL2,true
ANKRD35,true
DNMT1,true
LZTR1,true
ARHGAP30,true
FILIP1L,true
TENM1,true
ACSM2B,true
AUNIP,true
EPHA3,true
ATP2A1,true
POLR3B,true
HN1,true
ADRBK2,true
STRBP,true
IL12A-AS1,true
CAPNS2,true
PORCN,true
PLEKHG5,true
E4F1,true
SIL1,true
SACS,true
OR2T34,true
TXNDC16,true
OTUD6B,true
ZNF189,true
GRAMD1B,true
MARCH10,true
MYPN,true
SPAG7,true
OSBPL7,true
SSC5D,true
KCND2,true
MACROD2,true
SIRT7,true
PIK3C2B,true
KLC4,true
ENKD1,true
CEP128,true
EEF2K,true
FBXW10,true
FBN3,true
KANSL1,true
CENPF,true
EID1,true
SURF1,true
ARHGAP19,true
NDUFS3,true
ZNF146,true
TREM2,true
FHAD1,true
PTPRZ1,true
CAMKV,true
TFAP2D,true
SYTL3,true
ILVBL,true
DIS3L2,true
RAB12,true
KCNH7,true
MESP2,true
WDR45,true
BPIFA1,true
COL11A2,true
SPEN,true
ENSA,true
LUC7L3,true
RECK,true
BLZF1,true
GRB10,true
PGA3,true
ASCC2,true
CTDSP1,true
KCNH3,true
DDX54,true
CYTH4,true
C15orf62,true
ZBTB20,true
AGAP9,true
TNPO1,true
IFT46,true
EIF2D,true
SALL4,true
NLRP6,true
VPS13B,true
SIRT6,true
FAM208B,true
ACMSD,true
LAMA2,true
DDIT4,true
SLC25A5,true
LACTB,true
ZNF440,true
SPTBN2,true
SNW1,true
GPR179,true
LRP2,true
PCDHB4,true
CDCA2,true
DDX6,true
VPS33A,true
GNPAT,true
RBAK-RBAKDN,true
NRDE2,true
ZNF273,true
ARHGAP10,true
ZNF502,true
SLC39A6,true
PSME4,true
RAF1,true
SPATA18,true
MCM6,true
TMEM70,true
SRP68,true
ADAD2,true
TAF9B,true
SORBS3,true
CASC5,true
GTF2IP1,true
KRT6B,true
CAMK2B,true
DNAJB7,true
ZC3H4,true
CROCCP2,true
RBM39,true
SOX12,true
BCL9L,true
UCP1,true
PKD1L1,true
KDM5A,true
KMT2C,true
LRRC7,true
DFNB31,true
PDLIM5,true
NUTM2A,true
NDRG3,true
GABRA6,true
TNR,true
GPR22,true
PCYT2,true
VWC2,true
CSF2RB,true
COL4A5,true
PCDHGA8,true
RGSL1,true
SLC4A7,true
SP4,true
SYNJ2,true
ARSG,true
SASH3,true
C6orf165,true
PHF23,true
ZNF653,true
IER3IP1,true
IKZF3,true
BRPF1,true
LDOC1L,true
PDK4,true
LDB3,true
PHACTR3,true
AMMECR1,true
AMMECR1L,true
COPRS,true
ATP2C2,true
CHD6,true
TSGA10,true
C10orf11,true
SCARB2,true
TYSND1,true
INTS4,true
FAM217B,true
DNAJC27,true
CBWD3,true
MCOLN1,true
SATL1,true
KRT16P2,true
FMN2,true
DCTN1,true
MYEF2,true
AGR3,true
WWC3,true
MYPOP,true
ARPC1B,true
CALB1,true
FAT1,true
PTPN20,true
NBPF15,true
VPS72,true
SYNCRIP,true
LRRC37B,true
ZRANB1,true
KALRN,true
HOXA3,true
LAS1L,true
HSH2D,true
SLC25A27,true
AGAP4,true
PRB1,true
SWSAP1,true
MS4A2,true
OR6A2,true
ZNF184,true
ATP2B1,true
NPIPB15,true
NTSR2,true
TCHHL1,true
PAF1,true
CD86,true
ASNA1,true
NPAS2,true
ECT2L,true
ESCO1,true
ATAD5,true
ZNF16,true
IFI44L,true
CKS2,true
SNRPB2,true
TPGS2,true
TENM3,true
DIAPH1,true
SRD5A1,true
LRGUK,true
CPED1,true
SLTM,true
ADAMTSL4,true
CDK11A,true
MAP2K6,true
WRN,true
SERTM1,true
HIVEP2,true
AMH,true
POTEM,true
LMNTD2,true
RAB28,true
KCNS1,true
FAM196B,true
GULP1,true
RINL,true
RAB6A,true
NANOG,true
HELT,true
SRCAP,true
VN1R10P,true
MTHFR,true
KLK5,true
GCKR,true
ZFR2,true
GPR182,true
CALCOCO1,true
MAPK1IP1L,true
SPINT2,true
MRRF,true
MDFIC,true
STK10,true
DPCR1,true
PNKD,true
MTO1,true
ITPRIPL2,true
ERICH3,true
TOMM20,true
ATP13A3,true
GSTK1,true
ARL2,true
MRAP2,true
KCNE4,true
MAPK10,true
ZNF578,true
ARHGEF9,true
TCF3,true
TTK,true
PEX19,true
IL34,true
RNF126P1,true
MARS,true
SPRR2F,true
RUFY3,true
GPC3,true
CAPN1,true
PTPN6,true
ARMC2,true
ZNF185,true
NPR3,true
FAM129C,true
KHSRP,true
COG5,true
CCDC152,true
NIP7,true
SGSM2,true
HIST1H3PS1,true
GTF2IRD2,true
TAB2,true
CLVS2,true
CTAGE1,true
RPLP0P2,true
CCNL2,true
SPHKAP,true
HMGA2,true
SORCS1,true
MFAP3,true
IL17RA,true
STK11IP,true
SYCE1,true
FAM228B,true
CCR9,true
RALGAPA1,true
FRY,true
RP11-356C4.3,true
GOLGA3,true
GRIN2B,true
ARHGAP4,true
PCDHB9,true
WDFY3,true
SOX8,true
PTPRO,true
TELO2,true
UTP14A,true
EPB41,true
ATRIP,true
OR2A12,true
PDE11A,true
SMPD3,true
DDHD1,true
ADM2,true
GPR173,true
EVPL,true
ZYG11A,true
ZBTB10,true
C17orf58,true
DPF3,true
RECQL4,true
PHC1,true
SCAP,true
ACSL5,true
APOBEC3G,true
C2orf50,true
ANKLE1,true
SNAPIN,true
NETO1,true
ZNF462,true
UTP18,true
RSPO2,true
SERINC1,true
ZNF26,true
ELN,true
WNK1,true
MUC2,true
TMX2,true
CABS1,true
BTAF1,true
SH3D21,true
ODF3,true
COL3A1,true
FBXO27,true
TNKS,true
LRRN1,true
PIM2,true
APOB,true
ZFPM2,true
SHOX2,true
FRS3,true
MYH6,true
RP11-1212A22.4,true
MPRIP,true
SLC5A3,true
SLC27A1,true
FXYD6,true
CLK1,true
DPF1,true
NBPF9,true
EMC3,true
JAG2,true
PLCE1,true
GTF2E1,true
FUT9,true
MYH10,true
DDX60,true
ZBTB9,true
MMACHC,true
EVA1A,true
ITGB4,true
RABEPK,true
MSH6,true
RUNDC1,true
HECW2,true
STAT1,true
FAM198B,true
ANKRD50,true
ZNF398,true
RNF8,true
CDR1,true
ATP1A3,true
TKT,true
DBNL,true
TREML4,true
FAM126A,true
RP1L1,true
RPS5,true
EDEM3,true
CREB5,true
RORC,true
PRR32,true
PPARGC1B,true
BIRC6,true
SLC8B1,true
GABRG2,true
CIC,true
KCNK9,true
MTA2,true
MEGF8,true
SKIDA1,true
VGF,true
PTPN23,true
KRT38,true
PRMT8,true
LPA,true
PRSS57,true
RNF213,true
GRIA4,true
RASA4B,true
C3orf36,true
RPLP1,true
INTS2,true
TTC27,true
NDUFAF3,true
CHAC2,true
AK7,true
FANCI,true
KLF3,true
EPO,true
DLGAP5,true
DYNLL2,true
TRMT5,true
FCRLB,true
CNGA1,true
ACSM2A,true
ZNF581,true
KIF2C,true
GPR52,true
RIF1,true
HLX,true
RASAL2,true
CAMSAP3,true
SZT2,true
LRRC37BP1,true
ITGB3,true
SMARCAL1,true
ULK1,true
SPTA1,true
ST8SIA5,true
SNRNP200,true
BZW2,true
NEXN,true
FAM43A,true
OSCP1,true
COIL,true
KIF3B,true
KCNC4,true
TACSTD2,true
PCNX,true
SOX14,true
SPTBN4,true
DHX15,true
AFF4,true
GALNTL5,true
ADSS,true
KRT6A,true
SEMG1,true
THSD7B,true
CXorf38,true
GRB14,true
TULP4,true
ZHX1,true
DCLRE1B,true
SCAF4,true
PLCL1,true
GNS,true
TTF1,true
SEMA6A,true
HIST1H1C,true
DICER1,true
TIMM44,true
MRPS22,true
PAFAH1B1,true
PTCH1,true
EIF5A,true
ECM1,true
FBXO45,true
MAL,true
STC1,true
PIK3C2A,true
IRS1,true
ADAMTS5,true
TCEB3B,true
DENND1C,true
ARID5B,true
BAZ2A,true
SIRT5,true
OR52D1,true
ATP4A,true
CHRDL1,true
SOSTDC1,true
FASLG,true
PI4KAP2,true
HLA-DMA,true
DHRS7C,true
DOCK3,true
DMXL1,true
TAS1R3,true
GPNMB,true
KCNK7,true
PKHD1L1,true
CACNA2D1,true
FCRL3,true
ZFP64,true
GABPB1,true
KLHL1,true
SYNE1,true
BASP1,true
GPR37,true
DLD,true
SKIV2L,true
NPLOC4,true
ZC3H11A,true
KYNU,true
MED14,true
KLK10,true
LRRTM4,true
ALDH16A1,true
PUS7,true
ADAM32,true
POU5F1B,true
HMBS,true
PRR19,true
HYDIN,true
SLC1A7,true
NDC1,true
COL1A2,true
MFHAS1,true
PLD6,true
PUM1,true
ATAD3C,true
ERBB2,true
GPR39,true
ABHD15,true
TMEM187,true
COL22A1,true
SGCE,true
OTUD3,true
DPP4,true
KLK11,true
TBC1D32,true
GALNT15,true
GATS,true
ITM2B,true
RABEP1,true
TAF7,true
TTC38,true
CCT8L2,true
SMARCA5,true
ASXL1,true
TDRD12,true
EPC2,true
MYOG,true
HDAC10,true
SLC12A7,true
BPTF,true
MTTP,true
FAN1,true
TRIM5,true
MTPN,true
TKTL1,true
EML6,true
DHFRL1,true
RNF26,true
RP11-798G7.6,true
ZNF812,true
XRN2,true
TMEM132C,true
CHAF1A,true
ZBTB43,true
FAR1,true
NRIP2,true
PDLIM1,true
CAPZA3,true
TOP1MT,true
HAGHL,true
RBM4,true
EIF4E,true
PER2,true
HSF2,true
PRICKLE2,true
BHMT2,true
DACT2,true
RCN1,true
PLCZ1,true
GUSBP3,true
B3GNTL1,true
GPR6,true
RAD9B,true
HEXDC,true
LTBP3,true
VWA2,true
INO80,true
FAM155A,true
STON1,true
JAK2,true
CCDC121,true
HDAC11,true
ALMS1,true
ADAM21,true
DUSP12,true
MFN2,true
ITSN1,true
LYPD3,true
HELZ,true
GATAD2B,true
ARHGEF4,true
ETAA1,true
ADGRE5,true
SETX,true
SPIB,true
IRF6,true
PRG4,true
MIR299,true
IL17RD,true
HACL1,true
FRG2,true
MAN1B1,true
PMS2,true
PPP6R3,true
SLC35G5,true
DOK3,true
CYP3A43,true
SCRN1,true
BMS1,true
NEIL3,true
ZNF555,true
KL,true
BZW1,true
KIF16B,true
DSG2,true
PABPC1L2A,true
ATP13A2,true
UBXN4,true
PCDH10,true
FAM21A,true
MAGEB4,true
GPX1,true
SCIN,true
GABRA4,true
RPL8,true
ZNF276,true
GGT3P,true
DENND2A,true
ACADM,true
EDC4,true
SEMA3F,true
STAU2,true
KCND3,true
ZNF638,true
SCAMP2,true
UBTD1,true
NEUROG3,true
WNT5A,true
MAN2B2,true
NAA15,true
ATF7IP2,true
AGTR1,true
PPM1F,true
GRB7,true
ATM,true
SPATA12,true
C7orf61,true
NCOA3,true
HDAC8,true
TMEM132D,true
CNTFR,true
PTCD3,true
KATNA1,true
RNU6-614P,true
PALLD,true
OGFOD3,true
VWF,true
SLC38A11,true
SBNO1,true
INTS3,true
RNF135,true
PDS5A,true
GCNT2,true
PIM3,true
FGF20,true
RNPS1,true
RGS12,true
ANKRD54,true
KCNAB1,true
NOMO1,true
GNL3L,true
CKMT1A,true
HOXD9,true
SUN2,true
RNU1-20P,true
FCGR2C,true
RBM8A,true
ZMYND8,true
CFAP47,true
MYH15,true
DCHS1,true
YKT6,true
LRTOMT,true
FAM170A,true
NCOR1,true
ANAPC2,true
PKD1L3,true
SHROOM3,true
ITPR3,true
ZNF587B,true
TMEM259,true
LDLRAP1,true
RPAP1,true
GFRA3,true
DSPP,true
HIST1H3C,true
PSIP1,true
NPR2,true
FLT4,true
C16orf78,true
CKAP5,true
NCOA4,true
GSX2,true
FOCAD,true
MAGEA12,true
PRKD2,true
PPM1D,true
KIF1B,true
ACIN1,true
KCNH6,true
ZNF483,true
RHOBTB3,true
GPC6,true
KDM6A,true
KREMEN1,true
WDR4,true
FGD1,true
GUK1,true
ASNSD1,true
GSPT1,true
LRRTM3,true
ZNF300,true
RBM23,true
CLP1,true
GNAT3,true
TUBA1C,true
LRRC66,true
PLIN5,true
NOTCH3,true
PPP1R3B,true
TGIF1,true
SLC5A4,true
CYS1,true
RBM48,true
ANG,true
GTF2I,true
PRELP,true
MDN1,true
CD93,true
AAAS,true
UBE2NL,true
MAP3K7,true
RAET1L,true
ZP2,true
IL3RA,true
KRT85,true
EFTUD2,true
CNBD1,true
MYH8,true
UBE2G2,true
RGL1,true
USP1,true
EPHA6,true
ADCY8,true
ZNF565,true
SLC18A1,true
BIRC5,true
MCF2L,true
COL18A1-AS1,true
OR1L8,true
CCDC64,true
TAF1,true
POLDIP2,true
FAM149B1,true
SPECC1L,true
KIF5B,true
ABCA13,true
SSPN,true
PBRM1,true
ASB9,true
BCAP29,true
POR,true
GAL,true
PHF21A,true
DCAF8L2,true
ZNF85,true
GNB4,true
ZNF541,true
RC3H2,true
MCPH1,true
LRRC37A3,true
KCTD1,true
SUGT1,true
KCNA1,true
RPS6KA6,true
C19orf57,true
WASL,true
DTX2,true
LRRC41,true
CKLF,true
PTMA,true
MMP11,true
TPR,true
