Gene,Thymus
ATXN1L,true
KIF4A,true
MYO1E,true
HOXA9,true
PPP4R4,true
OR14A16,true
IRS2,true
ADAM29,true
TMSB4X,true
GRM7,true
KAT2A,true
MORC2,true
SREBF2,true
CDC40,true
DNAH14,true
RP11-313J2.1,true
NIPSNAP3A,true
TNFRSF11B,true
NLRC4,true
OR2W5,true
GNG11,true
FAM78B,true
HTR5A,true
TIMM9,true
ZIC5,true
BUB1,true
KCNV2,true
POLE2,true
NUFIP2,true
BSPRY,true
TPO,true
MTSS1,true
TEAD2,true
SLC44A1,true
ATP2B4,true
PTPRN2,true
BRAF,true
GABRB2,true
SMG1,true
PFN1,true
TFAP2C,true
CTSC,true
ATP9A,true
LGI4,true
FOXO1,true
POU5F1,true
PDILT,true
FXR1,true
FCGR3A,true
ACTN3,true
AGO2,true
ABCC5,true
JARID2,true
SLC29A1,true
PRPS2,true
TRPM5,true
CAB39L,true
LRFN2,true
GTPBP4,true
NUPL1,true
DHX30,true
WIPI2,true
C5orf60,true
HNF1B,true
ADAL,true
PRRC2B,true
NHS,true
ARL4C,true
KCNT2,true
FZD10,true
PTPRVP,true
OR6M1,true
MAG,true
LRMP,true
UGT2B10,true
KIAA0355,true
TBC1D3F,true
RBM45,true
TRIM46,true
MSH3,true
APOL5,true
DLG5,true
RIMKLB,true
MTHFD2P1,true
NLRP8,true
RP11-1379J22.7,true
TNFAIP1,true
MUC16,true
RP11-22B23.1,true
ADAMTSL3,true
MUC5B,true
ARID4A,true
KIFAP3,true
CFAP57,true
KLC2,true
COL4A2,true
RBM42,true
RAC1,true
MAML1,true
SRPK1,true
PDGFC,true
RIN2,true
TANC2,true
EXOSC1,true
TBK1,true
SHPRH,true
XPO4,true
PLXNB3,true
DCAF13,true
IQCA1,true
GRIA2,true
PHIP,true
GPR180,true
NLRC3,true
BMPR1B,true
PDPK1,true
PPFIA2,true
TGFBR2,true
ISL1,true
ENKUR,true
ERBB4,true
NAA10,true
EXOSC10,true
TRAV12-2,true
PLA2G4C,true
PHLDB2,true
LTBP2,true
KIF3C,true
COL6A6,true
VPS13C,true
CHST10,true
EPS15L1,true
CNTN1,true
ZXDB,true
BRD1,true
SF3B1,true
FKBP5,true
SLC39A11,true
TPSG1,true
FAM74A1,true
ELK1,true
SOCS6,true
TBX1,true
DNAH5,true
ATP8B3,true
NBPF1,true
TBL3,true
HIST1H4K,true
ROMO1,true
CLPTM1,true
SATB2,true
GRM4,true
CHD8,true
JAM2,true
SF1,true
TLDC2,true
COL14A1,true
SH3PXD2A,true
CACTIN,true
GNAS,true
PPP1R12B,true
OR52J3,true
WARS,true
PCDHA9,true
C3orf20,true
TP53,true
WDR87,true
G3BP2,true
BMS1P1,true
UBFD1,true
BTN3A1,true
UTRN,true
SCAF8,true
CCDC150,true
LINC01001,true
ZNF425,true
TRPV3,true
ADGRL1,true
CDON,true
HECTD1,true
DYNC1LI1,true
KIAA0556,true
PQLC1,true
UBLCP1,true
CYB5R1,true
GDF10,true
STAT6,true
LPAR4,true
KIF26A,true
GYS1,true
XKR4,true
TRPM3,true
MKI67,true
CD226,true
SYTL5,true
ERCC2,true
KLHL24,true
KCNQ5,true
RARB,true
SLC24A4,true
CLVS1,true
NRBP2,true
TBC1D1,true
ANKRD30B,true
NLRP7,true
CAPN6,true
SPPL2B,true
CCT5,true
NEK8,true
ANKRD18DP,true
LPPR4,true
COL26A1,true
PRRT2,true
DDX17,true
KIRREL3,true
ZNF192P1,true
RPS6KC1,true
RNY4P30,true
PCDHA7,true
DNAH1,true
CATSPERD,true
B4GALNT1,true
KCNA7,true
RTF1,true
TAOK1,true
IL12RB1,true
KIR2DL3,true
GRK1,true
TM9SF3,true
ALOX5,true
LSM12,true
ANK1,true
ENTHD2,true
SGCB,true
LILRB5,true
OR8B3,true
PNLIPRP1,true
SPEG,true
STARD6,true
PCDHB3,true
ZMAT4,true
KCNH4,true
NR6A1,true
RHOA,true
WNT16,true
RBFOX1,true
ARNTL,true
TBC1D25,true
TCF12,true
ZNF714,true
TCAM1P,true
NLGN4X,true
TRIM9,true
C22orf34,true
TRAV36DV7,true
CNTRL,true
DISP2,true
CELF4,true
SLC30A10,true
WDR1,true
GRID2,true
EPPIN-WFDC6,true
FLJ42393,true
VWA5B1,true
IL13RA1,true
WDR62,true
MRPS7,true
DYRK1A,true
FEN1,true
IPO5,true
DNAH11,true
CDKN2A,true
AKAP5,true
ERICH6B,true
PNRC2,true
GEM,true
ROCK2,true
CHRM1,true
MIB1,true
PPARGC1A,true
C15orf52,true
SCN8A,true
CSF3R,true
ESPN,true
TOPORS,true
RREB1,true
PEX14,true
DMAP1,true
NUAK1,true
OR5D16,true
DNAH8,true
JADE3,true
CTR9,true
HSF1,true
PCK2,true
THBS3,true
TBC1D8B,true
GALC,true
DYRK2,true
CLASP2,true
ADAM18,true
TPSD1,true
SPSB3,true
MSX1,true
CALY,true
MRPL3,true
HMGB1,true
ARHGEF2,true
STK4,true
KIAA1328,true
ASIC3,true
LZTS3,true
NAV3,true
SYNE2,true
TMEM139,true
ANKRD17,true
BRD2,true
FRMPD4,true
NUP62CL,true
CCDC167,true
ABLIM3,true
RYR2,true
POLR2J3,true
RER1,true
ANKMY1,true
CCDC130,true
ACAD10,true
LGSN,true
TEAD3,true
ABCA7,true
UBQLN2,true
GNA12,true
AGAP3,true
JRK,true
OR1E1,true
LRCH4,true
CAPN13,true
PPT1,true
RPGR,true
HM13,true
TSHZ1,true
CDX2,true
FLRT2,true
FAM230A,true
USP2,true
ANKFY1,true
MSH2,true
CRYM,true
XAB2,true
JAKMIP3,true
RLTPR,true
TPST2,true
MASP2,true
EFHB,true
CCDC61,true
AC245033.1,true
ARC,true
CEP295,true
TBX18,true
PGK1,true
LOXL4,true
RGS1,true
L3MBTL4,true
ARHGEF15,true
SP3,true
LINC01588,true
MESDC1,true
SOGA3,true
ZNF559-ZNF177,true
TSPAN19,true
DDX51,true
ZBTB45,true
ZNF574,true
HOXB5,true
ZBTB4,true
DYNC2H1,true
SLC39A10,true
PPP2R4,true
OR2W3,true
PER1,true
CDV3,true
TMEM215,true
PTH2R,true
RAB3GAP2,true
AC215219.2,true
KLHL28,true
POU3F2,true
CCDC144B,true
BDNF,true
RNF6,true
SOCS1,true
FBF1,true
AMICA1,true
MAGT1,true
SORL1,true
FAM206A,true
SHANK2,true
SEL1L3,true
NKX2-3,true
C3orf58,true
TRIOBP,true
EPS8L2,true
DHCR24,true
UPRT,true
NME4,true
SOX2,true
FAM127A,true
GPRIN1,true
TRIM2,true
ITIH4,true
FBXO15,true
PPP2R1A,true
UBA5,true
HAO2,true
HNRNPCP2,true
FAM111B,true
AIFM3,true
CASP9,true
MIR4697,true
PELP1,true
DNAH17,true
ZNF37BP,true
TMPRSS13,true
NECAP2,true
CCDC144NL-AS1,true
ELOVL4,true
BACH2,true
SLC9C1,true
HMCN1,true
ZC3H13,true
ASB7,true
AFMID,true
ZNF536,true
ATP12A,true
CSNK1A1,true
FAM46D,true
ARIH2,true
HLA-V,true
ST3GAL4,true
DOT1L,true
ANKRD13D,true
CLK2,true
GRIP1,true
TSHZ3,true
TDGF1P3,true
XRN1,true
ZNF689,true
HEATR1,true
EIF1AX,true
DDX43,true
RP11-480I12.7,true
SEC23A,true
MTMR12,true
CMTM5,true
GOLGB1,true
RIMBP2,true
RP1-234P15.4,true
PTBP3,true
SEC31A,true
SNX1,true
PGM2L1,true
PSMD10,true
CCDC3,true
MAGEA1,true
ADCK2,true
ALDH1L1,true
ACTC1,true
ANO3,true
MDK,true
ZNF652,true
NCOA2,true
WDFY1,true
CENPH,true
LGALS9C,true
SNN,true
MAP3K1,true
MST1P2,true
SAFB2,true
TRIM6,true
CCND2,true
OPRM1,true
NDUFS7,true
EDARADD,true
TMEM145,true
CBWD5,true
MYO1F,true
AHCYL1,true
GRM5,true
MYO7B,true
SLC16A6,true
TMEM51,true
CCDC168,true
FGF13,true
PUM2,true
SLC16A3,true
P2RY6,true
NRF1,true
CRHR1,true
SSR3,true
USP13,true
RTN4RL1,true
ABCC4,true
SFT2D2,true
ZNF180,true
SH3YL1,true
BCKDK,true
BEGAIN,true
SERPINB5,true
RP11-693N9.2,true
PRDM16,true
DHX58,true
LZTS1,true
CNOT7,true
R3HDM2,true
NTSR1,true
ADGRD1,true
CEP170,true
UNC50,true
SDCCAG8,true
WDR7,true
MYH14,true
MCFD2,true
CCDC174,true
C9,true
OR51E1,true
HGFAC,true
SCYL2,true
NBR1,true
SLC25A46,true
ZSCAN12,true
ST8SIA3,true
ANGPTL1,true
CTGLF12P,true
SLC25A24,true
CLIP2,true
ZER1,true
FSCN3,true
NCAN,true
CSNK2A1,true
ISG20L2,true
MROH1,true
FICD,true
CUL4A,true
FZD5,true
EMP3,true
ADAMTS4,true
ANKS1A,true
GPR139,true
SLC36A1,true
IK,true
KXD1,true
ZFP91,true
CHAMP1,true
ZBTB42,true
ZNF2,true
CDH4,true
SLC39A13,true
LAMA4,true
MYOF,true
GNAZ,true
SF3B2,true
RPL22,true
OR6C65,true
MADD,true
KIAA1586,true
PRMT5,true
RHO,true
CARD17,true
MUC6,true
SMEK1,true
PYGM,true
PCDH9,true
ZNF211,true
FSIP2,true
PLEKHH3,true
CTNNA1,true
ABCG1,true
NPAT,true
GPCPD1,true
RFXAP,true
LRRC9,true
DOCK5,true
OPRK1,true
WDR78,true
KLK8,true
GABARAP,true
SLC7A2,true
FAM133A,true
ICMT,true
FAM222B,true
ZNF600,true
TSTA3,true
TNRC6B,true
UCKL1,true
C1orf167,true
KLF13,true
IGLV3-27,true
TCOF1,true
ZBTB46,true
LPCAT1,true
MROH9,true
NOTCH4,true
SYT7,true
TMTC4,true
METTL18,true
NEB,true
CTNND2,true
TXLNA,true
ZNF347,true
CACNA1A,true
ALOX12,true
ABL1,true
MAN2A2,true
ELFN2,true
WNK2,true
SCUBE3,true
MUC15,true
NFE2L1,true
FGA,true
MBD1,true
OGFRL1,true
CLIP1,true
CNOT6L,true
TDRD6,true
PGRMC2,true
C8orf44,true
ATXN1,true
BOLA3,true
COL4A6,true
MCL1,true
PCYT1B,true
DCTN2,true
DCST1,true
ARFRP1,true
STAG2,true
DHX8,true
EIF4G3,true
AIFM1,true
ROCK1,true
COLGALT2,true
CCDC110,true
MRC2,true
KCNA4,true
RPL23,true
GOLGA6A,true
TBXA2R,true
AL078621.1,true
NFIB,true
ZFX,true
IRF2BP1,true
SLC2A1,true
LRRC27,true
PLCG1,true
CHEK2,true
EPS15,true
B4GALT7,true
RAI1,true
MTMR1,true
BFSP2,true
SPRED1,true
KIR2DL1,true
ZNF286A,true
PRG2,true
CHST5,true
VAV2,true
RPL11,true
SLC9A8,true
CCDC144CP,true
LBX2,true
TSPAN18,true
MLLT11,true
ESCO2,true
SLAIN1,true
CCDC108,true
C11orf95,true
C9orf47,true
ATRX,true
KDM4A,true
TGFB3,true
MYO10,true
PHLDB1,true
CSMD2,true
TEP1,true
NCS1,true
THOC1,true
ARAP2,true
GCFC2,true
TSPEAR,true
SKA1,true
GRIN3A,true
ONECUT2,true
IGHA2,true
CNR2,true
ANKRD34A,true
B4GALT5,true
SNHG5,true
LTF,true
KNG1,true
GNPDA2,true
PEX5L,true
C17orf99,true
UGT8,true
N4BP1,true
RALA,true
MALAT1,true
MKS1,true
TRIT1,true
ABCB5,true
SLC4A2,true
CYB5B,true
HYAL4,true
DNHD1,true
ITGB8,true
CCNA2,true
SLC6A14,true
CSMD1,true
HBS1L,true
CYB5R2,true
LTBP1,true
PPTC7,true
FAM179B,true
DMBT1,true
ZIC4,true
EIF5AL1,true
TLL2,true
ITM2C,true
PLAC9,true
SNX19,true
CCT3,true
UTP20,true
U2SURP,true
TECTA,true
CCDC112,true
RPS6KA5,true
ZBTB14,true
C15orf39,true
UBE2S,true
EMILIN1,true
LINC00052,true
COL5A1,true
MST1L,true
SPATA5,true
ITGA3,true
SYPL1,true
ERLIN1,true
CNOT3,true
FAM69A,true
HMGCS1,true
ZCCHC24,true
CALM3,true
HMCES,true
PLEKHN1,true
RGPD4,true
TEX33,true
CCDC6,true
ZNF568,true
FEZ2,true
GATC,true
ATP2B2,true
DLG2,true
RASSF1,true
SPG7,true
AMOTL1,true
SF3A2,true
EEF1A1,true
NRAP,true
KIR3DL2,true
SCUBE1,true
ZBTB47,true
WDR3,true
PHF6,true
NFIX,true
SMEK2,true
TRPM4,true
ITGA11,true
ADAM20,true
SGIP1,true
SEPW1,true
MED1,true
FSTL4,true
CC2D1B,true
SLC6A17,true
TAOK3,true
MRGPRX3,true
TET1,true
FLNA,true
KCNK15,true
EPG5,true
KCNS2,true
MREG,true
PKIA,true
PCDHB2,true
RAB5B,true
ITGB1BP2,true
LGALS3BP,true
CTNNB1,true
CTBP1,true
ZNF343,true
TMPRSS11A,true
INHBC,true
UHMK1,true
CCDC88A,true
NUP54,true
STK33,true
NACA,true
ZNF648,true
C19orf24,true
KRTAP19-1,true
PDE4A,true
COL6A5,true
YY1AP1,true
ADGRV1,true
FRMPD2,true
NRAS,true
TLN1,true
KIAA0226,true
CGREF1,true
DBNDD1,true
CADM4,true
FGFR2,true
STAG1,true
TRIM65,true
GTF2H1,true
RPL26L1,true
NCAPD3,true
PC,true
TTC4,true
C4orf32,true
FGG,true
LY6K,true
PABPN1,true
RNU6-1266P,true
UBE3B,true
HP1BP3,true
FOXL2NB,true
MECP2,true
ELMSAN1,true
YME1L1,true
PEG10,true
CACNA1E,true
DAZAP1,true
AC023283.1,true
EBF1,true
GOLGA6L22,true
ATMIN,true
SIM1,true
SEL1L,true
MUC4,true
CHORDC1,true
TRIM77,true
LIN9,true
PLCB3,true
AC004158.3,true
MYBL2,true
WDR90,true
FCAR,true
PLEKHF2,true
DST,true
ADAM17,true
FAM83E,true
CDC25B,true
DOCK2,true
INSM2,true
LMAN1,true
ADGRG7,true
ACKR3,true
TRPC7,true
ZNF790,true
ATP7B,true
PHF3,true
EGLN3,true
ARPP19,true
SLC9A2,true
GABBR2,true
TPPP,true
KCTD19,true
RAB5C,true
MARK2,true
EPHA8,true
DOC2A,true
FFAR3,true
C10orf90,true
TNNI3K,true
MCM10,true
MCEMP1,true
SCP2D1,true
CNIH2,true
CRYBA2,true
PCSK7,true
SRRM2,true
CA5B,true
MRGPRX4,true
RICTOR,true
ZNF705D,true
TCERG1,true
CHRM3,true
PPIAL4D,true
FAM178B,true
MACF1,true
ANP32B,true
KIAA0100,true
SYK,true
GSG1L,true
WDR25,true
CACNA1G,true
HIST1H2BB,true
ENDOV,true
AC133555.1,true
OCA2,true
CACNB4,true
SLC7A6,true
KIAA1210,true
LINC00487,true
WASH1,true
ANKRD13A,true
APPL1,true
KRTAP1-3,true
PAPSS2,true
TNN,true
LIG3,true
ADAM21P1,true
CTSZ,true
MCUR1,true
PEX10,true
RP11-526D8.7,true
REEP4,true
MRPL47,true
SLC4A4,true
MICAL2,true
SLU7,true
EIF1,true
SCN2B,true
PAPLN,true
SEC24A,true
TIMELESS,true
HIST1H2BJ,true
RUFY1,true
SOX4,true
SOHLH1,true
HMGCR,true
SAMD14,true
REXO1,true
SEMA4A,true
TTLL4,true
SLC18B1,true
PVR,true
ADIPOR1,true
AGPAT4,true
LINC01347,true
IGHG4,true
MAK,true
RNF145,true
TIPIN,true
RALBP1,true
OR7C2,true
TMEM237,true
ROBO1,true
FBXO48,true
MAMDC4,true
POM121,true
TSC22D1,true
CHRM2,true
NR2E1,true
GALNTL6,true
CTCF,true
RFX7,true
MAFF,true
ZNF658,true
PTP4A1,true
HNRNPR,true
LDHAL6B,true
NCAPH,true
SNTG1,true
NLK,true
ADGRE1,true
PLK2,true
ARID1A,true
AGPAT3,true
SEPT7,true
ARHGAP21,true
BHLHB9,true
DPP8,true
GDF6,true
CPD,true
IQSEC1,true
PRPF3,true
DNM3,true
NPHS2,true
MROH5,true
PQBP1,true
FRA10AC1,true
TET2,true
PCP2,true
SLITRK1,true
ANK2,true
CCNH,true
SLC38A2,true
SLC22A25,true
NBPF14,true
PLIN2,true
SIAE,true
BCRP6,true
SLC18A2,true
CEP170B,true
MIR181B1,true
G3BP1,true
TEX38,true
ZNF772,true
ZNF503,true
MORF4L1,true
NLRP12,true
ASIC4,true
CNGA4,true
PABPC5,true
PUS1,true
AVPR2,true
TULP3,true
LRRC52,true
CHL1,true
KPTN,true
STAT5B,true
FRAS1,true
GPI,true
UBA3,true
CD4,true
B3GNT8,true
INTS9,true
MIR519E,true
DMC1,true
RBMS3,true
AVPR1B,true
TMEM55B,true
HSPA4,true
POLR1A,true
ACTB,true
RFX5,true
NPHS1,true
UBE3A,true
TRAC,true
ANO7,true
KPNA7,true
AACS,true
RPN1,true
DSCR10,true
ACSL1,true
PLXNA3,true
IGHD,true
ZNF384,true
DPP6,true
SOBP,true
TUBBP5,true
LY9,true
RCOR1,true
ESRRB,true
SLC20A1,true
GPHN,true
KRT9,true
DSCAM,true
PCGF5,true
CDC27,true
ZIM3,true
ARHGEF17,true
TDRD9,true
FER1L6,true
CELF6,true
MTMR11,true
ATP11A,true
NBPF8,true
B3GAT2,true
SLC38A5,true
BOC,true
QRICH2,true
DYSF,true
MON1A,true
LGR4,true
OR10H5,true
KLK3,true
CPEB1,true
SLC2A7,true
ARL11,true
YES1,true
COL4A1,true
CSF3,true
SOX6,true
FOXN1,true
HELZ2,true
CDHR1,true
STRIP2,true
TRIM56,true
METTL22,true
CCDC67,true
ARFGEF3,true
MTCH1,true
FIG4,true
DYNC1H1,true
TTC6,true
HLA-DQB2,true
IGFN1,true
KCNMB4,true
EIF4E1B,true
IQSEC3,true
INSR,true
ANKRD36,true
ZFHX3,true
PRUNE2,true
P2RX4,true
SMG1P1,true
TGM1,true
SHC4,true
C11orf88,true
RAPGEF4,true
KCNK1,true
CHD5,true
SUV420H1,true
SBK1,true
EYA1,true
ART4,true
URI1,true
LENG8,true
TRIM15,true
ZAN,true
SEC61G,true
AXL,true
MSR1,true
MAFB,true
ALPK1,true
ITPR1,true
SCN5A,true
UTP23,true
BAG4,true
LUZP1,true
OLFM1,true
OR10G8,true
OR4F17,true
ZNF540,true
SLC22A9,true
OVGP1,true
RP11-43F13.1,true
KIAA2026,true
AP3B1,true
VARS,true
PCDHGA1,true
MMP14,true
MICALCL,true
MGA,true
CAMK2D,true
MAP3K13,true
TBC1D3P1-DHX40P1,true
NCR1,true
CMYA5,true
NARFL,true
POLE,true
SRGAP3,true
PPP1R21,true
ITPK1,true
GIMAP8,true
ZNF724P,true
HP,true
BTG2,true
MUC3A,true
CCDC186,true
TLR3,true
CNKSR3,true
TRBC2,true
FYN,true
ARSH,true
BHMT,true
MAGED2,true
KAZN,true
TRAK1,true
SORBS1,true
RAB3IP,true
EMC8,true
C9orf43,true
TOPORSLP,true
KLK6,true
TYMP,true
ZXDA,true
KLHL6,true
GLIDR,true
EPHB3,true
CCNB3,true
POU2F3,true
STARD8,true
SCN4A,true
PHKA2,true
ZNF438,true
IPP,true
HPS4,true
LAMA5,true
FGD5,true
FN1,true
ABI3BP,true
ACAN,true
TRAV19,true
SHROOM4,true
HES1,true
PFN2,true
SLC22A31,true
AP5Z1,true
TNXB,true
AGO1,true
HIST1H2AC,true
FAR2P4,true
GLB1L2,true
PARP6,true
PSMD9,true
MAPRE3,true
C12orf74,true
PCDHGA6,true
PRAMEF2,true
DDX26B,true
DHX16,true
MTMR4,true
MEX3A,true
HAUS6,true
RSBN1L,true
OR4N2,true
HERC2P3,true
FKBP6,true
SYN3,true
ANO6,true
RANGRF,true
ADGRA1,true
KCNK3,true
ANGPTL6,true
HRAS,true
SLC47A1,true
PRX,true
CD300LB,true
ZFAT,true
TXNRD2,true
IGF2BP2,true
SYNPO2,true
ETS2,true
HSF5,true
ABAT,true
GALNT16,true
IGHG1,true
MINK1,true
FKBP1C,true
PXYLP1,true
PPP1R42,true
HIST1H1T,true
EGFLAM,true
SPIRE1,true
ZNF385A,true
ZBTB7A,true
PAX1,true
OR5M9,true
NCBP2L,true
OTX2,true
AGPS,true
MAGEB18,true
RHOT1,true
CDC25A,true
COL24A1,true
SLC45A4,true
MYH9,true
MTMR8,true
SSR4P1,true
RP11-383M4.6,true
AHCYL2,true
TRRAP,true
MARK1,true
C18orf25,true
TOR4A,true
NALCN,true
MMP13,true
SDHB,true
NXPH4,true
ATG4B,true
FAM73A,true
SRPR,true
GIT1,true
COL17A1,true
CTD-2014E2.5,true
DNM1P35,true
KATNAL2,true
LOXHD1,true
ATG13,true
CYP1A2,true
TOB2,true
RAD54L,true
CYFIP2,true
NLGN1,true
ADIPOR2,true
BCAS3,true
FAM72C,true
PREX1,true
PPM1E,true
IDO2,true
PTCHD3,true
SLC1A2,true
ZBED9,true
CEPT1,true
MMP19,true
RASGRP3,true
ZNF649,true
RP11-1277A3.2,true
C1orf226,true
POSTN,true
NTNG2,true
TIMM22,true
CCDC65,true
ATP8B1,true
SMG7,true
SPATA31A1,true
MB21D2,true
GAREML,true
ZFP36,true
GOT1L1,true
ENTHD1,true
PPP1R9A,true
SLC10A4,true
GUCY1A3,true
SEPT9,true
ANTXRL,true
NOL4,true
ZBTB3,true
ELMO1,true
ZMYM3,true
TRIM7,true
BEST1,true
C21orf59,true
WFDC6,true
TUBB6,true
GPR85,true
RAG1,true
HNRNPH1,true
BCAR3,true
STAB2,true
NUP153,true
NAA30,true
GBAS,true
MBTD1,true
TPCN1,true
MPHOSPH9,true
FOXG1,true
ARMCX2,true
RILPL1,true
KIAA1462,true
SNX7,true
FLNB,true
SOX1,true
ZNF764,true
HDLBP,true
EGFL8,true
ZBTB38,true
CEP250,true
OR7D4,true
KCNQ4,true
ZFAND4,true
LSMEM1,true
ZNF746,true
B4GALNT4,true
SF3B3,true
IKZF2,true
GLIS3,true
KMT2E,true
FMOD,true
DMBT1P1,true
EBF4,true
NDUFC2,true
FZD8,true
COL10A1,true
C5orf15,true
FST,true
ZNF641,true
C9orf89,true
PKN2,true
RHD,true
CMTM6,true
NUP160,true
CLCNKA,true
ZMIZ2,true
SLC47A2,true
RTTN,true
KIAA0825,true
PDZRN4,true
ZNF835,true
HYPK,true
VASP,true
RGN,true
OSBPL11,true
TRH,true
DNM2,true
APOBEC3F,true
GMCL1,true
TTC28,true
ADHFE1,true
RSPH10B,true
PAPD5,true
PCDHA4,true
FOXD4,true
YIPF4,true
RAD54B,true
CYP17A1,true
RP11-61L23.2,true
MLH3,true
CSRP2BP,true
TSC2,true
SLC22A6,true
LRP1B,true
MPHOSPH8,true
CMSS1,true
SH3TC1,true
TBX3,true
SIX3,true
CHST14,true
TENM2,true
CLCN6,true
MAP1S,true
PRKACB,true
SPOCD1,true
ONECUT3,true
DENND4C,true
SOWAHC,true
PRKAR2B,true
GFM1,true
FUT4,true
LMTK2,true
LRRC8E,true
PGAP2,true
DNAJC7,true
GARNL3,true
GTSF1L,true
SNORD3A,true
ARHGEF28,true
SORBS2,true
HERC1,true
RAPGEF3,true
SCN3A,true
BAG2,true
API5,true
HJURP,true
TRIM66,true
TSPAN7,true
SARS2,true
ERICH5,true
DDX58,true
PPM1B,true
RIMS1,true
CEP295NL,true
NME9,true
ITM2A,true
LMNA,true
ZBBX,true
GOLGA6L17P,true
ZNF7,true
C11orf97,true
SIGLEC10,true
GMEB2,true
DCDC1,true
RNLS,true
LINC01317,true
HOXC10,true
RPRD2,true
GRM8,true
PLIN4,true
USP48,true
TMEM236,true
AADACL2,true
HNRNPH3,true
RPL18,true
NRGN,true
TMX4,true
NBEA,true
MOB2,true
TFDP1,true
TPTE,true
FRK,true
ESYT3,true
KNOP1,true
NF1,true
SGSH,true
KCTD7,true
ATP10A,true
SCRN2,true
SLC13A1,true
RGS3,true
ANO5,true
LATS1,true
SEC63,true
PPM1G,true
AKR1B1,true
ZNF407,true
SNAPC1,true
GS1-309P15.2,true
FAM122B,true
MGAT4A,true
ZNF233,true
RP11-434D2.7,true
DIP2A,true
C1QL4,true
GALNT7,true
ADAM23,true
PLXND1,true
TMSB10,true
VHLL,true
ST3GAL5,true
USH1C,true
CCDC114,true
SIPA1L2,true
MYO3A,true
MLH1,true
AP1M1,true
SPDYE3,true
LINC00473,true
MUL1,true
FUNDC1,true
DBX1,true
DYNC2LI1,true
GLCCI1,true
FAM98A,true
RAB22A,true
DZIP3,true
OVOL1,true
C7orf72,true
ADGRL2,true
ZNF614,true
NXF1,true
FCGBP,true
HSPG2,true
CCDC142,true
CACUL1,true
ZDHHC16,true
FAT4,true
REP15,true
EED,true
CDA,true
COL18A1,true
GRWD1,true
ACBD4,true
VHL,true
P4HA1,true
ZNF687,true
PAGE5,true
TRAPPC1,true
UBE2W,true
AC106860.1,true
EBNA1BP2,true
ANKRD19P,true
FNDC3B,true
PLEKHA4,true
CYB5RL,true
OGT,true
KLK12,true
NETO2,true
ATP2B3,true
RIIAD1,true
ERVW-1,true
F8,true
CALD1,true
NR2F2,true
KPNA3,true
TRIM16L,true
CD46,true
UPF1,true
PCBP2,true
DNAH3,true
ACTRT2,true
PCSK5,true
PCK1,true
ZCCHC5,true
MERTK,true
FGF12,true
SETMAR,true
AKAP7,true
TOMM7,true
USP29,true
APPBP2,true
KRT222,true
C12orf50,true
CCDC102B,true
XXyac-YM21GA2.4,true
NAPG,true
GPRC5B,true
CTD-2303H24.2,true
KLF15,true
MED13L,true
BRD4,true
AMER1,true
KRT17,true
CEP350,true
FAM53A,true
SLC50A1,true
CXADRP3,true
CLCN7,true
ZBTB37,true
DDX12P,true
ARPC4,true
NLN,true
CCL25,true
MIS18A,true
PDXK,true
ENG,true
FCHO2,true
RP11-78J21.7,true
CUL5,true
DNM1P46,true
PHF21B,true
AC090825.1,true
MUS81,true
FBXO28,true
DNAH7,true
GET4,true
AC100757.1,true
SLC45A2,true
CBLB,true
DSEL,true
DMD,true
JUND,true
ADCY2,true
KMO,true
BRWD1,true
IRAK2,true
PABPC1L2B,true
LILRB4,true
TCEA3,true
MC1R,true
HECW1,true
CFAP46,true
ATPAF1,true
CLSTN3,true
GOLGA6L6,true
PLCH1,true
NAALADL1,true
MAP2K4,true
HNRNPL,true
XPNPEP1,true
FZD7,true
PLAG1,true
PLAUR,true
FAM210B,true
CCDC40,true
SURF4,true
GLRA2,true
RAPGEF6,true
LRRC63,true
ID2,true
FOXF1,true
CNST,true
PLEKHB1,true
VPRBP,true
PDHA1,true
CLEC9A,true
SV2C,true
GPR161,true
NSD1,true
UHRF2,true
GGT7,true
HNRNPH2,true
ADGRG4,true
PLXNB2,true
UBR4,true
ZNF410,true
DCAF4L1,true
S1PR3,true
TACC1,true
DSG3,true
AC011718.2,true
FBLN7,true
EML4,true
OR4D2,true
SEC16B,true
PTPRN,true
MME,true
TAF3,true
MCF2L2,true
MAGEL2,true
LIN37,true
ZFYVE9,true
UBA6,true
UNC13D,true
TBC1D16,true
SIPA1L1,true
NEK1,true
CCDC63,true
PIWIL1,true
CYSLTR2,true
FAM95B1,true
ADAM3A,true
KLK1,true
SLC22A4,true
MYL5,true
PEX2,true
CH17-140K24.8,true
FADS1,true
PRKDC,true
VANGL2,true
PRKRIR,true
IRX3,true
TBC1D3K,true
RIMBP3,true
MSL2,true
CHIAP2,true
NFAM1,true
C1orf86,true
FAM46C,true
ZNF544,true
MAB21L1,true
CIT,true
ZNF546,true
USH2A,true
PCDHB7,true
DDX3X,true
TXK,true
NXF5,true
FZD2,true
FAM155B,true
SURF6,true
DNAH2,true
CFAP221,true
COL25A1,true
CEACAM5,true
FAM174B,true
RABGAP1,true
TSPY1,true
ZNF676,true
C11orf96,true
RP11-113D6.10,true
OR3A1,true
TNIK,true
MAT2A,true
MCF2,true
ESX1,true
GAS2L1,true
KPRP,true
MAST4,true
KRT19,true
WIF1,true
C16orf62,true
MGAT2,true
CD163L1,true
OBP2A,true
RHBDD2,true
PRRT1,true
MMP16,true
FOXD4L4,true
BCOR,true
CCDC148,true
SLC22A13,true
MIR3142,true
AKT3,true
BRD3,true
TUBG2,true
MASP1,true
WASIR2,true
NBEAL2,true
OR6K2,true
SEPT3,true
CYP2E1,true
DOCK6,true
RAB10,true
OMA1,true
VRTN,true
SLC23A1,true
STAC2,true
MTBP,true
PIAS4,true
RP11-333E13.4,true
TMEM245,true
MPP6,true
MIR137HG,true
WDR70,true
TMPRSS9,true
GPR119,true
PRAMEF18,true
SDAD1,true
MAPT,true
FAM71E2,true
CTSG,true
CXorf23,true
CTD-2012J19.3,true
HRG,true
ST8SIA4,true
C11orf84,true
SP100,true
ACSS1,true
RARG,true
TACC2,true
CCDC87,true
KBTBD11,true
ACHE,true
GBA2,true
MAP7D1,true
DCAF12,true
MLPH,true
KLHL12,true
MYB,true
NAMPT,true
BCR,true
CCDC185,true
RUVBL1,true
EP400,true
C22orf24,true
SNORA15,true
PLEKHG4B,true
TDRG1,true
CNTNAP2,true
ZBED6CL,true
CPOX,true
E2F3,true
GLI3,true
XYLT2,true
ABCC1,true
MANEA,true
IRF3,true
ADGRL3,true
ADAMTS13,true
MT1F,true
SLC16A2,true
OR14I1,true
HEATR5A,true
ASTE1,true
PTPRU,true
RP11-407N17.3,true
LINC00115,true
HES3,true
ERLIN2,true
SPIDR,true
ITGAL,true
ALPL,true
ZMYM2,true
AFG3L1P,true
PARP16,true
PADI3,true
DSG1,true
CPEB3,true
TRAV7,true
TGM4,true
ZNF205,true
BRCA2,true
SLC8A2,true
MBL1P,true
FLG,true
SENP5,true
DHX57,true
ST6GAL1,true
ZNF730,true
CHEK1,true
OPRL1,true
IQCB1,true
NPAP1,true
NPIPA5,true
ABHD17B,true
HIST2H2AB,true
IGHV2-70,true
DCAF6,true
RNF212,true
PAX7,true
ZDHHC11,true
SCO1,true
CRELD1,true
PIP5K1B,true
SLC25A47,true
EXT1,true
CA9,true
BTBD10,true
TRO,true
ABI2,true
BAIAP2L1,true
IGFLR1,true
RNA5SP311,true
ZNF432,true
SPSB1,true
ARL6IP4,true
PPP1R10,true
PHEX,true
BRWD3,true
PPP1R9B,true
OS9,true
ATF2,true
ZNF311,true
SCO2,true
GPR83,true
ANAPC1P1,true
OTUD4,true
C19orf44,true
SPNS3,true
CLSTN2,true
WDR20,true
ALG3,true
RIMS2,true
NFIA,true
ELAVL4,true
NR4A3,true
CPEB4,true
COL5A2,true
RLN3,true
TRAK2,true
SLC16A1,true
HSPA9,true
PCDHB10,true
CXCL5,true
PRR16,true
ARID1B,true
ZNF513,true
SLC25A25,true
SLC34A2,true
SMPD4P1,true
CCDC22,true
TCF20,true
ZBED6,true
SP6,true
C12orf10,true
SUMO2,true
KRT74,true
GOLGA8J,true
ZRANB2,true
OR51V1,true
SLC9A5,true
CD300LD,true
TPM4,true
CPNE5,true
KIAA0430,true
UBXN10,true
UBE2B,true
CPZ,true
OR2T2,true
TDG,true
PI15,true
GPANK1,true
ZFHX2,true
FAM83F,true
TYW1,true
ADORA2B,true
MAP6,true
KLHL2,true
HIVEP1,true
ZNF776,true
CMIP,true
NOS3,true
OR2K2,true
FGD4,true
PPP1CC,true
RBMXL3,true
IVL,true
DPYSL5,true
ROPN1,true
CEACAM21,true
ITPR2,true
ZNF808,true
Z83819.1,true
PLK4,true
LCAT,true
TAS1R1,true
RAB29,true
TTPAL,true
BTBD1,true
C16orf52,true
AFF1,true
FBRS,true
MKNK2,true
SPACA4,true
ECHDC3,true
FOXK1,true
SENP6,true
DOCK4,true
SYNGR1,true
ACBD3,true
DNMT3A,true
MYH2,true
C17orf62,true
CASC10,true
ARL3,true
SPRY3,true
FBXL14,true
DLG3,true
FKBP10,true
TRA2A,true
AGBL5,true
FOXQ1,true
CAPRIN1,true
CREBZF,true
UBXN11,true
LEF1,true
NFYC,true
DAK,true
KIAA1958,true
OSTM1,true
IL1RL2,true
FOXA2,true
SERPINB8,true
CAPS2,true
DUS3L,true
PAOX,true
PIK3R1,true
UBR1,true
P2RY2,true
LDLRAD3,true
ERV3-1,true
TMEM247,true
RNF10,true
CACNG8,true
DMTF1,true
DCAF8,true
RP11-413G15.1,true
OR1J2,true
SNCAIP,true
CXCR2,true
PPP2R2A,true
DDX39B,true
MSLNL,true
ELF4,true
SLC12A4,true
TMEM102,true
BSCL2,true
IGHV3-74,true
RAI14,true
LMBRD2,true
TICAM1,true
FAM189A1,true
CER1,true
MDGA1,true
EFHC2,true
ABCA2,true
NPAS4,true
UHRF1BP1L,true
EEF1D,true
KIAA0195,true
CFDP1,true
CSGALNACT1,true
VPS37A,true
NAF1,true
ACOX1,true
HYOU1,true
MRGPRF,true
TPM3,true
LPP,true
DDX5,true
NUSAP1,true
GDA,true
OFCC1,true
PCDHA13,true
SRRM1,true
IGF2,true
SYTL2,true
CLEC16A,true
RRAS2,true
CHGA,true
PRICKLE4,true
KIF21A,true
DNER,true
SRFBP1,true
SLC22A17,true
DSC1,true
ADGRB3,true
BMS1P7,true
YTHDF3,true
DGKI,true
TRPS1,true
BRD7,true
DAG1,true
COL12A1,true
DYNC1LI2,true
SCGN,true
AC024560.3,true
CTTNBP2,true
AK9,true
ANKRD20A8P,true
POU3F1,true
IGF2BP3,true
ZNF257,true
ARHGEF26,true
GFPT2,true
ANKRD20A9P,true
ADRB1,true
TSSK1B,true
FYCO1,true
SHC1,true
AHNAK2,true
METTL4,true
GCN1L1,true
ZNF718,true
ROR2,true
ENTPD2,true
PDE4DIP,true
PRDM1,true
ASTN1,true
LEP,true
JPH3,true
CELSR1,true
FGGY,true
IPO9,true
SCN2A,true
MFAP3L,true
FNBP1L,true
JUN,true
FREM2,true
DCLRE1A,true
RP11-71H17.7,true
NR1D2,true
PON1,true
FASTKD3,true
LRRN2,true
FAM122A,true
MARCH1,true
ITGAD,true
HERC2P9,true
AFG3L2,true
FNIP1,true
RP11-395E19.2,true
ADCY7,true
C1QC,true
MAGEB10,true
SDC1,true
TNK2,true
GPKOW,true
AK5,true
NR2F1,true
HERC2,true
HSP90AB1,true
CACNA2D2,true
DRAM1,true
MYBBP1A,true
EP300,true
NMT1,true
RB1CC1,true
EXOSC6,true
SPI1,true
FANCD2OS,true
HRNR,true
WDR41,true
ASAP1,true
LRRC8A,true
KB-1592A4.15,true
CCSAP,true
ANKRD62,true
MAP2K2,true
FAM160A2,true
BBS5,true
NUDT17,true
PLD1,true
PRAF2,true
KIT,true
UBAP2L,true
GRIK4,true
CLK4,true
SLC12A3,true
AP3S1,true
DPEP1,true
SYCE2,true
DDX47,true
CLIP3,true
CD200,true
SNAI1,true
HIPK1,true
SPICE1,true
SERP2,true
TRABD,true
WASF3,true
RHOB,true
KLHL42,true
TPRXL,true
FAM25C,true
SLC6A6,true
THAP1,true
XPO1,true
BPIFB1,true
CLDN5,true
HIST1H3F,true
DNAH6,true
CHST2,true
MORC3,true
TBC1D2B,true
REV3L,true
APOA5,true
EIF5B,true
ABCB9,true
SETD1A,true
REV1,true
ANAPC5,true
SP1,true
ZNF799,true
PTPN18,true
FAM3A,true
SH3TC2,true
C11orf45,true
REG1A,true
RPS15,true
NACAD,true
TRIM50,true
SRSF3,true
HIST1H2AD,true
PIP4K2A,true
KPNB1,true
C11orf71,true
FRYL,true
TRAT1,true
CLDN10,true
KRIT1,true
FAM208A,true
PLCG2,true
PPP1R15B,true
BCL9,true
TUSC2,true
HCAR2,true
HSP90B1,true
BAHD1,true
TAP1,true
RFX4,true
IRF9,true
DNMBP,true
AKIRIN2,true
PKNOX1,true
PKLR,true
ZNF25,true
PARD6B,true
HTR3A,true
RP5-905H7.11,true
ASH1L,true
SBNO2,true
ZNF492,true
RP4-595K12.2,true
PPP1CB,true
UBB,true
KCTD20,true
PKMYT1,true
EIF3IP1,true
PLEKHM1,true
ZNF32,true
E2F4,true
BDP1,true
ALPPL2,true
ANKRD45,true
NOL6,true
PCDHB6,true
KLHL29,true
PCDHGA4,true
SDK2,true
C7orf50,true
XIAP,true
VPS16,true
TSEN54,true
CRIP2,true
DDX4,true
TUBB,true
SPTBN5,true
POMT2,true
AHDC1,true
RBBP6,true
SHROOM2,true
ACACB,true
SLC2A3,true
AAR2,true
SNORD3B-2,true
RFPL3-AS1_2,true
OVCH1,true
ANKRD20A4,true
ACTA2,true
Metazoa_SRP,true
ABCB4,true
WDR81,true
YWHAQ,true
FAM231C,true
CBLC,true
MIR1257,true
USP9X,true
KIF27,true
JAG1,true
NRXN1,true
TRPV4,true
RALYL,true
SLITRK3,true
CCDC43,true
TM2D2,true
ACRBP,true
TRAV5,true
PCID2,true
HIST1H2BN,true
PCLO,true
BAZ1A,true
ACAT1,true
TENM4,true
NBAS,true
GNL3,true
MIR6859-4,true
RABGAP1L,true
PTER,true
TMEM229B,true
SAMD15,true
TSPAN17,true
MED13,true
C17orf107,true
OR52N3P,true
PPP1R36,true
PROX1,true
OXR1,true
PDGFRA,true
MPP5,true
BAG6,true
INCENP,true
ZFP3,true
H3F3B,true
GMFB,true
MGAT3,true
ATP8B2,true
MED28,true
SEPHS1,true
SPN,true
RNF169,true
TCF7L2,true
LINC00326,true
IDH1,true
SLC25A3,true
NES,true
ARX,true
ABHD3,true
LRRC34,true
SARDH,true
SEMA5B,true
SRPK2,true
FAM120A,true
NBPF12,true
PLEKHH2,true
FAM183A,true
FAM175B,true
CHD3,true
TTN,true
ARMC4,true
DAAM1,true
CD247,true
SUPT6H,true
CCDC183,true
PPOX,true
SNX11,true
CXorf58,true
OR4C16,true
MAML2,true
MGARP,true
ARR3,true
PLXNA2,true
ANKRD28,true
FAM86DP,true
NRXN3,true
NDUFS6,true
HTR2C,true
RP11-351J23.2,true
USP46,true
UST,true
DNAH10,true
TTBK1,true
CLTC,true
GTF2IRD2P1,true
NR5A2,true
MOB3A,true
KIF4B,true
VSIG10L,true
ARMC7,true
CHRNB4,true
IDH3B,true
LINC01342,true
NDN,true
PIEZO1,true
CPSF1,true
VAV3,true
SLAMF6,true
RGS16,true
NDP,true
SLC39A9,true
MCM3AP,true
ERVV-1,true
FOXE1,true
SIGLEC8,true
ACTN1,true
CP,true
ANKRD12,true
SH3GLB1,true
DPY19L1,true
KIF9,true
TSEN34,true
MAP3K4,true
NDST4,true
OTUD5,true
GAS2L2,true
TH,true
RXRA,true
STT3B,true
SPATA31D5P,true
RBFOX3,true
TRIM3,true
CLASRP,true
SCN7A,true
TAS2R1,true
RNF138,true
PDE4B,true
TMEM42,true
PLCD4,true
CAMTA1,true
RASSF2,true
ABHD13,true
NACC2,true
CDKL2,true
CACNA1H,true
CYP11B2,true
NR4A2,true
SFPQ,true
CDH20,true
FOXD4L3,true
FOXN3,true
PHRF1,true
ZEB2,true
IL2RB,true
COBL,true
PDLIM2,true
MFAP4,true
LGI2,true
MARCKS,true
TONSL,true
SNX3,true
C15orf57,true
CCDC27,true
BANK1,true
NOTCH1,true
IL16,true
TMEM38B,true
PCDHA5,true
EXTL3,true
SYNPO2L,true
TSPAN15,true
ACBD5,true
ACVR1B,true
CTB-134H23.3,true
RIT1,true
EXOC3L4,true
CRYGC,true
CA8,true
MYO6,true
HOXA10,true
PABPC1,true
TMEM8B,true
IGF1R,true
CBX8,true
ATF3,true
ATOH1,true
C11orf31,true
BTBD7,true
GALNT14,true
NKIRAS2,true
ARID4B,true
ECHDC2,true
SMAP1,true
CPNE7,true
UBL3,true
CEP120,true
LAMP2,true
ZPBP2,true
TAS2R14,true
RHPN1,true
C14orf37,true
PDE9A,true
LRRC4,true
SP8,true
MYBPC1,true
FAM178A,true
PI16,true
FPGT-TNNI3K,true
DLK1,true
SOX5,true
ALAS2,true
OR8J3,true
MOB3C,true
TBC1D3B,true
SLC13A5,true
PCDHB11,true
ST6GALNAC3,true
BMP5,true
AIM1L,true
ZNF281,true
DPYSL3,true
CNTNAP4,true
TRIM47,true
NANOGP1,true
EMC10,true
TNPO3,true
ZNF81,true
KRTCAP3,true
EFCAB5,true
ANKRD13C,true
RAPGEF2,true
BARHL1,true
RNF128,true
CNOT6,true
CACNA1S,true
KAL1,true
NCAM2,true
KRBA1,true
PKD1,true
RYR1,true
WFDC2,true
MLLT4,true
NAA35,true
TMEM87B,true
BAG5,true
HS3ST1,true
SPAG1,true
SHANK3,true
ADORA1,true
SLC24A1,true
ANK3,true
IQSEC2,true
UBE3C,true
KLF12,true
KRAS,true
TPRA1,true
FLYWCH1,true
CRYBA1,true
STARD13,true
TAZ,true
DCAF12L1,true
HMBOX1,true
TRAF3IP3,true
SLITRK4,true
LPO,true
MTERF3,true
FOXD4L1,true
C1orf189,true
ST18,true
SNORD3B-1,true
TMEM241,true
SLC26A4,true
RCOR2,true
MIIP,true
CYP4F30P,true
PDE4D,true
TMEM225,true
TBC1D3I,true
HDX,true
IRX4,true
PRKD3,true
RNF182,true
PCNT,true
ABTB2,true
PABPN1L,true
GOLGA6D,true
REPS2,true
PCDHB16,true
PTPRG,true
FAM83D,true
GRIK3,true
HMGA1,true
SPATA16,true
VCX,true
CITED1,true
IRX5,true
KRTAP19-2,true
EVX2,true
CGGBP1,true
FLNC,true
TTC30A,true
SWT1,true
MTRF1,true
CD74,true
CLDND2,true
FAM177B,true
SHBG,true
MCMDC2,true
FBXO43,true
IMPG1,true
EXTL2,true
C1orf61,true
MTAP,true
AMDHD2,true
AGAP5,true
AC008836.1,true
AKAP6,true
XIRP2,true
ICK,true
PTEN,true
PPM1L,true
AGAP7P,true
HOXA11,true
SH2D7,true
UBN1,true
CDCA3,true
MXRA5,true
RAB33A,true
PTPMT1,true
ATXN7L2,true
UBP1,true
RPS6KA2,true
IFT27,true
PLCXD2,true
KIRREL,true
TMEM175,true
MUM1,true
DNAAF2,true
KPNA4,true
GTF2B,true
WDR48,true
EPHB1,true
CICP14,true
ACVR2A,true
FAM169B,true
MCC,true
PES1,true
ADGRA3,true
CECR2,true
RBPJ,true
SORCS2,true
ZNF420,true
C2orf73,true
MSI1,true
NRG3,true
ANXA8,true
CCDC37,true
WDR77,true
DNM1P34,true
ARHGEF3,true
C15orf54,true
SENP1,true
SH2B1,true
PLEKHA7,true
RWDD4,true
ZNF615,true
ADGRG2,true
ACTR2,true
PTPRM,true
IFT122,true
LMO2,true
RC3H1,true
ABCC9,true
L3MBTL3,true
TREX2,true
PAX5,true
NBPF25P,true
GLTSCR1,true
ZNF789,true
POP1,true
SLC38A7,true
GPD2,true
C17orf96,true
TCHP,true
ALG9,true
ARSI,true
KRT17P5,true
HTR1A,true
CAMK2A,true
ASPN,true
CERKL,true
HNMT,true
IQGAP2,true
KIF18A,true
FAM83A,true
CYP3A7,true
FER1L4,true
AFF3,true
RP11-848G14.5,true
ALG1L2,true
TIPRL,true
TCAF2,true
PIM1,true
TTI1,true
STRN3,true
PLEKHG2,true
ALDH3A1,true
LRRC1,true
IGSF1,true
RBM5,true
INO80C,true
ZNF570,true
TSPAN9,true
SMYD3,true
MAP2,true
PALM2-AKAP2,true
ADGRA2,true
PTPRH,true
HPS6,true
NXT2,true
SAFB,true
KLHL31,true
ERC1,true
EIF4B,true
COL11A1,true
ARHGAP23,true
FAF2,true
PCDHA12,true
WDR33,true
ENAM,true
EVC2,true
P3H2,true
ADAR,true
SOX13,true
KAT6A,true
FAM187A,true
KCP,true
NUTM2B,true
DESI2,true
NAA50,true
PARM1,true
PLXNB1,true
RNF11,true
ICE1,true
NPR1,true
C3P1,true
MIR6859-1,true
PARG,true
SORCS3,true
ZNF629,true
RUNX1T1,true
AL022578.1,true
NPFFR1,true
LCN1,true
NHSL1,true
GUCY2D,true
CT47A6,true
HNRNPKP3,true
ZNF449,true
MCRS1,true
FLI1,true
ADGB,true
COASY,true
DOCK1,true
SCARB1,true
IMMT,true
WDFY4,true
SLC35B4,true
PIK3IP1,true
CACNA1I,true
ANP32D,true
SOCS4,true
POLL,true
RBM44,true
PTH2,true
PKIB,true
FMN1,true
KLHDC4,true
NIPBL,true
PARVB,true
EXOC6,true
MIOX,true
GPRC5C,true
ZNF559,true
CD47,true
HDAC4,true
LRP5,true
AC016629.3,true
SUPT4H1,true
CYP4Z1,true
RP11-115F18.1,true
ZNF611,true
TMEM263,true
PPIP5K1,true
PPWD1,true
SRPX2,true
SPIRE2,true
CCDC172,true
NSUN2,true
CCDC144A,true
SERPINE2,true
IRX6,true
SSPO,true
ITGAV,true
EPC1,true
XIST,true
UBE2D1,true
WNT9A,true
USP6,true
FAM105A,true
CYP26A1,true
ZCCHC11,true
ZMYND11,true
PLXNA1,true
LHFP,true
ZBTB11,true
PERP,true
KAZALD1,true
TSHZ2,true
PARP12,true
TRPC3,true
ILK,true
DEDD,true
SAMD4B,true
AGAP1,true
FMNL2,true
XXbac-BPG154L12.4,true
ERICH6,true
STAB1,true
HEXIM1,true
HUWE1,true
RBM25,true
LRRC16B,true
STK24,true
LILRA2,true
GRID1,true
CUL4B,true
TMCO3,true
LPAL2,true
NCAM1,true
PRIM2,true
TCF7L1,true
PCOLCE,true
C8orf46,true
GTF2IRD2B,true
SYCP2,true
ELAVL3,true
FAM65A,true
PAQR8,true
TOP1,true
OR10Z1,true
WSCD1,true
PCDH19,true
NR2C2,true
FAM78A,true
C16orf71,true
SLC26A7,true
PLEKHG1,true
NF2,true
IGFBP4,true
OTOG,true
ZFC3H1,true
ADGRF4,true
HCK,true
BVES,true
PHACTR1,true
PLCD1,true
PARP15,true
RGL3,true
UBN2,true
PCDHGA5,true
FAM110B,true
OR4A16,true
ZNF295-AS1,true
HSP90AB2P,true
SCN10A,true
PTDSS2,true
KCNQ1,true
PRICKLE1,true
TSKS,true
ADCK4,true
POLH,true
CAPZB,true
TGM5,true
ZNF22,true
VIPR2,true
HEATR5B,true
ATOH8,true
ZNF106,true
NT5DC4,true
FAM13B,true
LFNG,true
MAGEB16,true
TNFAIP8L1,true
PLEC,true
ZNF585B,true
OPRD1,true
GPATCH8,true
GDI1,true
ADGRF3,true
C11orf86,true
ABCG8,true
KIF14,true
OGDHL,true
TEX2,true
MTMR7,true
UBXN7,true
TXNIP,true
ZNF217,true
FSTL1,true
PKP4,true
JAKMIP2,true
C9orf163,true
RFX6,true
SPTAN1,true
RMDN1,true
CCDC51,true
ALPP,true
LRRC42,true
KDM2A,true
ZNF705A,true
RASGRP2,true
RADIL,true
TTC14,true
IL18,true
GJB7,true
MLLT1,true
INTS5,true
PLCD3,true
ANKRD7,true
CAMK1D,true
LRR1,true
PPAP2B,true
LRSAM1,true
BNC2,true
EPB41L5,true
COL6A3,true
AIM1,true
AC079610.1,true
RDH10,true
OPCML,true
DET1,true
VWA8,true
PSD4,true
NTRK2,true
CACNB2,true
NHLH2,true
C17orf97,true
AFAP1L2,true
GLIS2,true
SCAMP1,true
NDRG1,true
A4GALT,true
ARHGEF16,true
CRAT,true
ATR,true
CCDC141,true
SNED1,true
HYPM,true
DCUN1D1,true
UNC13A,true
NISCH,true
BCL7A,true
CAMK2N2,true
SETD5,true
HHIP,true
SUFU,true
FZD1,true
GAPVD1,true
DIEXF,true
RP11-87H9.2,true
CCL18,true
FOS,true
ZSWIM8,true
ARHGAP5,true
TNRC6A,true
COL9A2,true
SH3BP4,true
SLC17A4,true
ANLN,true
ZNF518B,true
TRIM13,true
Z97352.1,true
CFAP54,true
OTOF,true
XKR6,true
SALL3,true
SLC27A3,true
YARS2,true
CCDC184,true
ITGAE,true
VEGFA,true
CLIC5,true
TP53BP1,true
FILIP1,true
GRIPAP1,true
CNOT1,true
ABCC6,true
ZP4,true
CNTNAP3P2,true
C12orf5,true
NR0B1,true
STIM2,true
CCNI,true
LRRFIP2,true
RGL4,true
STIL,true
ZNF711,true
EMX2,true
PVRL1,true
UBE2D3,true
C9orf84,true
KIDINS220,true
PRKCB,true
DHRS7B,true
RP4-806M20.3,true
UNC13B,true
PROS1,true
OR10A7,true
BCL11B,true
OR2J1,true
AHR,true
CELSR3,true
SEC16A,true
C21orf91,true
TMEM63B,true
BIN3,true
AKT1,true
URB2,true
GMIP,true
MTX3,true
SCGB2B2,true
CLEC4G,true
NRP2,true
PSMA5,true
RNF219-AS1,true
PTPRE,true
ZNF736,true
CSH2,true
ANKS1B,true
CNGB1,true
SKIV2L2,true
ATP5E,true
DNM1P47,true
KIAA2018,true
DTX4,true
FOSB,true
SHQ1,true
OR1I1,true
KCNJ3,true
ZNF28,true
ZNF441,true
SCML2,true
SLC30A5,true
THOC3,true
AC023310.1,true
PLEKHG7,true
ZKSCAN1,true
PALMD,true
VCP,true
SMYD4,true
IGKV2D-24,true
PRAMEF19,true
FGF3,true
MAP3K5,true
ANAPC15,true
NRCAM,true
ST3GAL1,true
CSF1R,true
SPTY2D1,true
GAN,true
SLC2A14,true
SEC14L5,true
NRG1,true
PDE7B,true
ANO10,true
TSIX,true
SND1,true
ATG9A,true
DCN,true
PPFIA3,true
ZC3H12B,true
PTPRB,true
LBH,true
ACTA1,true
RP11-632K20.7,true
ATP6AP1L,true
TSPAN5,true
NAGK,true
SEPT10,true
SSTR3,true
MYOD1,true
ADAMTS12,true
MDH1B,true
AMBP,true
SLC25A17,true
HIPK2,true
EML5,true
ZNF487,true
NUP43,true
ZNF622,true
SMARCA4,true
SON,true
STARD5,true
GATAD2A,true
HECTD4,true
IRS4,true
NRK,true
NPHP3,true
LAMB1,true
NBPF10,true
DIP2C,true
COL6A1,true
DPPA2,true
RBMX,true
ADD3,true
CELF5,true
MAP3K19,true
IMPA1,true
GABRR1,true
SETD6,true
SETD2,true
UGT1A3,true
ALPK3,true
PPFIBP1,true
BIRC3,true
ADCY5,true
ASIC2,true
CGNL1,true
RAB11FIP5,true
TET3,true
NRXN2,true
SLA,true
CD276,true
MTHFSD,true
TLR2,true
NFAT5,true
ERCC8,true
NT5C1B,true
GRIN2A,true
DTNA,true
SLC12A1,true
ADGRF5,true
PJA1,true
SH3PXD2B,true
EPHA7,true
CCSER1,true
ARHGAP36,true
ADAMTS16,true
ARAP3,true
GGPS1,true
ITGBL1,true
FAM86B1,true
DMTN,true
KCND1,true
NOD1,true
CCDC158,true
CCAR2,true
RSRP1,true
SERBP1,true
RRN3P1,true
PLA2G16,true
SNRPD2,true
PSMC2,true
C2CD4A,true
C10orf126,true
H2AFY,true
ZNF506,true
FAM200B,true
FAM92A1,true
MYH7,true
ZNF579,true
METTL14,true
DENND6A,true
CACNB3,true
TAL1,true
OBSCN,true
RBCK1,true
CLOCK,true
AWAT2,true
ARID3C,true
ACLY,true
MAGI1,true
RIPK3,true
SLC45A1,true
PCDHB13,true
AFF2,true
NR1H4,true
FAM73B,true
TAF1L,true
GBP1,true
VWA1,true
SLMAP,true
RP11-219G17.4,true
POM121L2,true
EPAS1,true
BPGM,true
ATG5,true
RWDD1,true
MBD2,true
ZKSCAN4,true
CRIPT,true
ALDH18A1,true
PTPRK,true
TMEM95,true
CLDN2,true
PPM1H,true
NKAP,true
CD34,true
VEZF1,true
WDR72,true
RPS16,true
PQLC2,true
AMHR2,true
RGPD3,true
UBQLN1,true
HSPA14,true
C1orf198,true
AP000721.4,true
RGAG1,true
KMT2D,true
ITSN2,true
NAP1L3,true
CAND1,true
ARMCX4,true
PHLDA1,true
BMP2,true
TSNARE1,true
ANKRD32,true
IFITM10,true
RALGDS,true
C8G,true
MEIS2,true
KIAA1598,true
FAT2,true
SVEP1,true
SSR1,true
GRAMD1C,true
ZNF431,true
SGK1,true
PLEKHA3,true
ZFHX4,true
NKRF,true
COMMD7,true
ATG7,true
LCN12,true
ZKSCAN8,true
TBCE,true
NAA16,true
SAT2,true
CFP,true
CCK,true
TBKBP1,true
FAM53B,true
MPLKIP,true
ADGRG6,true
KIAA1551,true
TNFRSF17,true
KLHDC7A,true
RBM19,true
POM121L7,true
ZNF275,true
CUBN,true
LZTR1,true
SEC31B,true
ID1,true
MYO15A,true
ARHGAP31,true
RIPPLY3,true
NEFM,true
ZNF124,true
RPL14,true
ANKRD52,true
CD28,true
RBAK,true
CYLD,true
PIK3C3,true
NKD1,true
ZNF479,true
HAUS8,true
INTS8,true
ZNF419,true
APTX,true
LRRC74B,true
SREBF1,true
REST,true
NUP210P1,true
IL12A-AS1,true
BACH1,true
CATSPERG,true
INSL3,true
CYP4F12,true
ZKSCAN2,true
FBRSL1,true
BPHL,true
ZNF571,true
PLEKHG5,true
CYP2C18,true
SACS,true
ZNF189,true
AGGF1,true
RSL1D1,true
USP41,true
BBS10,true
MARCH10,true
IGLV1-36,true
XXbac-BPG32J3.20,true
HDHD3,true
SUPT5H,true
EPN1,true
WHSC1,true
KCND2,true
TMEM132E,true
PARP4,true
OR8B12,true
OCIAD2,true
SIRT7,true
FOXF2,true
SNAPC4,true
TRIP4,true
GPC1,true
LYSMD4,true
PIK3C2B,true
ZDHHC9,true
IGDCC4,true
TBC1D27,true
GOLGA6C,true
OR2D2,true
CFAP99,true
SETDB2,true
GOLGA6L10,true
FBN3,true
KANSL1,true
CARD6,true
TP73,true
MYH16,true
CENPF,true
ZNF460,true
EID1,true
EHD3,true
ISM2,true
HIST1H3J,true
PCDHGB1,true
C4orf45,true
ZDBF2,true
RP11-420N3.2,true
TUBGCP3,true
NR1I2,true
RLIM,true
MYT1L,true
LINC00869,true
DIS3L2,true
SH3BGR,true
LINC01410,true
PLCB1,true
KCNH7,true
SIRT3,true
UGT2A3,true
SPEN,true
OPLAH,true
FLRT1,true
SIK3,true
CDHR2,true
LUC7L3,true
SYNPR,true
ZNF222,true
RECK,true
RHOBTB1,true
MSL1,true
BLZF1,true
OCRL,true
MYO15B,true
EGFEM1P,true
TNFAIP3,true
CTDSP1,true
NCAPD2,true
PKN1,true
MRPL28,true
EFCAB14,true
C2orf44,true
APLF,true
H6PD,true
IHH,true
ZBTB20,true
MIR1270,true
KRTAP12-3,true
HNRNPA2B1,true
TNPO1,true
SLC6A19,true
VWA5A,true
VMP1,true
MAN2B1,true
VPS13B,true
KCTD6,true
UGT2B4,true
COL9A1,true
ABCD4,true
EBF2,true
RBP3,true
RFTN2,true
GPR158,true
NRIP1,true
SPDYE10P,true
HTR7,true
MTHFD1,true
CSNK1D,true
A2ML1,true
MLK4,true
VWA3A,true
FAM69B,true
DDX6,true
TAF9,true
MVP,true
TKTL2,true
WDR18,true
ZNF341,true
ZNF358,true
TM2D1,true
PODXL,true
RBAK-RBAKDN,true
NSL1,true
EMILIN2,true
POMGNT1,true
ATXN7,true
COX18,true
MAEL,true
CTB-133G6.1,true
SEH1L,true
KIF20B,true
H2AFJ,true
TMUB1,true
CARD14,true
AQP11,true
ZNF502,true
WDR17,true
YWHAB,true
PSME4,true
NAP1L1,true
INSIG1,true
SPATA18,true
CEP152,true
ZSCAN16,true
RLBP1,true
MEGF6,true
ELAVL2,true
OSGIN1,true
S100PBP,true
SLC2A6,true
ECE2,true
REEP5,true
BRINP3,true
USP39,true
DHX37,true
COL16A1,true
PDZD7,true
SEC61A2,true
GTF2IP1,true
DAAM2,true
SLC25A36,true
RNF180,true
GADD45GIP1,true
ZC3H4,true
CROCCP2,true
KLRD1,true
NOL11,true
DNAJC21,true
RBM39,true
BCL9L,true
OTOP1,true
LIFR,true
DLGAP4,true
IL10,true
CLCN1,true
UCP1,true
ATP10B,true
BORA,true
KDM5A,true
KMT2C,true
KLHL23,true
RP13-580B18.4,true
FRG2C,true
LRRC7,true
DFNB31,true
OPALIN,true
SIRT1,true
FASTKD5,true
TNR,true
SLC25A26,true
GPR22,true
DTL,true
CDH2,true
PDGFB,true
CSF2RB,true
FSCB,true
PCDHGA8,true
IGHV3-72,true
THBS2,true
C15orf40,true
SLC4A7,true
SP4,true
CTD-2201E18.3,true
SYNJ2,true
CWF19L2,true
HK1,true
TTLL10,true
INTS6,true
OR8G2P,true
SERPINB1,true
ZNF653,true
NFKB2,true
JUNB,true
SYNJ2BP,true
BRPF1,true
PCDH11X,true
IER3IP1,true
LARP4,true
TMEM257,true
PDK4,true
CDH11,true
CENPI,true
SH3BP5L,true
RIN1,true
RP11-364P22.2,true
KSR1,true
AJ271736.1,true
ATP2C2,true
CHD6,true
C19orf80,true
SCARB2,true
SEZ6L,true
TYSND1,true
SCNN1D,true
TIMP3,true
ULK2,true
FTMT,true
FAM217B,true
SH3KBP1,true
DNAJC27,true
DIAPH3,true
MAD2L1,true
TMEM189,true
ITGA10,true
GLRX3,true
LYN,true
KRT16P2,true
ERP44,true
FABP3,true
AKAP11,true
FMN2,true
RAD51C,true
RPS3AP34,true
TM4SF20,true
CHD9,true
SLC46A2,true
WWC3,true
RAP2B,true
SUPT7L,true
SLC10A3,true
CDC42BPG,true
KIAA1671,true
SOS2,true
SIRPA,true
KLC1,true
GOLGA6L3,true
ZNF767P,true
IGF2R,true
NBPF15,true
NAA60,true
ABCA1,true
ODC1,true
TBCEL,true
HCRTR2,true
GAK,true
ZRANB1,true
PAX4,true
KALRN,true
HES6,true
HOXA3,true
EIF5,true
PSTPIP1,true
CHD2,true
NGF,true
PPP1R2P1,true
NPIPB6,true
ACSS3,true
SDHAF3,true
IGHV4-55,true
MIR7-3HG,true
MRPL18,true
KCTD17,true
TGFBR3,true
BCL11A,true
WSB2,true
CRABP1,true
RNF151,true
GPLD1,true
ATP2B1,true
OFD1,true
ARID2,true
ANXA4,true
CEP162,true
HARS2,true
MOB1B,true
ORC3,true
RNF146,true
PHOX2B,true
NPAS2,true
ECT2L,true
GNRHR,true
VBP1,true
KCNC1,true
AC124312.1,true
IFI44L,true
TARDBP,true
CSNK1E,true
RP11-51L5.5,true
TENM3,true
PPARA,true
DIAPH1,true
PCNXL2,true
PMEPA1,true
ELFN1,true
CPED1,true
TSPYL5,true
GGA1,true
GDPD2,true
ADAMTSL4,true
RBMS1,true
PHF10,true
CLASP1,true
TLK2,true
NOVA1,true
SERTM1,true
HIVEP2,true
CNOT4,true
AMH,true
POTEM,true
ADAM10,true
EHMT2,true
LMNTD2,true
SPDYE4,true
PSAP,true
FAM196B,true
RGR,true
SCRIB,true
RAB6A,true
ENAH,true
PHGDH,true
NXF3,true
TMCC2,true
TCEAL7,true
UEVLD,true
LCE3B,true
CBLN4,true
ZNF569,true
SALL2,true
CALCOCO1,true
MAPK1IP1L,true
PRR13,true
NET1,true
METTL17,true
KIFC3,true
OTULIN,true
GFI1B,true
ADCY3,true
STK10,true
PIK3R6,true
PCDHA10,true
HAS2,true
MYH13,true
RSBN1,true
DHX40,true
ITPRIPL2,true
GREB1L,true
APCDD1,true
ATP13A3,true
RRP1B,true
RAB9A,true
FRMPD3,true
GOLGA6L9,true
FIGN,true
UTP11L,true
PCSK6,true
ZFP92,true
KCNE4,true
SSTR4,true
SLC3A1,true
ARHGEF9,true
FBXO42,true
SGK3,true
TCF3,true
MGAM,true
TBC1D3P5,true
NIT2,true
CAPN1,true
TEAD4,true
PTPN6,true
ZNF185,true
SLCO4C1,true
NPR3,true
C6orf89,true
FAM129C,true
TRMT10A,true
MAP3K3,true
SCN1A,true
TMBIM1,true
ADD1,true
CHRNA7,true
TAB2,true
STMN3,true
HECA,true
MIR6859-3,true
ANO1,true
RPLP0P2,true
GOLT1A,true
RRN3P2,true
FBXL18,true
CYB561,true
LRRN4,true
AP1S2,true
CENPT,true
OR2M2,true
TRAF2,true
TNFSF11,true
HOXC6,true
PLOD1,true
AMZ2P1,true
SPHKAP,true
HMGA2,true
NLRC5,true
SORCS1,true
MIR205HG,true
NEO1,true
IL17RA,true
PSD3,true
CENPQ,true
HEBP2,true
TBC1D20,true
MARCH7,true
PTTG1IP,true
ZNF8,true
ATP6V1E1,true
FRY,true
PLEKHD1,true
ATP6V1A,true
SLC25A11,true
RECQL,true
SRRT,true
GRIN2B,true
SMARCAD1,true
RAB34,true
ARHGAP4,true
WDFY3,true
CTSL,true
SOX8,true
CNTNAP3,true
PTPN5,true
PFKM,true
UTP14A,true
MECOM,true
PCNP,true
LRRC3B,true
KRT26,true
NHLH1,true
NIM1K,true
RASA1,true
NAA25,true
ABCC2,true
CELF2,true
RAB27A,true
DSCR3,true
MPP1,true
SMPD3,true
ZNF318,true
CPLX1,true
POLQ,true
HTATSF1,true
SERPINB13,true
SFXN2,true
LINC00299,true
GPR173,true
FAM50B,true
EVPL,true
PRKRA,true
ZBTB10,true
DPF3,true
SCAP,true
OR2T1,true
SMAP2,true
ORAI1,true
PTPRD,true
EDC3,true
CASZ1,true
NEUROD4,true
SAT1,true
SPATA2,true
ZNF462,true
RGAG4,true
FGF5,true
RSPO2,true
FAM27L,true
ETV6,true
DAPK1,true
DNAH9,true
C10orf71,true
WNK1,true
EPB41L1,true
MUC2,true
MLLT6,true
DHDDS,true
ARID3B,true
CNTNAP5,true
RDH5,true
USP44,true
ARHGAP6,true
NOP2,true
OLFM4,true
ZNF788,true
FXYD6P3,true
TNKS,true
MZF1,true
IFNK,true
APOB,true
TFAP2E,true
FBXO11,true
FRS3,true
MYO9B,true
SLC5A3,true
MSH4,true
DPF1,true
NBPF9,true
PLCE1,true
GTF2E1,true
ZNF791,true
SPOCK3,true
SLIT2,true
FUT9,true
ADAMTS3,true
USP32,true
NLRP5,true
EIF2A,true
KIF17,true
AIMP2,true
ZBTB9,true
OAS3,true
FOXP1,true
DSTYK,true
MORC4,true
SNX27,true
RCE1,true
MYO1G,true
OTOGL,true
SERTAD3,true
MSH6,true
GSTO2,true
EML1,true
PRSS1,true
LTA4H,true
MAGEA3,true
CBY1,true
HECW2,true
TUBGCP6,true
ZNF727,true
FLJ35934,true
STAT1,true
LRCOL1,true
U47924.6,true
RALGPS1,true
SMURF2,true
KIF13A,true
FUBP1,true
RAX2,true
RNF8,true
DNA2,true
KIAA1875,true
CDR1,true
HNRNPC,true
CLIC4,true
TCTN2,true
RP11-286H14.4,true
PIGK,true
DLGAP2,true
OR5R1,true
IDS,true
CSRNP1,true
RP1L1,true
NTF3,true
CENPC,true
USP30,true
KRT78,true
EDEM3,true
CREB5,true
RBBP8,true
LPGAT1,true
MPST,true
ABCB7,true
WBSCR17,true
BIRC6,true
EXOC2,true
GLI2,true
DNAJC8,true
EIF4G1,true
KEL,true
CIC,true
CDH19,true
SEMA4D,true
TRANK1,true
CENPL,true
MTA2,true
TDO2,true
CREBRF,true
GPS1,true
RABGGTA,true
STX8,true
RBM15,true
NCKAP5,true
RAET1E,true
ZNF716,true
SKIDA1,true
PRDM4,true
PHF2,true
HMX3,true
GNB1,true
ZNF707,true
RNF213,true
MTOR,true
TRIM49,true
GRIA4,true
CYP2B6,true
CHRM5,true
RASA4B,true
POGLUT1,true
AMOT,true
DOCK8,true
CATSPERB,true
NDUFAF3,true
FANCI,true
KLF3,true
RP11-404F10.2,true
ICE2,true
CNGA1,true
R3HDM1,true
RP11-813I20.2,true
SEC62,true
GPR52,true
RIF1,true
HLX,true
RASAL2,true
CAMSAP3,true
SZT2,true
LRRC37BP1,true
FAM120C,true
ITGB3,true
SMARCAL1,true
SPTA1,true
ART5,true
OR6C76,true
SNRNP200,true
PDXP,true
BZW2,true
MAP2K7,true
TRPT1,true
HEPACAM,true
KIF3B,true
USP42,true
PPFIA4,true
DCAF12L2,true
AC016757.3,true
SIMC1,true
CDC14A,true
SPTBN4,true
CD200R1,true
TMEM223,true
PZP,true
TDRD5,true
INPP5F,true
RP11-68E19.2,true
GRB14,true
ARMC5,true
REXO1L1P,true
SAMD5,true
ZNF608,true
FZR1,true
ATP1A2,true
LILRB1,true
GATSL2,true
INTS7,true
C1orf127,true
ELP3,true
CPXM1,true
SEMA6A,true
CASS4,true
DICER1,true
TCP1,true
CCNL1,true
DNAJB11,true
FAM47A,true
PAFAH1B1,true
PTCH1,true
TNKS2,true
C17orf59,true
ECM1,true
DCBLD2,true
HIST3H2A,true
CROCC,true
ELOVL6,true
EPN2,true
SLC4A5,true
MBD6,true
EVL,true
TMEM127,true
EVI5L,true
STC1,true
PDZD8,true
IRS1,true
CORO1C,true
ADAMTS5,true
CES2,true
BAZ2A,true
ART1,true
FAM133B,true
TXNDC15,true
MMRN1,true
ADAMTS9,true
PDCL2,true
CILP2,true
HOXA1,true
IARS,true
C19orf84,true
CD3E,true
SOSTDC1,true
GTF2F1,true
FRS2,true
PI4KAP2,true
HLA-DMA,true
PIAS3,true
DOCK3,true
DMXL1,true
PKHD1L1,true
LMO7,true
ARHGEF7,true
GABPB1,true
SYNE1,true
BASP1,true
GRM6,true
SKIV2L,true
SLC35E4,true
NPLOC4,true
ZC3H11A,true
CARS,true
NRD1,true
MED14,true
LGMN,true
KIF26B,true
LRRTM4,true
MTDH,true
ZDHHC11B,true
ALDH16A1,true
OR52A5,true
AGR2,true
MAP2K1,true
MAP4K2,true
GSE1,true
MYADM,true
CNTN4,true
GDF5,true
GLRX2,true
ZNF645,true
ARHGEF40,true
DCHS2,true
PLD6,true
PUM1,true
MYH1,true
PINLYP,true
TP53BP2,true
RPS2,true
ERBB2,true
SLC4A3,true
NFATC4,true
TBC1D7,true
RPP25,true
IGDCC3,true
IER2,true
GNG7,true
CCDC28B,true
ZNF550,true
COL22A1,true
ZNF827,true
GSC,true
FAM230B,true
OTUD3,true
RSU1,true
DPP4,true
FGFR3,true
LIMK2,true
HCFC1R1,true
COLCA2,true
RGS14,true
SOX10,true
LAMA1,true
APBB1,true
NSUN5,true
KRT4,true
GALNT9,true
ASXL1,true
PLS1,true
KHDRBS3,true
PNPT1,true
HDAC10,true
KHDC1,true
SLC12A7,true
IFNW1,true
CTPS2,true
CAAP1,true
TACR3,true
TCP11X2,true
MTPN,true
FGF6,true
FAM91A1,true
NDE1,true
DTX3L,true
PRR12,true
RNF26,true
FAM222A,true
RHBG,true
DPYS,true
POLD4,true
SLC12A5,true
SCT,true
HCN4,true
TRAPPC3L,true
GIGYF1,true
GPR153,true
SCARA3,true
HSD11B2,true
CHAF1A,true
TMEM132C,true
NRIP2,true
GREB1,true
CAPZA2,true
TOP1MT,true
PTGES,true
ZNF519,true
GAS2,true
DDX10,true
PRICKLE2,true
RAB5A,true
CDC42BPB,true
DACT2,true
MEOX1,true
WEE2,true
FAM27E2,true
GUSBP3,true
GFI1,true
PGC,true
CCDC101,true
TCF4,true
TP53TG3D,true
CPVL,true
TMEM115,true
SLC35D2,true
OR11A1,true
LTBP3,true
PSD,true
SMG1P3,true
GLT6D1,true
BAALC-AS2,true
ELL2,true
FKBPL,true
ERGIC1,true
ELAC1,true
ALMS1,true
ING5,true
LYSMD1,true
PERM1,true
RP11-262H14.4,true
ITSN1,true
LINC00200,true
TMEM185A,true
PTPRA,true
ARHGEF4,true
FAM205BP,true
OR5F1,true
LDHC,true
ADGRE5,true
NAT1,true
MAP4K4,true
KEAP1,true
ZNF675,true
NR3C2,true
MFN1,true
ARGLU1,true
LIPC,true
CATIP,true
TEX14,true
VPS4B,true
SETX,true
PRG4,true
AATF,true
TDGF1,true
PFKP,true
ZNF451,true
MAN1B1,true
RDX,true
ZNF219,true
CORO7,true
CYP3A43,true
CROCCP3,true
IGF2BP1,true
GLP1R,true
RELN,true
DSG2,true
PABPC1L2A,true
NFATC1,true
ATP13A2,true
DACT3,true
UBXN4,true
PGD,true
UBE2K,true
DIP2B,true
POLR3K,true
SDPR,true
PPME1,true
RP1-130H16.18,true
RNF133,true
ZMYM6,true
FOXC1,true
EFHC1,true
XPOT,true
DENND2A,true
ACADM,true
SEMA3F,true
STAU2,true
TMEM59L,true
TMC2,true
FAM127B,true
ZNF638,true
SCAMP2,true
OR6C1,true
IRF5,true
STXBP5,true
NEUROG3,true
PHF2P2,true
HCRTR1,true
SQLE,true
RIOK2,true
LTB4R,true
WNT5A,true
MAN2B2,true
NAA15,true
LRRTM1,true
CDH22,true
CNTN2,true
NR0B2,true
PAX6,true
PYROXD1,true
STX6,true
NCOA3,true
RAD23B,true
ETS1,true
TMEM164,true
SLC7A14,true
TMEM132D,true
KHNYN,true
PNISR,true
LRRIQ1,true
BLOC1S5,true
NPEPL1,true
AC007277.3,true
PELI2,true
VWF,true
INTS3,true
ALDH5A1,true
PDS5A,true
GCNT2,true
TNIP2,true
DCP1A,true
PSEN1,true
ELF1,true
EPN3,true
TFE3,true
RGS12,true
SELV,true
ZNF394,true
KCNAB1,true
GPRC5A,true
PRDM15,true
PSG8,true
DGKB,true
PARL,true
NOMO1,true
C1QTNF5,true
ACY3,true
RBM8A,true
CFAP47,true
CSAG1,true
DAGLA,true
DCHS1,true
CPEB2,true
MED6,true
ATG14,true
TMEM47,true
ERN2,true
COX7B,true
FBXL16,true
ARPC1A,true
GPER1,true
KISS1,true
LDLRAP1,true
TEFM,true
PTK6,true
ZNF143,true
NPIPB5,true
CPA6,true
ZNF814,true
ZDHHC6,true
LGALS12,true
ZNF292,true
CEP97,true
PSIP1,true
NPR2,true
FLT4,true
USP31,true
USP38,true
CTB-102L5.4,true
PDPR,true
RAB35,true
GSX2,true
FABP7,true
IRF1,true
MAZ,true
PPIEL,true
WBP11,true
RP11-578F21.6,true
TRIO,true
SLC7A13,true
NOMO3,true
ELAVL1,true
ZNF252P,true
LRFN5,true
GPC6,true
RHOBTB3,true
CXCR4,true
C11orf63,true
TUBA1B,true
FGD1,true
NUF2,true
RP11-231C14.4,true
MLXIPL,true
LRRTM3,true
CLPP,true
OBP2B,true
STAG3L3,true
RBM23,true
ESF1,true
LRRC66,true
PTPRS,true
SLITRK6,true
POLE3,true
SCNN1A,true
OSTF1,true
AP1G1,true
LINC01565,true
GLRA3,true
ZBTB18,true
VIL1,true
ZNF783,true
BNIP2,true
GTF2I,true
GOLGA8T,true
MDN1,true
ZNF321P,true
PPIB,true
CD93,true
ATP11C,true
MID1,true
IGHV3-21,true
TGOLN2,true
TPTE2,true
MAP3K7,true
FAM71C,true
SSR2,true
RGL1,true
ADCY8,true
RNF112,true
MEGF9,true
ZNF664,true
NR1H2,true
MRS2,true
CATSPER1,true
KIAA2022,true
SLC18A1,true
MCF2L,true
ZNF587,true
YPEL5,true
E2F6,true
ACP2,true
ADAM30,true
GLS2,true
SMG6,true
SIGLEC7,true
PRKCE,true
DEFB112,true
TAF1,true
OR10R2,true
KIF5B,true
INO80D,true
DMPK,true
PBRM1,true
NPTX2,true
POR,true
TRIM6-TRIM34,true
DYRK4,true
ZNF213,true
SIN3A,true
P4HB,true
CEP85L,true
HMCN2,true
PHF21A,true
PCDH20,true
ZNF541,true
RC3H2,true
NEDD4,true
AC005307.3,true
LRRC37A3,true
GPR63,true
NHLRC3,true
TARBP1,true
AP2A2,true
TOM1L1,true
C19orf57,true
RPS6KA6,true
MAP4,true
GTF3C1,true
LRRC41,true
LRRC16A,true
DNAJC6,true
TPR,true
