Gene,Thyroid
MYO1E,true
MIR133A2,true
PELO,true
RBKS,true
PPP4R4,true
IRS2,true
DNASE2,true
DNASE1L3,true
ADAM29,true
COLEC11,true
PRH1,true
TMSB4X,true
MOB4,true
SUGCT,true
KAT2A,true
MAGEC1,true
IL12RB2,true
HLA-B,true
ZNF239,true
CYP2C19,true
NIPSNAP3A,true
GEMIN2,true
GAS6,true
KIAA0319L,true
DCX,true
OR51T1,true
GAB1,true
LINC01098,true
ATIC,true
RNU6-354P,true
TPP2,true
LGI3,true
THBS4,true
NLRC4,true
SRGAP1,true
BECN1,true
IGSF9B,true
B4GALT2,true
GLP2R,true
GCSAM,true
HRCT1,true
KCNV2,true
POLE2,true
SULT1C4,true
BSPRY,true
TPO,true
MTSS1,true
SLC6A7,true
TAF7L,true
SLC44A1,true
SMARCD3,true
ATP2B4,true
PCDHA1,true
LTN1,true
BRAF,true
GABRB2,true
TECPR2,true
SMG1,true
STAM2,true
ZNF148,true
ZFP42,true
PI4KA,true
JAKMIP1,true
NDUFV1,true
POU5F1,true
ZNF48,true
PSMC4,true
CCRL2,true
RBM43,true
IGHD4-11,true
PTPRJ,true
AP3M1,true
PCSK9,true
TRMT10C,true
AGO2,true
HAUS7,true
GJA8,true
TGDS,true
RBBP8NL,true
OTX1,true
ZBTB39,true
ARHGEF39,true
PSG9,true
SLC29A1,true
EMBP1,true
JARID2,true
C2orf83,true
MYF5,true
TUBG1,true
XBP1,true
TSFM,true
PRPS2,true
TRPM5,true
CILP,true
TNRC6C,true
NEDD1,true
CAB39L,true
UBASH3A,true
GABBR1,true
GTPBP4,true
NUPL1,true
HRH4,true
PIK3CD,true
GFPT1,true
TYW5,true
DHX30,true
APBB3,true
VPS52,true
PRAMEF5,true
NYAP1,true
NUMA1,true
ADAL,true
PRRC2B,true
NHS,true
HOOK3,true
HMMR,true
CPE,true
ESYT1,true
UGT2B10,true
SLIT3,true
KIAA0355,true
ZNF813,true
SLC26A3,true
TRIM46,true
MSH3,true
SH2D4A,true
RBBP4,true
LIPK,true
APOL5,true
DLG5,true
RNASEH2C,true
NLRP8,true
MUC16,true
CCBL2,true
AURKC,true
CUL9,true
MSH5,true
ADAMTSL3,true
MUC5B,true
SAP30L,true
SPATA22,true
ARID4A,true
CFAP57,true
ARCN1,true
USP40,true
DHX36,true
COL4A2,true
LRRC4B,true
BRCC3,true
CAV2,true
MAML1,true
SOD2,true
PTPN3,true
IQUB,true
ZNF488,true
MMP12,true
TBK1,true
ZNF710,true
AMOTL2,true
PTCHD4,true
MFRP,true
CD163,true
SHPRH,true
SENP2,true
EIF4G2,true
XPO4,true
PECR,true
DCAF13,true
ZNF735,true
LDHAL6A,true
PCDHB5,true
PLXNB3,true
RTP1,true
KIF11,true
SI,true
DEGS2,true
COMMD3,true
GRIA2,true
PHIP,true
AC003958.2,true
SYNGR4,true
AASDH,true
NLRC3,true
GPN1,true
HYAL1,true
NDUFB10,true
CIR1,true
MTHFS,true
SPATS2,true
PSMA8,true
TSSK2,true
TGFBR2,true
PCDH11Y,true
ERBB4,true
EXOSC10,true
USP45,true
RPL5,true
PHLDB2,true
LTBP2,true
MEGF11,true
PRR34,true
RARRES2,true
ATP2C1,true
CHST8,true
MTMR10,true
COL6A6,true
CHST10,true
ADAMTSL2,true
CT47B1,true
IGJ,true
VPS13C,true
PAXBP1,true
ZNF525,true
EPS15L1,true
ATP6V1C1,true
CNTN1,true
DCC,true
IGSF9,true
KRT33B,true
IGFBP1,true
PTK2B,true
BOLL,true
GDPD1,true
SF3B1,true
CBFA2T3,true
ZNF93,true
M1AP,true
AKAP8,true
NCAPH2,true
EHBP1,true
C5orf42,true
UBR2,true
C15orf41,true
DNAH5,true
ATP8B3,true
NBPF1,true
TBL3,true
HIST1H4K,true
ANKIB1,true
GRM4,true
ANKRD36BP2,true
PSPH,true
ST5,true
C7,true
C9orf116,true
IFT88,true
APPL2,true
COL14A1,true
DLX4,true
DCAF16,true
SH3PXD2A,true
CLEC1B,true
TMX3,true
KLHDC2,true
CACTIN,true
ARRDC2,true
GNAS,true
PPP1R12B,true
WARS,true
ALOX12B,true
TP53,true
TPPP3,true
ZNF302,true
BRD8,true
SLAIN2,true
TRIM42,true
UTRN,true
DNAJC11,true
SCAF8,true
CCDC150,true
PAPD4,true
THOC2,true
TRPV3,true
ADGRL1,true
OR5D13,true
PYHIN1,true
LMTK3,true
HECTD1,true
HLA-DMB,true
PLXDC2,true
SLC5A1,true
AOC1,true
WDR66,true
KIAA0556,true
RXFP2,true
UBLCP1,true
NCKAP1L,true
FAM101A,true
RP11-25K21.6,true
GDF10,true
TRIM24,true
FGL1,true
CPS1,true
CYLC2,true
AASDHPPT,true
ZGPAT,true
CCDC80,true
LYRM5,true
UBE4B,true
CARD10,true
NPSR1,true
KCNIP2,true
ERBB3,true
XKR4,true
NIPA1,true
RP5-1063M23.2,true
PEG3,true
TRPM3,true
MKI67,true
CDKL5,true
ODF2,true
SYTL5,true
ERCC2,true
KLHL24,true
KCNQ5,true
RARB,true
UBE2F,true
CLVS1,true
FN3KRP,true
KANK2,true
LCE1C,true
TBC1D1,true
COG4,true
ANKRD30B,true
PXDNL,true
KIAA1279,true
ZNF577,true
CAPN6,true
ERCC3,true
NEK8,true
CCT5,true
ABL2,true
DBR1,true
RNY4P30,true
RPS6KC1,true
ADAMTS15,true
DNAH1,true
PIPSL,true
CATSPERD,true
CLCA1,true
KCNA7,true
F13B,true
SEC11A,true
SCPEP1,true
NTNG1,true
RTF1,true
KNSTRN,true
ZNF497,true
TAOK1,true
XRCC6BP1,true
GPRIN2,true
MX1,true
TRAFD1,true
ABLIM2,true
ZNF114,true
GRK1,true
ALOX5,true
PLSCR2,true
KRTAP4-2,true
ANK1,true
ENTHD2,true
SGCB,true
LILRB5,true
OR8B3,true
CSNK1G1,true
SNORD115-29,true
SLC29A4,true
CCDC62,true
TWF1,true
PSMD7,true
KRTAP5-6,true
PTGR2,true
TTF2,true
KCNH4,true
TYRO3,true
CD200R1L,true
WNT16,true
ADPGK,true
TECR,true
TBC1D25,true
SLC6A2,true
OR5H14,true
HIST1H2BF,true
ZNF714,true
DUSP5,true
SMPD4,true
NONO,true
AGPAT2,true
TRAV36DV7,true
OR2H1,true
CNTRL,true
AKR1D1,true
ADAMTS2,true
PNMAL2,true
GRID2,true
RPUSD1,true
IMPDH2,true
TTC8,true
SNAI2,true
KANK1,true
PGBD5,true
WDR62,true
MPDZ,true
LAMB4,true
MAP1A,true
STAT2,true
SCAND1,true
OR5I1,true
CPSF6,true
TAS2R43,true
DNAJC17,true
DNAH11,true
TNF,true
GJA1,true
CDKN2A,true
SPOCK2,true
MYO9A,true
MOB1A,true
GRHL3,true
RPL36AL,true
PPP2R5D,true
KDR,true
UCN,true
BTN2A3P,true
TBX5,true
KCNH5,true
MRPL42,true
ZFYVE26,true
LMLN,true
SMG8,true
PPARGC1A,true
MIB1,true
AP4E1,true
GNPDA1,true
SCN8A,true
C15orf52,true
ABCA9,true
MOBP,true
TLE3,true
TAS2R31,true
PRODH2,true
CSF3R,true
ESPN,true
RREB1,true
KLHL36,true
BRCA1,true
NUAK1,true
SNX9,true
MITF,true
CASP4,true
TFPI2,true
ICA1L,true
RLN1,true
RAB3GAP1,true
LGALS14,true
DNAH8,true
AJAP1,true
JADE3,true
CTR9,true
NSUN3,true
F10,true
PCK2,true
THBS3,true
RBM28,true
GALC,true
CCDC97,true
TBC1D8B,true
ADAM18,true
RAB6C,true
CLASP2,true
MYOM3,true
SPSB3,true
PLP1,true
SPG21,true
ZNF781,true
MOGAT3,true
RSPH4A,true
HMGB1,true
ARHGEF2,true
ZNF165,true
MEI1,true
OCIAD1,true
SLC39A7,true
LCA5,true
RBPMS,true
ZNF613,true
NAV3,true
SYNE2,true
MKL1,true
FAM83C,true
CRELD2,true
ZBTB8OS,true
MB21D1,true
WISP1,true
MRPL33,true
VNN2,true
CNRIP1,true
BPIFB6,true
SNX2,true
FRMPD4,true
ANKRD17,true
NAA11,true
ENPP1,true
ABLIM3,true
ADCK1,true
RYR2,true
RNH1,true
RER1,true
AQP9,true
TMEM132A,true
ERICH1,true
SLC7A4,true
ANKMY1,true
ACAD10,true
MYO18B,true
CA14,true
UPB1,true
LGSN,true
OGFOD2,true
UBQLN2,true
SHANK1,true
KLHL22,true
CAT,true
KCNN1,true
OR1E1,true
DNAL1,true
SIDT1,true
BRINP1,true
CAPN13,true
WHSC1L1,true
OSR2,true
PPT1,true
RNF19B,true
SEC24D,true
TTC3,true
RPGR,true
GIMAP5,true
GPR142,true
GOLIM4,true
USP2,true
ANKFY1,true
ZFP90,true
GPR132,true
MSH2,true
WDR49,true
LARS,true
CRYM,true
MANBAL,true
MESP1,true
CHMP7,true
JAKMIP3,true
F9,true
PPP2R3A,true
IGHV1OR21-1,true
TMLHE,true
GRK4,true
AC245033.1,true
ARC,true
NIPAL3,true
DUSP6,true
USP33,true
ZCCHC6,true
NME8,true
CEP295,true
TBX18,true
PGK1,true
IGHM,true
RGS1,true
EPB41L2,true
ADH1B,true
LETM1,true
ARHGEF15,true
L3MBTL4,true
ZNF607,true
HSPA8,true
SP3,true
TMEM176B,true
LINC01588,true
ZFYVE27,true
ERG,true
ZNF655,true
KCNH1,true
TEAD1,true
SOGA3,true
PKHD1,true
ZNF559-ZNF177,true
ITIH6,true
DDX51,true
HLA-DQB1,true
RP1-163M9.7,true
CYP19A1,true
GLTSCR1L,true
OR2J2,true
EIF2S2,true
PTBP2,true
PRAMEF17,true
SCEL,true
CKAP4,true
BTBD3,true
HNRNPA1,true
MBIP,true
DYNC2H1,true
PVRL4,true
ABT1,true
OR2L3,true
CDV3,true
CD101,true
OR5K4,true
DLG1,true
TBX15,true
PTH2R,true
RAB3GAP2,true
POU3F2,true
ZNF362,true
RFX2,true
FBF1,true
GJA9,true
TCAF1,true
SOS1,true
OR7A5,true
SORL1,true
FAM206A,true
C7orf33,true
SEL1L3,true
SHANK2,true
NPL,true
ZNF66,true
TRIOBP,true
EIF3G,true
STX4,true
CADPS,true
DHCR24,true
UPRT,true
FRMPD2B,true
ZNF507,true
SOX2,true
METRNL,true
CENPE,true
OGFR,true
VWA7,true
MAPK4,true
SLCO1B3,true
DISP1,true
ITIH4,true
C1orf53,true
THOC5,true
KIAA1614,true
CD96,true
PIGZ,true
HSD17B10,true
C3,true
PPP2R1A,true
UBA5,true
WDR34,true
HNRNPCP2,true
ITGA2,true
SBF2,true
AIFM3,true
DNAH17,true
PELP1,true
PEX5,true
ZNF37BP,true
PPL,true
OR51F1,true
TGFBRAP1,true
TSPYL1,true
ALG1,true
FAM214B,true
CASP6,true
CACNA1C,true
TAS2R20,true
PARP14,true
SLC9C1,true
HMCN1,true
TIMMDC1,true
AFMID,true
CD109,true
ZC3H13,true
ZNF536,true
ATP12A,true
FAM46D,true
MPPED1,true
LIMA1,true
NID1,true
KIAA0513,true
ANKRD13D,true
LLGL2,true
FPR2,true
IL7R,true
LOX,true
SPAG6,true
GALNT1,true
VTN,true
KRTAP6-2,true
TDGF1P3,true
EIF1AX,true
HEATR1,true
XRN1,true
DDX43,true
MTR,true
SEC23A,true
RAB39A,true
LRRC32,true
C16orf91,true
FMR1,true
TUBA8,true
NCAPG2,true
FGF14,true
OR4D10,true
MTMR12,true
STAT5A,true
CARHSP1,true
GOLGB1,true
FLVCR2,true
RIMBP2,true
FOXK2,true
LONRF1,true
PTPN13,true
LRP10,true
SRC,true
LONRF2,true
SGCZ,true
TPBG,true
ATP10D,true
MRPL39,true
CEP63,true
ADCK2,true
CEMIP,true
ALDH1L1,true
RERE,true
ANO3,true
PGR,true
MAGEA1,true
ZNF652,true
KIAA1467,true
ALDH1B1,true
PDHA2,true
PLSCR5,true
C1QTNF6,true
TCP11L2,true
TCN2,true
MAP3K1,true
SAMD7,true
MST1P2,true
CLIC2,true
SAFB2,true
ACOXL,true
TRIM6,true
NFRKB,true
GTDC1,true
WDR47,true
NECAB2,true
EDARADD,true
TMEM145,true
CBWD5,true
AHCYL1,true
USP17L18,true
MYO7B,true
IGHE,true
CIDEA,true
LBP,true
POLN,true
FGF13,true
DDX42,true
PUM2,true
SYTL4,true
NELFA,true
PLA2G4A,true
ULK4,true
NUCB2,true
POGZ,true
FNTB,true
CRHR1,true
FHL3,true
OR2AT4,true
B2M,true
TMCO5A,true
RTN4RL1,true
CDC7,true
ABCC4,true
PRCD,true
SLX4,true
CADPS2,true
MMP2,true
DTX1,true
PRPF8,true
POLI,true
ADAMTSL1,true
PIK3AP1,true
SLC52A3,true
BCKDK,true
ZMIZ1,true
ZWILCH,true
GPR75,true
FCF1,true
SPRR2A,true
BEND7,true
POLD3,true
PRDM16,true
MORF4L2,true
CNOT7,true
FUNDC2P2,true
R3HDM2,true
ADGRD1,true
EDRF1,true
C14orf178,true
SPATA33,true
SDCCAG8,true
NDUFAF6,true
KAAG1,true
WDR7,true
G6PC,true
ATP1A1,true
SULT1A1,true
BMS1P20,true
HINFP,true
MYH14,true
TLN2,true
ACER3,true
C9,true
PGM5P2,true
STK38,true
HERPUD2,true
NBR1,true
BIRC2,true
C2CD5,true
ST8SIA3,true
ZSCAN12,true
TLE4,true
ANGPTL1,true
SRSF11,true
SLC22A5,true
CLIP2,true
STAG3,true
DDN,true
NCAN,true
CSNK2A1,true
ISG20L2,true
CXXC4,true
AC126323.1,true
MAPK6,true
HNRNPUL2,true
SIGLEC12,true
ZNF354B,true
ANKS1A,true
CDK13,true
GPR139,true
MAGI3,true
STK25,true
ZNF223,true
SLC39A14,true
IK,true
LRRC8B,true
KXD1,true
CHAMP1,true
BEST3,true
UTP3,true
OR6C70,true
ZNF2,true
ZNF467,true
ALOXE3,true
CLUH,true
CDH4,true
CLCN3,true
WFDC3,true
CSPG4,true
LAMA4,true
ADAM2,true
SLC39A13,true
SPAG9,true
MYOF,true
CALM2,true
HIVEP3,true
KIF1C,true
H1FX,true
RUFY2,true
RPL22,true
BLM,true
MED12L,true
ZNF738,true
CNTNAP1,true
MADD,true
KIAA1586,true
RCOR3,true
GRIK1,true
NEK10,true
FAM217A,true
SPAG5,true
ADRA1A,true
STIM1,true
MUC6,true
SMEK1,true
EIF3B,true
TMEM260,true
RABGGTB,true
WNT7B,true
MED23,true
IL10RA,true
ZNF211,true
FSIP2,true
CC2D2B,true
PLEKHH3,true
ZNF766,true
RRP9,true
MEA1,true
BMP8B,true
NPAT,true
XRCC3,true
RFXAP,true
LHX4,true
HIST2H2BE,true
HIRIP3,true
DOCK5,true
SEC24B,true
PNCK,true
FAM133A,true
ICMT,true
BICC1,true
ZNF600,true
TMEM143,true
FUK,true
TNRC6B,true
OTOP2,true
HOOK1,true
SUCO,true
SEMA6B,true
TIAM2,true
FBXL12,true
SNX20,true
PI4KAP1,true
OGFOD1,true
PSG2,true
SPA17,true
NOTCH4,true
SLC1A6,true
URM1,true
SUPT20H,true
TRIM16,true
NRP1,true
TMTC4,true
CACNA1A,true
CTNND2,true
NEB,true
GJD3,true
PPP2R5A,true
GABRA2,true
ABL1,true
ELFN2,true
WNK2,true
HSD17B3,true
HOXC9,true
CSRNP3,true
FARSA,true
MBD1,true
TMPRSS15,true
OGFRL1,true
YY2,true
FRMPD1,true
CANX,true
GCC2,true
NOP56,true
TCP11L1,true
ABCF3,true
STK26,true
ADAM22,true
ZDHHC21,true
MCCD1,true
CCDC181,true
NFKBID,true
USP37,true
C8orf44,true
TOR1AIP2,true
ABHD17A,true
CRMP1,true
ABCC10,true
SAP130,true
SH3BGRL2,true
MPP4,true
COL4A6,true
CCNG2,true
ATXN1,true
GRM2,true
NPHP1,true
FAM92A1P2,true
MAGEB2,true
STAG2,true
C9orf50,true
DHX8,true
CCT8,true
ROCK1,true
CCDC110,true
DGCR14,true
TMEM19,true
PISD,true
DACH1,true
KCNA4,true
ING1,true
IFT81,true
INHBA,true
RPL23,true
DERL2,true
MPZL3,true
TBXA2R,true
KIAA1211,true
FAM83B,true
N4BP2L2,true
AL078621.1,true
ZFX,true
EMX1,true
SLC36A3,true
ADCY9,true
CCDC178,true
EVC,true
SERPINB4,true
FCHSD2,true
PCDHGB3,true
SLC2A1,true
PTK2,true
IRF2BP1,true
C1orf112,true
ZZEF1,true
GCAT,true
RAP1GAP,true
ZNF254,true
PLCG1,true
VNN1,true
GBP2,true
MT1M,true
SLC22A2,true
CHEK2,true
CAD,true
MMRN2,true
RAI1,true
CBX5,true
BFSP2,true
MTMR1,true
ATP6V1G2,true
ZNF286A,true
LPCAT2,true
CHST5,true
VAV2,true
SLC9A8,true
CCDC144CP,true
MDFI,true
ATP6V0A1,true
FAM19A5,true
TPTE2P1,true
MAGEB3,true
ACAP2,true
MLLT11,true
PIKFYVE,true
POLDIP3,true
PTPRT,true
PAN3,true
SLAIN1,true
AP2B1,true
TWIST1,true
CDH8,true
CCDC108,true
ESCO2,true
RNF216,true
C9orf47,true
ATRX,true
SNORA22,true
APC,true
MYO10,true
LVRN,true
CSMD2,true
CLIC6,true
TEP1,true
RPS6KB2,true
CMTR1,true
TBP,true
THOC1,true
ELF5,true
ARAP2,true
GLYCTK,true
ROPN1B,true
ADAM8,true
CNR2,true
BTBD6,true
GLIPR1L1,true
VWA9,true
LTF,true
NOS1,true
PCGF2,true
UGT2B15,true
GNPDA2,true
CNNM4,true
DGKA,true
CT45A10,true
CYP7A1,true
PPIC,true
ADO,true
CYP1A1,true
SGSM3,true
RALA,true
MALAT1,true
TMTC2,true
ELOVL7,true
ABCB5,true
GATAD1,true
CD209,true
SUCLG1,true
ST8SIA1,true
OR9I1,true
MYO3B,true
DYNC1I1,true
NLRP11,true
DNHD1,true
ITGB8,true
AL078471.5,true
PSME2,true
SNX29,true
CCNA2,true
SLC6A14,true
LRAT,true
HBS1L,true
CSMD1,true
SF3A1,true
ZFP82,true
ADGRG5,true
TCEAL5,true
ZNF567,true
CYB5R2,true
NBPF11,true
CHN1,true
RP11-347C12.1,true
BRIP1,true
INTS10,true
FAM179B,true
LTBP1,true
PF4,true
MT2A,true
DMBT1,true
GRINA,true
MROH2B,true
NDUFB4,true
CADM1,true
ITGA6,true
POLR1B,true
TLL2,true
ANKMY2,true
SNX19,true
HNF4A,true
TRPM8,true
CR1,true
UTP20,true
KCTD9,true
U2SURP,true
TECTA,true
CALCRL,true
RENBP,true
RBM4B,true
CCDC112,true
CRACR2A,true
FAM21C,true
RNF13,true
C15orf39,true
CEP192,true
INPP5K,true
EMILIN1,true
COL5A1,true
RIC1,true
XPO6,true
FAM135A,true
NPPA,true
CDKN3,true
CCDC38,true
PLD5,true
ITGA3,true
NACAP1,true
EIF2S1,true
ZNF74,true
UPF2,true
TBC1D9,true
MCMBP,true
HEXB,true
ARHGAP17,true
REG1B,true
RGPD4,true
SCP2,true
CRKL,true
PGLYRP3,true
INPP5D,true
CCDC6,true
ZNF568,true
NDOR1,true
IL11RA,true
DNAJA2,true
GATC,true
ATP2B2,true
IPMK,true
AIRE,true
OR7G3,true
DLG2,true
PUF60,true
AKR1C3,true
RASSF1,true
AMOTL1,true
CNOT11,true
EEF1A1,true
KIR3DL2,true
OR13F1,true
WDR3,true
PHF6,true
NFIX,true
TMC7,true
SMEK2,true
STEAP3,true
MFSD1,true
TRPM4,true
C1orf141,true
ANGPT2,true
DDX41,true
MED1,true
FSTL4,true
HSD3BP2,true
ADPRH,true
TAOK3,true
TRIM58,true
CACNB1,true
FOLR2,true
UBASH3B,true
TET1,true
KCNJ16,true
FLNA,true
AC061975.1,true
EPG5,true
KCNS2,true
DRC1,true
IL12B,true
MIR520B,true
UGP2,true
SCAPER,true
GRIA1,true
KLF7,true
PTN,true
GNL2,true
MGMT,true
LGALS3BP,true
CTNNB1,true
CTBP1,true
FMO2,true
INHBC,true
TMPRSS11A,true
ZNF343,true
CCDC88A,true
PCDHGA9,true
EIF3L,true
RBP1,true
ZNF346,true
FAM49A,true
HIST1H4B,true
TRMT10B,true
PDE4A,true
COL6A5,true
CNTF,true
MAGEA11,true
SLC6A11,true
ADGRV1,true
IFIT1B,true
FRMPD2,true
VTI1B,true
RASEF,true
ARHGAP28,true
NRAS,true
KRTAP4-12,true
PRRC2A,true
PLA2G4E,true
ATP5G3,true
PCDHGC4,true
BGN,true
SEC22C,true
MAP3K6,true
ANAPC11,true
ASAP2,true
CCDC42,true
ETV1,true
CARD9,true
IFFO1,true
FGFR2,true
STAG1,true
MMP21,true
TRIM36,true
NOL9,true
NOL8,true
GTF2H1,true
C12orf40,true
NUP205,true
FCAMR,true
RPL26L1,true
NCAPD3,true
VNN3,true
SKOR1,true
PC,true
ZBTB1,true
DDX18,true
FGG,true
RNU6-1266P,true
TBCCD1,true
OR4F4,true
MORN5,true
SLC3A2,true
MR1,true
OTUD6A,true
SLC6A10P,true
HP1BP3,true
LSR,true
MECP2,true
CBX2,true
OAZ1,true
MPP7,true
GRPEL2,true
TAS2R7,true
MARCH4,true
YME1L1,true
CACNA1E,true
C1R,true
EBF1,true
MSANTD3,true
ATMIN,true
SIM1,true
C10orf2,true
GTF2IRD1P1,true
GPRASP1,true
MUC4,true
CDH23,true
HCFC1,true
FAM114A1,true
MTERF1,true
CKAP2L,true
NPY5R,true
FOXD4L5,true
TESPA1,true
PLCB3,true
ILDR2,true
ZNF337,true
SULT2A1,true
FAM131C,true
TMEM8C,true
LSAMP,true
MYBL2,true
WDR89,true
WDR90,true
PLEKHF2,true
RERGL,true
DST,true
LYPD6,true
MEF2C,true
TG,true
RNMT,true
FAM83E,true
DOCK2,true
IL7,true
LNX1,true
FAHD2A,true
SERPINA1,true
OR1N1,true
ADGRG7,true
ZNF280C,true
DNAJB9,true
RMDN2,true
TUBB8P7,true
TRPC7,true
KLHL32,true
ATP7B,true
WDR76,true
pk,true
PHF3,true
RANBP3L,true
SLC9A2,true
GABBR2,true
RAB5C,true
ARSJ,true
FUNDC2,true
MDC1,true
C10orf90,true
FCN2,true
MSANTD2,true
ZNF678,true
ADAMTS19,true
SPANXB1,true
MCM10,true
MARK3,true
SEMA3A,true
IGFBP5,true
RP11-423H2.1,true
CFAP43,true
MAP2K3,true
HIST1H4G,true
ITPRIP,true
CNIH2,true
PHLPP1,true
PCSK7,true
SRRM2,true
MRGPRX4,true
GYS2,true
RICTOR,true
ZNF705D,true
SBF1,true
MSL3,true
TCERG1,true
CHRM3,true
CASP8AP2,true
ITGA2B,true
HMGXB4,true
DTYMK,true
MACF1,true
ZNF619,true
RBL1,true
INSRR,true
SLC19A2,true
PLG,true
EPX,true
SNRNP48,true
CCDC54,true
PCDH15,true
KIAA0100,true
BCL6,true
CACNA1G,true
IRX2,true
XPO5,true
LIPJ,true
ZNF528,true
CCDC30,true
MOV10,true
CYP24A1,true
ZNF852,true
TMEM189-UBE2V1,true
RAD51AP2,true
CPT1A,true
NUP88,true
TTC21A,true
TMEM246,true
CACNA2D4,true
SLC5A8,true
C9orf135,true
CD40LG,true
LIMS1,true
APPL1,true
KIAA0391,true
PDIK1L,true
DUSP27,true
BRIX1,true
RNF139,true
GPR18,true
LYAR,true
DAW1,true
ADAM21P1,true
NFE2L3,true
PEX10,true
KBTBD7,true
PRLHR,true
FARSB,true
ERI1,true
SLC4A4,true
PRKCA,true
ZNF225,true
RRP12,true
NDUFAF4,true
DUT,true
CLRN3,true
SLC7A11,true
EIF1,true
YTHDC1,true
AUTS2,true
C2orf16,true
TIMELESS,true
ASPRV1,true
SOHLH1,true
SECISBP2,true
SAMD14,true
ZNF554,true
KRTAP3-3,true
DSE,true
TOR3A,true
ATP6V1B1,true
IARS2,true
TTLL4,true
PHF14,true
RP11-337C18.8,true
CLCA4,true
ADIPOR1,true
TRIP12,true
TBC1D10C,true
DDI2,true
KDELR3,true
MAPK8IP2,true
MAK,true
THBS1,true
ADRA2B,true
NTRK3,true
TIPIN,true
PRAMEF15,true
RALBP1,true
OR7C2,true
RIPK2,true
IQCG,true
ENGASE,true
TSC22D1,true
TOP2B,true
KBTBD6,true
BMPER,true
ZNF589,true
SCCPDH,true
KIF1A,true
CTCF,true
ZNF658,true
HNRNPR,true
GABRE,true
CEP41,true
DEGS1,true
SMCP,true
TRMT1,true
TRDV3,true
PLK2,true
C11orf57,true
IL18R1,true
HLA-DPB1,true
KRTAP4-6,true
RP11-645C24.5,true
CCDC132,true
LRRC30,true
ITGB1,true
SPATA31A3,true
PPP4R2,true
DPP8,true
ADARB2,true
CPD,true
ANKRD24,true
RANBP10,true
DNM3,true
CTAGE11P,true
UPF3B,true
ICAM1,true
CYP2D7,true
POLR2B,true
NPHS2,true
TMEM101,true
SLC41A3,true
CTSO,true
TMEM171,true
CT62,true
CLHC1,true
MAP7D2,true
SLITRK1,true
PPP2R5C,true
ANK2,true
GPR35,true
SLC9A3R1,true
VN1R1,true
TAF1B,true
KCNC2,true
WDR35,true
MMP17,true
NBPF14,true
SIAE,true
KCNG2,true
BHLHE40,true
RPTOR,true
CLCN5,true
IREB2,true
C1orf101,true
MORF4L1,true
ZNF503,true
SPZ1,true
ARMCX5,true
ERLEC1,true
ASIC4,true
CNGA4,true
ENPEP,true
CWH43,true
GPR87,true
AQP4,true
CDK5RAP2,true
ARSA,true
KCNMA1,true
FAM60A,true
BTBD8,true
SH3RF1,true
KPNA2,true
PIDD1,true
ZNF518A,true
TTLL5,true
JRKL,true
RAD23A,true
TOB1,true
SPDYA,true
TUBB4A,true
NPC1L1,true
ZBTB2,true
MTFR1L,true
SNRNP35,true
KBTBD8,true
FRAS1,true
VPS13D,true
ZNF235,true
ADAMTS8,true
RAC2,true
RBMX2,true
CDH3,true
INTS9,true
CCDC68,true
DMC1,true
SLC8A3,true
RANBP2,true
SPON2,true
HSPA4,true
FBXL20,true
ZBTB26,true
HIST1H4L,true
PRCP,true
POLR1A,true
PPP1R3A,true
ACTB,true
ESR1,true
ARHGAP26,true
CASQ2,true
RFX5,true
TSNAXIP1,true
DCLRE1C,true
PIH1D2,true
OR8D1,true
NPHS1,true
NFXL1,true
VDAC3,true
EIF2B2,true
SLC31A2,true
CPT1C,true
POLA1,true
ANO7,true
PRSS21,true
AACS,true
ZNF142,true
ARID5A,true
ZFAND3,true
GLE1,true
ZCCHC10,true
GZF1,true
TMEM62,true
CDH15,true
UNC5D,true
SP140L,true
PLAC8,true
PLXNA3,true
UGT2A1,true
RARA,true
HS2ST1,true
ZNF384,true
SOBP,true
RPGRIP1,true
NUDCD3,true
LY9,true
GPC5,true
MN1,true
KIAA1468,true
SMPDL3B,true
ANKRD26,true
RBM12,true
PCDHGA2,true
LYST,true
KRT9,true
SLC9A1,true
DSCAM,true
KIAA0101,true
CDC27,true
ARHGEF17,true
PARP9,true
MTMR11,true
FER1L6,true
IFNGR1,true
SLC17A7,true
ESYT2,true
ATP11A,true
FMO3,true
TTLL3,true
BOC,true
YLPM1,true
NEUROD6,true
DYSF,true
ATP6V0B,true
UBE2U,true
CD6,true
ITGAX,true
ENPP5,true
PPEF1,true
LGR4,true
KDM3B,true
PXK,true
COL4A4,true
ABCA4,true
PDX1,true
NPC1,true
USP54,true
MKRN1,true
YES1,true
CCDC171,true
STEAP2,true
COL4A1,true
SNRNP40,true
NEU2,true
ZNF683,true
KPNA1,true
OSBP,true
THADA,true
CEACAM8,true
ALS2CR12,true
ARRDC5,true
HELZ2,true
CREB1,true
GIN1,true
CDHR1,true
EHD1,true
CCDC67,true
TTPA,true
ARFGEF3,true
GPR152,true
PASD1,true
TLK1,true
PHF7,true
PLA2G3,true
TNS2,true
EIF3D,true
NAA20,true
ARMC8,true
DYNC1H1,true
KDM2B,true
CSF2,true
IGFN1,true
PDK3,true
HILPDA,true
DDX1,true
OR51M1,true
GAD2,true
ANKRD36,true
LTB4R2,true
ZFHX3,true
IRAK4,true
SAMD3,true
PRUNE2,true
CASKIN2,true
POTEH,true
PRPF38B,true
FLAD1,true
ITCH,true
C11orf88,true
CD180,true
ATAD2,true
FGFR1,true
SLN,true
KCNK1,true
IP6K2,true
YWHAE,true
CHD5,true
SUV420H1,true
HMOX2,true
CEP126,true
CEP83,true
FTHL17,true
HIGD1A,true
FHOD3,true
ZNF345,true
HSPA5,true
UACA,true
SDC2,true
TRIM15,true
FFAR2,true
WDPCP,true
COL20A1,true
ZAN,true
SEC61G,true
MSR1,true
ITGA7,true
ITPR1,true
CBX6,true
SCN5A,true
ALPK1,true
LRRC55,true
GALNT13,true
OLFM1,true
ZNF540,true
RAPGEF1,true
OVGP1,true
C11orf87,true
ADAMTS6,true
ACAD11,true
OR14C36,true
RABL6,true
KIAA2026,true
AP3B1,true
PLEKHM2,true
ANKAR,true
SNTA1,true
R3HCC1L,true
WDR45B,true
OAS2,true
NMD3,true
HPS1,true
PRIMPOL,true
TMEM181,true
RARS2,true
PCDHGA1,true
FAM131B,true
THAP7,true
BTN2A1,true
TRAF6,true
TEX29,true
MICALCL,true
MGA,true
LRRC3,true
ZNF260,true
MATR3,true
ZFYVE16,true
XYLB,true
ZNF100,true
PITPNA,true
PAXIP1,true
NCR1,true
RSF1,true
FASTKD1,true
SMC4,true
SELENBP1,true
C6,true
CMYA5,true
SSTR2,true
SRGAP3,true
ANKRD37,true
PPP1R21,true
GIMAP8,true
ZNF724P,true
HP,true
RPL22L1,true
SLC2A2,true
Y_RNA,true
B3GALT5,true
TLR3,true
LRRC17,true
FECH,true
CASK,true
HDAC5,true
CCNE1,true
TMEM214,true
CUEDC1,true
ZFP36L2,true
ARSH,true
MAGED2,true
NKX2-1,true
KAZN,true
SPG11,true
TUSC5,true
HCN3,true
TRGV4,true
PYCARD,true
TRAK1,true
NDUFA6,true
PARP10,true
CDK5,true
LENG9,true
TRNAU1AP,true
RAB3IP,true
ZBTB40,true
FBLN1,true
C9orf43,true
C11orf70,true
SLCO6A1,true
TYMP,true
TMC1,true
CBR1,true
SUV420H2,true
POU2F3,true
STARD8,true
LCN15,true
DHX32,true
PHKA2,true
ZNF438,true
GPBP1,true
AKAP13,true
IFRD1,true
RPE,true
EIF2AK3,true
BTF3,true
ARFIP1,true
PDE1C,true
HNF4G,true
SLC44A2,true
RSPO3,true
GABRR2,true
TUT1,true
LIG1,true
LAMA5,true
FCHSD1,true
KIAA1755,true
FGD5,true
RUNX2,true
ARHGEF10,true
FN1,true
ACAN,true
PRC1,true
FAM161A,true
OCLN,true
C2orf15,true
GPR101,true
AP5Z1,true
ARSF,true
TNXB,true
HCN1,true
AGO1,true
GLCE,true
OR4D11,true
TRAPPC9,true
MYOZ2,true
SPR,true
ANKRD30A,true
THSD1,true
SLC4A8,true
CCDC73,true
PRB2,true
PTPRR,true
PPRC1,true
HDGFRP2,true
KIR3DL1,true
PDE1A,true
NRROS,true
IBSP,true
DHX16,true
IFNL3,true
RCAN1,true
WDR54,true
MEX3A,true
HAUS6,true
RSBN1L,true
OR4N2,true
CYB5R4,true
IDI1,true
KIAA0141,true
ST6GALNAC2,true
ZMYND12,true
FAM47C,true
ANO6,true
USP26,true
PVRL3,true
KIAA0895L,true
ADGRA1,true
PPP1R1C,true
HRAS,true
SLC47A1,true
HCST,true
ZNF646,true
PGBD2,true
LY75-CD302,true
OR4A47,true
TXNRD2,true
TRAPPC11,true
BAD,true
RPP30,true
CNTLN,true
SIRPB1,true
CCDC180,true
EMILIN3,true
SYNPO2,true
HERC5,true
TNFRSF10C,true
TBCC,true
MCM4,true
APCS,true
HSF5,true
ADK,true
ST6GALNAC1,true
ABAT,true
RAB39B,true
SLC39A12,true
GALNT16,true
IGHG1,true
FAM98C,true
ARHGAP15,true
RBM17,true
MINK1,true
IL4,true
RGS21,true
SLC22A1,true
ZNF169,true
C4A,true
ERMARD,true
FAM13A,true
EXD1,true
EIF2S3,true
ZP3,true
EGFLAM,true
LDHA,true
FLVCR1,true
ACSM5,true
HHIPL2,true
HID1,true
OTX2,true
AGPS,true
PTPN22,true
SLC15A2,true
RHOT1,true
RBSN,true
CXCL3,true
SCAF11,true
SLC45A4,true
CALHM2,true
ORM1,true
MTMR8,true
ME1,true
ZNF182,true
IL23R,true
TRRAP,true
GLUD1,true
NALCN,true
PDE3A,true
MMP13,true
DEFB119,true
SLC22A23,true
EHHADH,true
HAAO,true
HS3ST4,true
MRPS31,true
FAM73A,true
SRPR,true
GIT1,true
GRIA3,true
FAM129B,true
PLA2G2D,true
GNG12,true
PTPRC,true
PSMA2,true
WDHD1,true
DYNLL1,true
SRSF5,true
SMARCA1,true
DAB1,true
KATNAL2,true
SH3BP5,true
SRSF6,true
TTC12,true
CYP1A2,true
DOPEY1,true
SYNJ1,true
RAPGEFL1,true
RP11-262D11.2,true
PPP6C,true
CEP290,true
PRKAA2,true
KRT28,true
NLGN1,true
RP11-35N6.1,true
NUDT12,true
TRIML1,true
EPB41L3,true
SLC25A4,true
CRY1,true
FAM72C,true
IL1RAPL2,true
PREX1,true
CYP4F2,true
C6orf203,true
SDHAP1,true
CHGB,true
KRTAP8-1,true
IGFBP7,true
USP5,true
IDO2,true
CFAP45,true
PTCHD3,true
SLC1A2,true
ZBED9,true
PLA1A,true
RAB11FIP1,true
OR52A1,true
ZNF385D,true
GPSM3,true
WT1,true
DHH,true
TOMM40,true
PIEZO2,true
PRM2,true
PENK,true
TNFRSF1A,true
CASKIN1,true
SNX16,true
CCDC105,true
APOBR,true
SH3GL2,true
C18orf54,true
NUDT8,true
DNALI1,true
C14orf93,true
CCDC60,true
MAP1LC3B,true
TIMM22,true
NTNG2,true
MRPS16,true
CCDC65,true
ATP8B1,true
IFIT3,true
DNAJC3,true
SMG7,true
SPATA31A1,true
IYD,true
SPRED2,true
KANSL2,true
LARGE,true
APOBEC2,true
ARHGAP27,true
GALNT5,true
ZFP36,true
CEP95,true
GOT1L1,true
PPP1R9A,true
VANGL1,true
GUCY1A3,true
SEPT9,true
STON1-GTF2A1L,true
PPP1R13B,true
FNDC7,true
NWD1,true
NOL4,true
EQTN,true
ELMO1,true
CES5A,true
ZMYM3,true
THSD7A,true
TRIM7,true
ANGPTL2,true
KIF21B,true
CDH9,true
TUBB6,true
TRIM39,true
PRDX5,true
BCAR3,true
ZNF10,true
STAB2,true
RAG1,true
NAA30,true
FKBP14,true
ADCY10,true
AKNAD1,true
FOXG1,true
GPR149,true
ARMCX2,true
DMP1,true
FAM3C,true
CNTN5,true
KIAA1462,true
CHCHD7,true
PDS5B,true
SNX7,true
MRGPRX1,true
ZNF426,true
PITPNM3,true
INPPL1,true
C21orf2,true
SUPT20HL1,true
LCT,true
TMEM67,true
HDLBP,true
EGFL8,true
ZBTB38,true
STAG3L4,true
HAUS3,true
TNKS1BP1,true
CEP250,true
MROH6,true
CDCP1,true
PARPBP,true
ASPSCR1,true
ZNF746,true
SF3B3,true
KMT2E,true
GLIS3,true
SMUG1,true
CFTR,true
FAM207A,true
SPTSSA,true
DCDC2,true
VLDLR,true
TRIM14,true
PHF12,true
DLC1,true
LONRF3,true
FZD8,true
ECEL1,true
COL10A1,true
PURA,true
EIF4ENIF1,true
ZNF641,true
PKN2,true
HPDL,true
CRISPLD2,true
PLCB4,true
CLCNKA,true
OSBPL6,true
ADGRE3,true
FAM135B,true
APBA1,true
ZMIZ2,true
KIAA0825,true
MYO16,true
RTTN,true
RXFP1,true
PDZRN4,true
DHX38,true
IGHV1-46,true
FGD3,true
ZNF835,true
HYPK,true
AZIN2,true
KCNJ10,true
CYP2C9,true
TSSK4,true
RBFOX2,true
RGN,true
LIPE,true
CHRNA2,true
CCDC50,true
DNM2,true
APOBEC3F,true
AGAP6,true
RANGAP1,true
GOLGA8B,true
GPR151,true
RSPH10B,true
WNT3A,true
RASSF8,true
FEZ1,true
OR6C75,true
OR5B2,true
GNB2L1,true
ECSIT,true
CCNT1,true
RAD54B,true
ZNF669,true
CRYL1,true
CYP17A1,true
KIR2DL4,true
AAMP,true
CIAO1,true
ROS1,true
HTRA2,true
MOS,true
OR51G1,true
ZNF224,true
CSNK2B-LY6G5B--991,true
ECT2,true
NID2,true
PTGER3,true
CSRP2BP,true
TSC2,true
TMCO4,true
SLC22A6,true
ACADL,true
GOSR1,true
VSIG2,true
LRP1B,true
OR4A5,true
RFPL1,true
MPHOSPH8,true
RIMS3,true
SH3TC1,true
SLC39A4,true
TCEAL6,true
TBX3,true
HTR3C,true
TENM2,true
CLCN6,true
GSG1,true
MAP1S,true
BAZ2B,true
PRKACB,true
NLRP4,true
CUL1,true
TMEM38A,true
SPOCD1,true
DENND4C,true
F2,true
GFM1,true
METTL2A,true
TMCO6,true
FUT4,true
MPZL1,true
CUL3,true
KLF6,true
PGAP2,true
HIP1R,true
TNNT3,true
GARNL3,true
HCAR3,true
ESRP2,true
SLCO2A1,true
MIER2,true
SORBS2,true
FUBP3,true
CD2AP,true
TTC30B,true
DUSP19,true
HERC1,true
RAPGEF3,true
NYAP2,true
IRAK3,true
TSPAN8,true
MAGI2,true
SCN3A,true
RTN4RL2,true
ZNF30,true
PABPC3,true
WAPAL,true
STRA6,true
PPAPDC2,true
BAG2,true
HJURP,true
API5,true
FAM76B,true
EIF4EBP2,true
BCORL1,true
KHDRBS2,true
FBXO9,true
MPDU1,true
COPE,true
OR4K5,true
TCEAL3,true
PSMA6,true
DDX58,true
HOXC13,true
CFLAR,true
TRAIP,true
PPM1B,true
SEMA3B,true
RIMS1,true
BBX,true
ENPP6,true
PDIA3,true
LRP6,true
LMNA,true
NIPA2,true
ZBBX,true
ZNF7,true
ALG10B,true
TRMT6,true
GGCT,true
SIGLEC10,true
CHD1,true
EBAG9,true
FAM111A,true
NIN,true
CCDC39,true
RNF148,true
HCFC2,true
ITGA4,true
DYX1C1,true
TRPA1,true
CNGA3,true
FAM63B,true
ZSCAN29,true
USP48,true
OR11H6,true
ARHGEF38,true
PLIN4,true
AADACL2,true
MMP7,true
THPO,true
NBEA,true
ZC3H14,true
ALS2CR11,true
TPTE,true
OTOA,true
ESYT3,true
ANGPTL4,true
SNHG11,true
SPAG17,true
KRT36,true
VDAC1,true
NF1,true
RYR3,true
MYH11,true
KCTD7,true
OR4K2,true
MIA3,true
ATP10A,true
UGT1A4,true
MARCH6,true
SNAP47,true
EDDM3B,true
TAAR5,true
CDYL2,true
SLC13A1,true
TBC1D31,true
LCOR,true
ANO5,true
LATS1,true
DMXL2,true
IFIT2,true
PCDHGA3,true
PNOC,true
SOGA1,true
RP11-169L17.5,true
ZNF407,true
SNAPC1,true
ZNF284,true
FAM122B,true
ARL6,true
ALDH1A2,true
MGAT4A,true
TMEM54,true
DPYD,true
ZNF233,true
RFX3,true
RP11-434D2.7,true
ZNF596,true
MESDC2,true
ZXDC,true
C1QL4,true
GALNT7,true
TPM2,true
LRIG1,true
TNFRSF9,true
SULT1B1,true
PLXND1,true
HPD,true
NGFRAP1,true
PDCD10,true
UQCRB,true
FAAH,true
USH1C,true
C9orf106,true
CDK19,true
RSPH14,true
SIPA1L2,true
GLA,true
PGAP1,true
MYO3A,true
SPDYE3,true
GCNT4,true
TBC1D14,true
PMP2,true
HSPD1,true
BCL2L14,true
TM9SF4,true
PIWIL3,true
SIRT4,true
OXGR1,true
DYNC2LI1,true
GLCCI1,true
OR2B3,true
FAM98A,true
DZIP3,true
ABHD6,true
CLEC3A,true
ALDOB,true
CCDC88B,true
ADGRL2,true
UBE2O,true
NOLC1,true
UGT2B7,true
DVL3,true
OXER1,true
HELQ,true
TMEFF1,true
TVP23A,true
HSPG2,true
FCGBP,true
CMTM2,true
STX17,true
COL2A1,true
CACUL1,true
ZNF236,true
FAT4,true
REP15,true
GSTCD,true
EED,true
C12orf71,true
TNFRSF19,true
CTSW,true
OR5L1,true
ZNF687,true
VSTM4,true
TSC22D2,true
NUDT9,true
SVILP1,true
TRIM26,true
ANKRD19P,true
DNAJC5G,true
SH2D2A,true
ZNF688,true
AHRR,true
PLEKHA4,true
CYB5RL,true
TSR2,true
KCNH8,true
OGT,true
HIST1H2BD,true
CPSF3L,true
GINS3,true
GADD45B,true
PDZK1,true
ATP1B4,true
ATP2B3,true
TTC16,true
ERVW-1,true
F8,true
ATP11B,true
SLC5A2,true
ZNF560,true
CALD1,true
QPRT,true
USP17L2,true
BRDT,true
SREK1,true
DDR2,true
SLC6A16,true
DUOX1,true
SLC25A45,true
CD46,true
ZIC1,true
CNBD2,true
IRGC,true
TGM6,true
RGS18,true
TMCC1,true
BTBD16,true
CDH10,true
DNAH3,true
PCSK5,true
EFNB1,true
ZCCHC5,true
RNF165,true
LGR5,true
TRBV19,true
CASP8,true
MOSPD2,true
ANGPTL7,true
AKAP7,true
SH3GL3,true
RPAIN,true
AGA,true
APPBP2,true
KRT222,true
HIST1H2AH,true
C12orf50,true
FFAR4,true
FOXA1,true
ZNF283,true
NAPG,true
GPRC5B,true
RWDD2B,true
MED13L,true
SLC41A1,true
BRD4,true
YARS,true
SEC11C,true
CD84,true
AMER1,true
CEP350,true
LAMA3,true
CEACAM4,true
EFS,true
SLC50A1,true
FASTKD2,true
CXADRP3,true
MRPL38,true
GRB2,true
FLG2,true
DDX12P,true
FBXL5,true
GIGYF2,true
CHRDL2,true
BAAT,true
PIP4K2C,true
CHRNA10,true
SIVA1,true
ENG,true
TMEM173,true
ENPP3,true
IGLV2-33,true
CUL5,true
DNM1P46,true
MPHOSPH10,true
AC090825.1,true
EEF1DP3,true
DNAH7,true
CERS6,true
CDH26,true
RRP8,true
OR5K1,true
C1orf115,true
AC100757.1,true
TNRC18,true
CBLB,true
DMD,true
DHRS4,true
ADCY2,true
LETMD1,true
KMO,true
FRMD4B,true
PRTG,true
BRWD1,true
HS3ST5,true
CELSR2,true
CRTC2,true
ETV5,true
SLC22A3,true
PCDHA3,true
CA13,true
KRTAP4-8,true
PACRGL,true
ACD,true
TCEA3,true
S100A7,true
GGNBP2,true
DYNLT3,true
KRTAP10-12,true
HECW1,true
CFAP46,true
ITPA,true
CLEC2B,true
ATPAF1,true
BNIP1,true
NUDCD1,true
C3orf79,true
HOXC12,true
UROC1,true
PLCH1,true
NAALADL1,true
FMNL3,true
OR10H2,true
C9orf114,true
BEND4,true
KRTAP5-5,true
XPNPEP1,true
NOBOX,true
FZD7,true
IGHV3OR16-8,true
MAT1A,true
PLAUR,true
PLAG1,true
NUP93,true
IFNAR2,true
GLRA2,true
PDZD3,true
PCOLCE2,true
RAPGEF6,true
C4BPA,true
ID2,true
C9orf9,true
ALAS1,true
LRRK2,true
CDH6,true
TRAF4,true
ARHGAP33,true
KDSR,true
SERPING1,true
TLR7,true
PGM5,true
BPIFC,true
CNST,true
MDP1,true
FASN,true
TM4SF18,true
TSPYL2,true
AMDHD1,true
TRAPPC10,true
AC004381.6,true
DPY19L4,true
MED16,true
LRRC6,true
DENND4B,true
PDCD5,true
PDHA1,true
MAP3K12,true
RBX1,true
SV2C,true
GPR161,true
ZNF512,true
NSD1,true
APAF1,true
UHRF2,true
HNRNPH2,true
ADGRG4,true
RAD54L2,true
ZNF414,true
CHP1,true
UBR4,true
PLXNB2,true
MED31,true
LARP4B,true
ZNF410,true
AL391261.1,true
DCAF4L1,true
RBM27,true
TAX1BP1,true
TACC1,true
OR4C6,true
SPACA3,true
EML4,true
HERC3,true
PTPRN,true
DIS3L,true
ACTBL2,true
SNX31,true
TBC1D9B,true
MCF2L2,true
SGMS2,true
HLA-DPA1,true
LIN37,true
CXorf40B,true
TRIM23,true
UBE3D,true
DOLK,true
UBA6,true
ETF1,true
HSPH1,true
DYRK3,true
LSP1,true
EFR3A,true
PLS3,true
F2RL2,true
HPX,true
TBC1D16,true
SIPA1L1,true
CCDC63,true
DDHD2,true
PDCD4,true
TOX3,true
CYSLTR2,true
SLC22A4,true
NDST3,true
CH17-140K24.8,true
AKAP9,true
FREM1,true
WIPF1,true
NSMCE2,true
PYCR2,true
METTL2B,true
SPATA8,true
PRKDC,true
CLDN15,true
RHBDF1,true
ARPC2,true
AOX1,true
MUC13,true
YIF1A,true
CRLF3,true
OR2D3,true
RIT2,true
MSL2,true
MYBPC2,true
ZC3H18,true
DSP,true
LNPEP,true
HLA-C,true
LLGL1,true
C5,true
CCDC14,true
C1orf86,true
ARHGAP29,true
ZNF544,true
CEACAM20,true
PCDHA8,true
CIT,true
HABP2,true
HEPHL1,true
USH2A,true
CDKL1,true
CDS2,true
MMP3,true
PCDHB7,true
C16orf72,true
SAAL1,true
RORB,true
FZD2,true
ADAM12,true
NXF5,true
DNAH2,true
NPEPPS,true
WDR88,true
CEACAM5,true
ANO2,true
TBPL1,true
MAN1A1,true
RABGAP1,true
TMEM50B,true
LMOD1,true
PTPN4,true
COL6A2,true
PNN,true
POLR2H,true
TMPRSS11E,true
RP11-113D6.10,true
ZNF785,true
MFSD3,true
BCAM,true
TNIK,true
DGCR2,true
ESX1,true
MCF2,true
GAS2L1,true
BATF,true
KPRP,true
MAST4,true
ZDHHC24,true
RP11-313I2.11,true
C16orf62,true
LAMTOR5,true
BAZ1B,true
ZNF668,true
FRG1B,true
CD163L1,true
LYPLAL1,true
CNOT10,true
ZCCHC2,true
DNAJC12,true
RHBDD2,true
BCOR,true
PMPCB,true
CTD-2066L21.3,true
ARFGEF1,true
GAGE12C,true
CCDC148,true
LACTB2,true
ZNF833P,true
AKT3,true
KCNA5,true
BRD3,true
EID3,true
RAB37,true
AC010203.1,true
TBX20,true
TUBE1,true
KBTBD3,true
PPP1R15A,true
OR6K2,true
MYO1B,true
AP3D1,true
CYP2E1,true
DOCK6,true
CYFIP1,true
TMX1,true
KIF6,true
TMSB15A,true
GIPC3,true
ERCC6L2,true
ZFYVE1,true
SPATS1,true
MTBP,true
STAC2,true
CNNM1,true
TBC1D2,true
MTF1,true
FOXN2,true
LMF1,true
LGI1,true
HOXC11,true
NLRP14,true
TRPM7,true
ZBTB32,true
XPO7,true
P2RX2,true
ISM1,true
TSPAN32,true
ADNP,true
GPR119,true
SDAD1,true
SAMD9,true
FAM124B,true
SIGLEC16,true
DTNB,true
ODF3L1,true
SNORD115-8,true
SHPK,true
TBL2,true
SNORD115-20,true
ST8SIA4,true
HNRNPA1L2,true
CCDC18,true
CTPS1,true
SP100,true
CASP5,true
ADCYAP1,true
STT3A,true
ZNF491,true
CASD1,true
TACC2,true
PSG10P,true
RNF215,true
C11orf74,true
GLRB,true
RGL2,true
IQCK,true
ASB10,true
RPS4X,true
GBA2,true
MAP7D1,true
DCAF12,true
MX2,true
MYB,true
GRIK2,true
GSTM2P1,true
PDE5A,true
ATPAF2,true
RBM15B,true
PEAK1,true
DGKQ,true
ACAP1,true
COQ9,true
LINGO2,true
ZNF250,true
MST1R,true
FANCA,true
SNORA15,true
PLEKHG4B,true
TIPARP,true
PLA2G15,true
CX3CL1,true
TNFSF15,true
FUT3,true
WDTC1,true
ANXA2P3,true
BRF2,true
CNTNAP2,true
CPOX,true
RANBP6,true
E2F3,true
GLI3,true
XYLT2,true
ADGRL3,true
IRF3,true
OR51I1,true
PSMB1,true
ALDH2,true
ZNF253,true
OR14I1,true
ERCC6,true
HEATR5A,true
RBMY1A1,true
RP11-407N17.3,true
ZNF134,true
HES3,true
ITGAL,true
RFTN1,true
EIF3E,true
SAP30,true
SRPX,true
CASP3,true
KDF1,true
KRT25,true
GIF,true
GP1BA,true
NCKAP1,true
TGM4,true
BRCA2,true
NHSL2,true
GHRHR,true
C8orf34,true
SLC8A2,true
FLG,true
CHIC1,true
SPAG16,true
MYH7B,true
ZNF860,true
DHX57,true
SENP5,true
PITPNM1,true
TYR,true
CHEK1,true
EIF3F,true
OPRL1,true
ABCA12,true
IQCB1,true
CXorf65,true
NLRP9,true
NPAP1,true
GFM2,true
SNORD114-4,true
HSD17B12,true
RP11-701H24.4,true
C10orf76,true
KCNK18,true
ID4,true
DCAF6,true
LRPAP1,true
NUP98,true
GLG1,true
RP11-160E2.6,true
LMBR1L,true
PIGW,true
PIP5K1B,true
OR8H2,true
CREBBP,true
EXT1,true
RNU7-174P,true
CACNA1D,true
SERPINA5,true
VN1R2,true
CA9,true
DDX3Y,true
OR11G2,true
KLHL41,true
TMEM131,true
LRP1,true
TRO,true
OSMR,true
ANKH,true
TIGD2,true
ABI2,true
MINOS1,true
BAIAP2L1,true
PITPNM2,true
TULP1,true
SDC4,true
IGKC,true
PRKAR2A,true
SMAD4,true
MAGED1,true
SLC20A2,true
RTBDN,true
SLC19A1,true
PHEX,true
CHRNB3,true
CHTF8,true
P2RY14,true
RFWD3,true
RRAGD,true
RPS6KB1,true
ATP5S,true
BRWD3,true
FGFR1OP,true
SYT11,true
PPP1R9B,true
S1PR5,true
FAM187B,true
ZNF311,true
STAT4,true
TBC1D4,true
OR6F1,true
GPR83,true
TSPAN6,true
MCHR1,true
ANAPC1P1,true
PSMD8,true
DRD4,true
WDR64,true
C19orf44,true
CLSTN2,true
MAP1B,true
WDR20,true
ALG3,true
RIMS2,true
FKBP9,true
SMC3,true
WNT8B,true
NFIA,true
HOXA4,true
N4BP2,true
ADGRB2,true
CDHR5,true
ABCD1,true
CHP2,true
CPEB4,true
PCDHGB5,true
NANOS3,true
PCDHB10,true
ARID1B,true
APOA4,true
COL9A3,true
FLII,true
IPO4,true
TDRD7,true
TMED3,true
FAM101B,true
SLC34A2,true
CSDE1,true
TFAP2B,true
CXorf66,true
RP11-32B5.8,true
NPY1R,true
TXNDC2,true
OR4P4,true
MEN1,true
TCF20,true
KRTAP10-9,true
EFNB3,true
PDXDC1,true
COL8A2,true
MUC21,true
SLC8A1,true
TAGAP,true
MTX1,true
UNG,true
ZRANB2,true
DHX29,true
DNAJB6,true
PLEKHA5,true
TMEM35,true
OR51V1,true
TPM4,true
PSMC5,true
UVSSA,true
TRAV9-2,true
ASPM,true
KRBOX4,true
CHST11,true
PRRG1,true
SLC38A6,true
RP11-1415C14.3,true
UBXN10,true
CPZ,true
SLC35F4,true
UXT,true
TDG,true
AC015849.16,true
CGB1,true
BMP1,true
PIAS1,true
GSTA2,true
FAM83F,true
TYW1,true
ASCC3,true
CCM2L,true
HSD17B6,true
KLHL2,true
COG8,true
ZNF776,true
MED11,true
TSHR,true
MAPK8IP1,true
EPB41L4A,true
OR2K2,true
FGD4,true
CD79B,true
NDFIP2,true
FGD2,true
DPYSL5,true
NAAA,true
AKAP12,true
ROPN1,true
MYLK4,true
ZNF605,true
ITPR2,true
ZNF808,true
RALGAPA2,true
MPI,true
SLC16A13,true
F2RL1,true
PLK4,true
ST13,true
ANKRD20A2,true
GAS1,true
TEX11,true
TAS1R1,true
SPINK13,true
TBL1Y,true
ULBP1,true
CTNND1,true
CGN,true
LTV1,true
NAPA,true
PADI6,true
MKNK2,true
EXOSC3,true
ANGPT4,true
STUB1,true
RAB11FIP2,true
OR52N4,true
SENP6,true
KIAA0895,true
DOCK4,true
GABRP,true
ABCA6,true
SMTNL1,true
CTC-512J14.7,true
MYH2,true
DNMT3A,true
TMEM26,true
MMP27,true
POU2AF1,true
MAPKAPK2,true
HGD,true
MSS51,true
ZNF765,true
ANKRD42,true
SP140,true
CASC10,true
PIGQ,true
DLG3,true
TNPO2,true
XPR1,true
AMPD2,true
NLRX1,true
PSPN,true
ZKSCAN3,true
AP4B1,true
ALB,true
BMP6,true
GSDMA,true
CDCA7,true
FOXQ1,true
PIK3CB,true
CREBZF,true
SYAP1,true
KANK3,true
FANCB,true
LEF1,true
GON4L,true
DCUN1D4,true
ACTR3B,true
KIAA1958,true
YBX2,true
GBF1,true
VCX3A,true
BCL2L12,true
RAD50,true
ZNF251,true
YPEL3,true
TAS2R3,true
KCNU1,true
PRDM9,true
CCDC7,true
IL17RB,true
CR2,true
GUCY2C,true
ZDHHC14,true
LMOD3,true
PCSK1,true
CD38,true
FAM71F1,true
PIK3R1,true
UBR1,true
P2RY2,true
LDLRAD3,true
CDKN1B,true
SLC46A3,true
ZNF101,true
UBR5,true
DKC1,true
CCL13,true
SAMD12,true
E2F8,true
RCHY1,true
RNF10,true
CACNG8,true
POFUT2,true
OGN,true
DMTF1,true
COL19A1,true
CNEP1R1,true
DCAF8,true
PLA2G2A,true
PAK7,true
OR1J2,true
PIK3C2G,true
CXCR2,true
CLCA2,true
PPP2R2A,true
SNCAIP,true
CCDC84,true
MSLNL,true
SLC12A4,true
ELF4,true
TSPY2,true
DGKH,true
ABHD4,true
ARL14,true
RAI14,true
GIMAP4,true
LMBRD2,true
MUC17,true
TICAM1,true
APOBEC1,true
RP13-104F24.2,true
N4BP2L1,true
ABCA2,true
ZSCAN20,true
SPINK5,true
DGKG,true
GUCA1C,true
COX20,true
HBG1,true
UHRF1BP1L,true
ST7,true
KIAA0195,true
EEF1D,true
NUP35,true
TPM3,true
GJA4,true
LPP,true
RPS3A,true
PROSER3,true
PROKR2,true
SRRM1,true
C20orf141,true
SPDL1,true
SNRK,true
SYTL2,true
IGF2,true
UMOD,true
CLEC16A,true
CYP4A22,true
KIF21A,true
GDI2,true
RAB32,true
PTCD1,true
PDXDC2P,true
ADGRB3,true
NQO2,true
GPR141,true
CFB,true
WDR5B,true
TRPS1,true
TLR8,true
BRD7,true
COL12A1,true
PCDH12,true
IRF2BPL,true
PATE2,true
TLR4,true
ELL,true
DYNC1LI2,true
CTTNBP2,true
SIDT2,true
TMEM71,true
MIR1275,true
FBXL2,true
FIGNL1,true
TBX19,true
AK9,true
MRPL50,true
ABCG5,true
CASC3,true
ZNF257,true
GOLGA8F,true
PDCD1,true
EXPH5,true
TMC8,true
FYCO1,true
IGKV1OR22-5,true
SNORD115-31,true
AHNAK2,true
DDX27,true
GCN1L1,true
ERCC5,true
TLDC1,true
PHF20L1,true
KDM3A,true
ANXA7,true
DCAF8L1,true
EHBP1L1,true
OTUB2,true
PDE4DIP,true
KIAA1522,true
PRDM1,true
PINK1,true
ASTN1,true
LEP,true
CYP2F1,true
DLAT,true
ZBTB12,true
CELSR1,true
FGGY,true
IPO9,true
SCN2A,true
MFAP3L,true
KIAA0930,true
FNBP1L,true
JUN,true
FREM2,true
MNAT1,true
DCLRE1A,true
ZNF527,true
FASTKD3,true
FAM122A,true
CCDC9,true
HSPA12B,true
SECISBP2L,true
CDC5L,true
ANKRD20A1,true
PRR27,true
MARCH1,true
ITGAD,true
OR8G1,true
FAM41C,true
TOM1L2,true
HERC2P9,true
G2E3,true
C6orf15,true
CACNA1B,true
TMEM120A,true
FNIP1,true
CHCHD1,true
MYOM2,true
ADAT1,true
RET,true
UBR3,true
ADCY7,true
DPP10,true
ZNF786,true
PREX2,true
PIBF1,true
RAB9B,true
MAGEB10,true
SDC1,true
SRP72,true
CETP,true
AK5,true
INPP4B,true
C5orf24,true
HSP90AB1,true
ANKHD1-EIF4EBP3,true
DRAM1,true
MYBBP1A,true
RB1CC1,true
RPA2,true
MRPL43,true
EFCAB7,true
HRNR,true
ATL1,true
KRBA2,true
SMC1B,true
LHFPL5,true
ASAP1,true
LRRC8A,true
NUDT17,true
NFS1,true
PDHX,true
CYP3A5,true
DPYSL2,true
ANP32AP1,true
INTU,true
UQCRC2,true
CRP,true
MRPS18C,true
KIT,true
GRIK4,true
CLK4,true
SLC12A3,true
GAA,true
AP3S1,true
RDH14,true
C1orf210,true
CAMKK2,true
HPSE2,true
LEMD2,true
UNC13C,true
DDX47,true
NDUFB5,true
FAM209A,true
ASMT,true
HIPK1,true
SERP2,true
NLRP3,true
ADGRF1,true
KLHL42,true
MTF2,true
TMPO,true
CD52,true
ZNF549,true
C17orf74,true
XPO1,true
RARS,true
RAP1GDS1,true
DNAH6,true
S1PR1,true
CHST2,true
ERBB2IP,true
RP11-240B13.2,true
KIF2A,true
ABCA8,true
TBC1D22B,true
FSCN1,true
TBC1D2B,true
REV3L,true
MYO1D,true
EIF5B,true
WIPF2,true
SUPT16H,true
OR2M3,true
PROSER1,true
PKD1L2,true
LARP1,true
OR10Q1,true
SETD1A,true
ICAM2,true
MAP10,true
REV1,true
ANAPC5,true
JMJD7-PLA2G4B,true
SP1,true
DNAJC25,true
TF,true
ELP4,true
RPUSD4,true
HIST1H3E,true
ZNF618,true
TMED2,true
C11orf45,true
PRMT2,true
TMEM63A,true
PRKCSH,true
AFTPH,true
C11orf58,true
CSMD3,true
PRMT9,true
OPN1SW,true
KPNB1,true
ALX3,true
ZNF334,true
FRYL,true
SPATA31D1,true
SIGLEC6,true
GPRC6A,true
C1orf27,true
PAWR,true
WNT5B,true
KRIT1,true
GBE1,true
CYP27B1,true
ZNF326,true
LAMC1,true
HPN,true
MYLPF,true
TNC,true
CSRNP2,true
ADCY1,true
HNRNPD,true
ANGPT1,true
ECM2,true
EXD3,true
BCL9,true
PRSS50,true
HCAR2,true
MAP1LC3B2,true
ERF,true
TAP1,true
FOLR3,true
ERRFI1,true
CRISP2,true
IRF9,true
CDKN1A,true
GPRIN3,true
CPM,true
PKLR,true
SERPINB3,true
PSMD11,true
ZNF25,true
FOXP4,true
SH3D19,true
PARD6B,true
HELLS,true
RHOQ,true
HTR3A,true
ASH1L,true
ZSCAN10,true
NOP9,true
SBNO2,true
ZNF492,true
ELMOD2,true
ZNF91,true
PLA2R1,true
PPP1CB,true
RBM11,true
OR8K5,true
URGCP,true
NUFIP1,true
ARMT1,true
SYT16,true
SLC25A12,true
THAP5,true
MMD2,true
BDP1,true
ANKRD45,true
PRUNE,true
ABCA3,true
IPO11,true
PIK3R5,true
ZNF630,true
KCNE5,true
SOAT1,true
NOL6,true
PCDHB6,true
BBS7,true
POTEG,true
DIO3,true
NDC80,true
GNAL,true
KRTAP10-8,true
PCDHGA4,true
DDX39A,true
SDK2,true
RPL37A,true
MICU3,true
RNASE1,true
OR10G2,true
IFI16,true
SLIT1,true
TRIM75P,true
PHAX,true
INTS4P1,true
RUNX1,true
GXYLT2,true
VPS16,true
ANKRD6,true
DDX4,true
SPTBN5,true
CHML,true
POMT2,true
SFMBT2,true
HHEX,true
RBBP6,true
SLCO1B1,true
PTGDS,true
OLFML3,true
SHROOM2,true
ACACB,true
POTEE,true
C9orf72,true
SNORD3B-2,true
SLC23A2,true
CAST,true
CEP85,true
KAT8,true
B3GNT6,true
GALNT8,true
ZNFX1,true
UBXN1,true
PTPN12,true
PHF8,true
RBM12B,true
ALG13,true
OR2L13,true
IDI2,true
SPATA7,true
GAS2L3,true
PAQR4,true
TBR1,true
GOLGA4,true
MAMLD1,true
EDNRA,true
USP9X,true
DDX60L,true
MOCS3,true
KIF27,true
MYO5A,true
NRXN1,true
SLITRK3,true
C16orf46,true
TTC21B,true
CCR8,true
ADPRM,true
GPM6B,true
SCRN3,true
ZMYM4,true
ACRBP,true
SOX30,true
RIC3,true
OR5M3,true
PCID2,true
CDIP1,true
SLC26A6,true
TMEM5,true
SLC26A8,true
RGS7,true
EYA3,true
RP11-3L10.3,true
PCLO,true
B3GNT3,true
HNRNPK,true
BAZ1A,true
ACTL9,true
LYZL6,true
HIF3A,true
TENM4,true
SKA2,true
FAM179A,true
YAE1D1,true
PARK7,true
CHAF1B,true
RAB6B,true
IFT52,true
PKDREJ,true
HIST1H3H,true
SLC35G2,true
DIAPH2,true
RABGAP1L,true
LUM,true
HIST1H4J,true
ZNF592,true
SAMD15,true
PCCA,true
CLEC2D,true
MED13,true
SYT17,true
BTD,true
CCNYL2,true
CDH13,true
PPP1R36,true
CD5,true
OXR1,true
MON2,true
UBE2J1,true
PDGFRA,true
KRTAP5-9,true
PDE3B,true
MRE11A,true
AGMO,true
INCENP,true
CTSL3P,true
COL8A1,true
TIE1,true
AGXT2,true
MT1X,true
TCP10L2,true
FAM117B,true
PAPPA2,true
SPRR2E,true
KLHL40,true
TCTE1,true
GNAT1,true
FER,true
MARVELD2,true
ADAMTS18,true
MBOAT2,true
TCF7L2,true
UBQLN3,true
ARHGEF18,true
ZBTB7C,true
ASB15,true
LRBA,true
UBXN2A,true
NDUFA10,true
LLNLR-249E10.1,true
NPY2R,true
MMEL1,true
SLC25A3,true
MRPL34,true
SNORD115-3,true
ARX,true
RPL18A,true
ZSWIM2,true
ASB4,true
TFR2,true
SPECC1,true
HHAT,true
SARDH,true
EMG1,true
PRPF18,true
CWC22,true
SRPK2,true
CEP68,true
AP1AR,true
GPR45,true
PLEKHH2,true
KTN1,true
SESN3,true
CHD3,true
TTN,true
DAAM1,true
CLEC18A,true
C1QL2,true
LRRC56,true
SUPT6H,true
TP73-AS1,true
HIST1H1E,true
ACTR3,true
DOCK7,true
ARRB1,true
KANSL3,true
CRIPAK,true
AGL,true
CCAR1,true
HSD3B7,true
LAMB2,true
MAATS1,true
GS1-124K5.12,true
SEC14L4,true
RPL4,true
PDGFRB,true
RBBP7,true
HSPA1L,true
CYP20A1,true
ZC3H12A,true
PLXNA2,true
COPS7A,true
ANKRD28,true
NYNRIN,true
ALCAM,true
NRXN3,true
GDF3,true
TSR1,true
LPL,true
HTR2C,true
ST6GALNAC6,true
RNF170,true
PPP1R7,true
UST,true
DNAH10,true
DNAJC2,true
HOXD12,true
PRR4,true
SPTLC3,true
EXOC4,true
CCDC136,true
GCC1,true
PRDM8,true
DEAF1,true
GTF2IRD2P1,true
UNC5A,true
SMAD2,true
SYNE3,true
KIF4B,true
C14orf2,true
ARFGEF2,true
ELOVL1,true
PCNXL4,true
GLOD5,true
RRBP1,true
FARP1,true
CPSF1,true
SSBP1,true
VAV3,true
MCM3AP,true
GEMIN5,true
BIN1,true
LIN7C,true
TLCD1,true
FOXE1,true
SIGLEC8,true
CHMP4A,true
TRIM28,true
ANKRD12,true
PRR35,true
OCEL1,true
MTRR,true
SH3GLB1,true
DPY19L1,true
ROPN1L,true
NDST4,true
XDH,true
COPB1,true
ATN1,true
GAS2L2,true
CALR,true
OTUD5,true
C14orf183,true
PKP1,true
CPNE3,true
PTCD2,true
RXRA,true
STT3B,true
SPATA31D5P,true
LRP2BP,true
RBFOX3,true
PELI3,true
CD63,true
NCKIPSD,true
THEMIS,true
ZNF845,true
MDM2,true
SCN7A,true
TAS2R1,true
ZNF777,true
STON2,true
TESK2,true
CIRH1A,true
PDE4B,true
DLEC1,true
ASB14,true
PLCD4,true
UBC,true
LRRC40,true
SEC24C,true
STX7,true
SASH1,true
GAL3ST2,true
IFNE,true
GLTSCR2,true
ANKK1,true
CACNA1H,true
NR4A2,true
PPIF,true
ICOS,true
BCAN,true
C19orf35,true
KIAA1549L,true
TUBB4B,true
PHRF1,true
ZEB2,true
NANS,true
COBL,true
FANCC,true
JOSD1,true
IFT80,true
GAB2,true
TGFBI,true
SVOPL,true
WIPF3,true
INF2,true
PIK3R3,true
ACOT7,true
SLC4A10,true
TONSL,true
CNKSR1,true
SIKE1,true
SCAF1,true
BOD1L1,true
TRIM53AP,true
FAM172A,true
C15orf57,true
CCDC27,true
BANK1,true
IL16,true
NOTCH1,true
PRSS16,true
N4BP3,true
TMEM38B,true
RP11-651P23.5,true
PCDHA5,true
SUN1,true
NPM3,true
TMEM132B,true
ACBD5,true
AHI1,true
OR6C3,true
MALSU1,true
PIK3CA,true
PAPSS1,true
RPL13A,true
EXOC3L4,true
ASRGL1,true
GIMAP6,true
DCAF5,true
TMEM60,true
SYCP1,true
SERPINE3,true
C1orf56,true
OR2M5,true
U2AF2,true
SEPT12,true
MYO6,true
TRIP11,true
PABPC1,true
ARVCF,true
IGF1R,true
DNAJC5,true
EDEM1,true
VTRNA2-1,true
SPG20,true
RCC1,true
RPL10A,true
GPR4,true
BTBD7,true
IGKV1-27,true
COPG2,true
GALNT14,true
RGPD8,true
RAB33B,true
ARID4B,true
ECHDC2,true
ZNF385B,true
MYL6,true
RSPH3,true
KRTAP21-2,true
TMEM192,true
PNPLA6,true
MYOM1,true
CEP120,true
RP11-760D2.11,true
CACNG7,true
ZNF33B,true
LAMP2,true
SACM1L,true
REL,true
RHOT2,true
SLC17A2,true
PRKD1,true
CLDN7,true
NELL2,true
CWC15,true
WDR60,true
REG4,true
MYBPC1,true
UNC79,true
SLC6A8,true
CDK12,true
FAM178A,true
FPGT-TNNI3K,true
A2M,true
SEPT6,true
MCM8,true
NOS2,true
CEP57,true
PRSS53,true
PAM,true
RCC2,true
HSP90AB3P,true
TBC1D3B,true
SLC43A2,true
HSD17B1,true
PCDHB11,true
RNF220,true
ACBD6,true
KLHL4,true
SLC22A16,true
BMP5,true
IFNG,true
CBWD1,true
TRA2B,true
GPAM,true
ZNF837,true
TPH2,true
PDCD1LG2,true
CNTNAP4,true
SCFD2,true
TRIM47,true
DEFA4,true
TNPO3,true
KRTCAP3,true
EFCAB5,true
SULF2,true
RNF128,true
FBXO18,true
CACNA1S,true
ENTPD6,true
DIS3,true
VTI1A,true
KAL1,true
MYCBPAP,true
NCAM2,true
RYR1,true
MOG,true
MCTP2,true
LIMD1,true
TMEM255B,true
MLLT4,true
KDM5B,true
ADORA1,true
HS3ST1,true
SHANK3,true
ATP6V1G1,true
PRPF40A,true
SGTB,true
ANK3,true
IQSEC2,true
DCTD,true
KRAS,true
SLC24A1,true
CRYBA1,true
PI4KB,true
CAPN3,true
KCNG3,true
MYOCD,true
VPS13A,true
CASP10,true
ZDHHC23,true
HMBOX1,true
SLITRK4,true
NUP133,true
PPT2,true
OR10X1,true
TSPAN14,true
YIPF3,true
MTERF3,true
FAM84A,true
ST18,true
SNORD3B-1,true
LIN54,true
CDH17,true
LRWD1,true
TMEM241,true
RCOR2,true
CERS5,true
PRAMEF10,true
KIAA1429,true
PDE4D,true
ADAMTS20,true
C20orf197,true
TMEM225,true
MIS18BP1,true
NDUFV2,true
GDF2,true
NINL,true
CXCR1,true
RNF214,true
EHD2,true
ABTB2,true
ALS2,true
REPS2,true
SPATA25,true
PTPRG,true
RTN3,true
CDK15,true
TTLL7,true
TBCB,true
TRIM51,true
GRIK3,true
SCN11A,true
AVP,true
TUBA3C,true
IDE,true
CFH,true
STXBP3,true
SKIL,true
VCX,true
FLNC,true
TSPAN4,true
TRAPPC5,true
LAMC3,true
FTO,true
OR52E2,true
EZR,true
CTC1,true
C1orf74,true
ISCA2,true
GNAO1,true
NECAP1,true
KLHL13,true
MCMDC2,true
EXTL2,true
MOV10L1,true
FAR2P1,true
IMPG1,true
KIAA0020,true
ADAM9,true
MTAP,true
ANTXR2,true
LRFN4,true
UTP6,true
PLEKHG6,true
AGAP5,true
TBC1D19,true
AKAP6,true
PTEN,true
ICK,true
PPP3CC,true
XIRP2,true
OTP,true
GALNT11,true
PPM1L,true
WNK4,true
HRC,true
ZNF23,true
ARHGEF11,true
IL18RAP,true
MTSS1L,true
GRIN2D,true
SCN3B,true
HIST2H3D,true
MFSD2B,true
UBN1,true
RNFT1,true
LPCAT3,true
MXRA5,true
OR10AG1,true
USP49,true
RAB33A,true
SH2D6,true
TANC1,true
UBP1,true
ATXN7L2,true
MACC1,true
PRPF40B,true
RPS6KA2,true
HIF1A,true
PRSS38,true
IFT27,true
ENTPD1,true
ARHGEF5,true
DCAF17,true
C2CD3,true
KIRREL,true
RP1-274L7.1,true
ACVR2B,true
KRTAP9-3,true
DNAAF2,true
CATSPER4,true
KPNA4,true
NDST2,true
MUC5AC,true
NKG7,true
GTF2B,true
SETDB1,true
EPHB1,true
EEF1A2,true
ACVR2A,true
FAM169B,true
MCC,true
IGHV3-53,true
CFAP74,true
MEFV,true
ADGRA3,true
CECR2,true
COG3,true
MSMB,true
SH3BGRL,true
BTN3A3,true
LONP1,true
SLAMF8,true
RRP1,true
ZNF420,true
LAMP3,true
ZNF76,true
DDX23,true
QSER1,true
TYK2,true
KRR1,true
PHKA1,true
C2orf73,true
AC125232.1,true
MSI1,true
MUSK,true
ZNF761,true
CCDC122,true
CHCHD2,true
AUP1,true
KRT79,true
SLC25A15,true
KDM8,true
SENP1,true
EXOC7,true
ITGA1,true
FAM110C,true
RC3H1,true
RP11-156P1.3,true
HELB,true
FAT3,true
GFAP,true
ABCC9,true
ZNF679,true
EZH1,true
ACTG1,true
PTPDC1,true
NBPF25P,true
HIST2H2AC,true
PAX5,true
TEX15,true
KIAA1549,true
SLC26A2,true
TK1,true
MTIF3,true
PLEKHH1,true
CD3G,true
POP1,true
RPL9,true
SLC38A7,true
EP400NL,true
GPD2,true
ARSI,true
TCHP,true
SAMD9L,true
CAMK2A,true
ZNF267,true
VCX3B,true
SIGLEC1,true
CERKL,true
IQGAP2,true
BMP2K,true
AFF3,true
KRT80,true
PREP,true
PGLYRP4,true
TTI1,true
OR5AR1,true
CCNJ,true
MED15,true
SDS,true
IGSF1,true
RBM5,true
CCNK,true
RPS6KA4,true
LRTM2,true
ALPK2,true
FAM76A,true
MAP2,true
PRRC2C,true
DAZAP2,true
PALM2-AKAP2,true
STOML1,true
ADGRA2,true
ARMC3,true
SFXN1,true
LRRC28,true
EMP1,true
TUBGCP4,true
EIF2B4,true
FBN1,true
ERC1,true
TTYH2,true
SEL1L2,true
TTC39C,true
BCHE,true
MAP3K15,true
FAM46B,true
TMEM100,true
FCRL5,true
TCFL5,true
SFI1,true
EIF4B,true
TAF5L,true
TMEM53,true
PDIA5,true
ZNF564,true
COL11A1,true
FADS6,true
ARMCX1,true
FAF2,true
WDR33,true
CYP2C8,true
P3H2,true
LRFN3,true
LSM1,true
STK31,true
ADAR,true
D2HGDH,true
STOML2,true
ACKR2,true
IL17REL,true
KAT6A,true
LAYN,true
PRKG1,true
CCRN4L,true
COL27A1,true
UBE4A,true
NAE1,true
MAPKBP1,true
ABHD14A-ACY1,true
ZCCHC9,true
CAMK4,true
NFX1,true
PLXNB1,true
TAF5,true
ICE1,true
KCNK6,true
MRPL10,true
ZNF471,true
NPR1,true
CCDC109B,true
ZNF829,true
LIPT1,true
BDH1,true
POLB,true
RUNX1T1,true
SORCS3,true
PADI1,true
GOSR2,true
SLC17A6,true
PRPSAP2,true
CLEC4M,true
SMIM3,true
TTBK2,true
ATG2A,true
OLFML1,true
UGGT2,true
ATG16L2,true
SPAG11A,true
ECHS1,true
SLFN5,true
COPG1,true
ABO,true
KIAA1109,true
ADCY6,true
POU4F3,true
RTN2,true
HIBADH,true
SOCS4,true
EPHA5,true
B4GALNT3,true
POLL,true
DCT,true
RBM44,true
CYP11A1,true
ANKRD23,true
NIPBL,true
SEPT5,true
EXOC6,true
ATP2A2,true
CMTM1,true
CTBP2,true
ZNF559,true
TLR6,true
GLOD4,true
TRIM32,true
ORC1,true
CENPB,true
ATP5B,true
ZNF611,true
TRIM43,true
PSMG1,true
CDH7,true
C9orf69,true
REXO2,true
OR6S1,true
SPIN1,true
SRPX2,true
S100A11,true
KCNN3,true
MYO19,true
DCBLD1,true
GBA3,true
LRRC8D,true
CCDC144A,true
WLS,true
TTL,true
IRX6,true
SSPO,true
ITGAV,true
FOXR2,true
CHUK,true
SLC26A9,true
PUS3,true
USP6NL,true
XIST,true
SLC30A4,true
FKBP7,true
USP6,true
MICALL1,true
ZZZ3,true
ALDH3A2,true
CCDC8,true
SLC25A14,true
KIAA0922,true
UVRAG,true
HTR3E,true
ZCCHC11,true
OR1S2,true
ZMYND11,true
GAB4,true
PPP1R16A,true
SSH2,true
RPUSD2,true
DNAJC13,true
SLC5A5,true
FRMD5,true
SPAST,true
PERP,true
VDAC2,true
TSHZ2,true
BTBD2,true
USH1G,true
TBC1D12,true
FABP5P3,true
ESPL1,true
SLC6A3,true
THUMPD3,true
PRB3,true
MRPL41,true
FMNL2,true
HMG20A,true
SLC46A1,true
STAB1,true
HLA-DRA,true
HEXIM1,true
MRPS30,true
GPR155,true
FARP2,true
TAMM41,true
HUWE1,true
RBM25,true
USP8,true
LRRC16B,true
ZNF484,true
LILRA2,true
WI2-3308P17.2,true
NXF4,true
RAB18,true
TCF7L1,true
JAK1,true
SMURF1,true
PCOLCE,true
TTC37,true
C8orf46,true
PTRH1,true
NCK1,true
SYCP2,true
NDUFS2,true
IQCF2,true
GOPC,true
ZNF461,true
BNIPL,true
ZNF732,true
AP1G2,true
DNAAF5,true
NDUFS5,true
RARRES3,true
SPATA17,true
CLN8,true
NUP214,true
ZNF702P,true
OR11H12,true
DEFB118,true
RNF103,true
KRTAP4-7,true
MRPS35,true
OR10Z1,true
PCDH19,true
PCDHB8,true
FAM78A,true
PRDM14,true
TCAP,true
PLEKHG1,true
SH3GLB2,true
B3GNT5,true
ZFC3H1,true
TAPBP,true
ADGRF4,true
KCTD2,true
WASF2,true
DSC3,true
CHM,true
CAB39,true
NUTM1,true
DENND6B,true
TNNT1,true
UBQLNL,true
CYC1,true
PLCD1,true
TINF2,true
MAN2C1,true
ZFP41,true
PCDHGA5,true
TRPV2,true
FAM110B,true
UBN2,true
N6AMT2,true
SCN10A,true
MYO1C,true
FBXO41,true
EHF,true
PBLD,true
PRICKLE1,true
MRPL30,true
PLA2G6,true
TSKS,true
LRRIQ4,true
VIPR2,true
HEATR5B,true
CLEC12B,true
ZNF263,true
C3orf62,true
GOT2,true
ZNF106,true
ABHD16A,true
TAB3,true
SCN9A,true
HTR3B,true
SART1,true
RNPEPL1,true
RABEP2,true
TRPM2,true
CLDN14,true
CIAPIN1,true
IFIT5,true
TTC36,true
PLEC,true
CES1,true
GPATCH8,true
GDI1,true
VMO1,true
ADGRF3,true
GIMAP1,true
TMC5,true
TJP3,true
ABCG8,true
DECR2,true
RPRD1A,true
SESTD1,true
PCDHA6,true
GUCA2B,true
OGDHL,true
KIF14,true
TEX2,true
AGPAT6,true
LRP12,true
IVNS1ABP,true
DOCK9,true
ZNF217,true
PKP4,true
CXCL13,true
HK3,true
DFNA5,true
JAKMIP2,true
RFX6,true
SPTAN1,true
RASGRF2,true
HPGDS,true
METTL21B,true
ZNF227,true
LRRC42,true
F7,true
TARBP2,true
TIMM50,true
KDM2A,true
LPAR6,true
CDC42,true
ERO1L,true
MLLT1,true
MLYCD,true
INTS5,true
CBFA2T2,true
GATA5,true
NDUFS1,true
KIAA1257,true
ICAM3,true
LRSAM1,true
BNC2,true
COL6A3,true
AIM1,true
ZNF75D,true
CREM,true
VWA8,true
CDKL3,true
ERCC4,true
SERPINA9,true
CACNB2,true
TRPV5,true
PIGC,true
AFAP1L2,true
SMC1A,true
CCDC66,true
MTERF2,true
ANKEF1,true
CD79A,true
NCOA7,true
FAM102B,true
ZNF573,true
AGBL1,true
VPS11,true
CRAT,true
RBFA,true
ATR,true
VGLL3,true
EZH2,true
BBS2,true
UNC13A,true
LAMP5,true
NISCH,true
GPRC5D,true
CAPN2,true
RACGAP1,true
RRN3,true
ZNF350,true
VCAN,true
OTUD7A,true
SETD5,true
PCYOX1L,true
RNF113A,true
ABHD2,true
ZNF234,true
SUFU,true
GABRQ,true
ZCCHC14,true
FZD1,true
OBSL1,true
GAPVD1,true
ANAPC7,true
DIEXF,true
C7orf57,true
NAALAD2,true
VSTM1,true
KCNIP4,true
SPESP1,true
ZSWIM8,true
TMEM2,true
ARHGAP5,true
BEND3,true
KMT2A,true
TNRC6A,true
TOR1AIP1,true
LRRC19,true
COL9A2,true
SH3BP4,true
SLC17A4,true
WDR73,true
CDH12,true
SLC39A2,true
GRXCR1,true
DOCK11,true
WWC1,true
ZNF639,true
BRAT1,true
OR4M1,true
CAPS,true
USP4,true
SALL3,true
SLC27A3,true
FRG1,true
CRB1,true
ATP6V1B2,true
VEGFA,true
CLIC5,true
CDKAL1,true
PA2G4,true
TYRP1,true
PCDH1,true
TP53BP1,true
BACE2,true
SEMG2,true
TLR10,true
FILIP1,true
DAP3,true
ATXN2L,true
CNOT1,true
FPR1,true
SLC27A2,true
MYLK,true
GGA2,true
ALG8,true
NR0B1,true
AC010731.4,true
GRIK5,true
GALNT18,true
RGL4,true
KLF4,true
RCVRN,true
KRI1,true
KBTBD2,true
ZNF711,true
UBE2D3,true
TPP1,true
TNS1,true
C7orf55,true
SLC25A33,true
UNC13B,true
PROS1,true
OR10A7,true
NUP155,true
PPIG,true
DOK6,true
DEC1,true
SGK223,true
AHR,true
CELSR3,true
SEC16A,true
TMEM63B,true
FAM151A,true
CYP11B1,true
ERMP1,true
SMC5,true
AKT1,true
ZNF490,true
GMIP,true
PNMA5,true
CGB2,true
PRDM7,true
SLC35B1,true
CFHR5,true
SLC25A13,true
C14orf166,true
HRH1,true
PXMP2,true
RP5-981L23.2,true
EXOSC8,true
MAP3K8,true
ANKS1B,true
CNGB1,true
LRRC14,true
EXOC3L2,true
DNM1P47,true
KIAA2018,true
NUDT15,true
EIF3A,true
SHQ1,true
UBE2R2,true
DMRTB1,true
LETM2,true
ZNF28,true
ING3,true
SCML2,true
SLC2A9,true
MLIP,true
MARCH8,true
GPR78,true
SLC30A5,true
ALLC,true
ADD2,true
FAM64A,true
ENPP7,true
ANPEP,true
SNRNP27,true
VCP,true
ZKSCAN1,true
FANCM,true
ASIC1,true
KBTBD12,true
PALMD,true
JMJD4,true
IGLV8-61,true
SIRPG,true
IGKV2D-24,true
STAC3,true
PREB,true
SKAP2,true
CCPG1,true
GPR174,true
ANAPC15,true
ACADSB,true
NRCAM,true
DCAKD,true
BNIP3L,true
MORC1,true
PPP1R26,true
SPTY2D1,true
GTF2F2,true
SLC2A14,true
NRG1,true
ANP32A,true
SPNS1,true
OR3A3,true
PGM2,true
USP17L15,true
RNF17,true
TSIX,true
RP11-170L3.7,true
SND1,true
MYNN,true
PPFIA3,true
ZC3H12B,true
ZNF207,true
ZNF709,true
SYT12,true
NKX2-4,true
ZNF480,true
TRIM10,true
PTPRB,true
SHCBP1,true
LRRC49,true
ACTA1,true
ATP6AP1L,true
SEPT10,true
IFT172,true
APOBEC3C,true
DDX46,true
ADAMTS12,true
IGHV1-24,true
SCAI,true
AMBP,true
POM121L12,true
HAS1,true
OXT,true
SLC25A17,true
ABHD12B,true
POTEC,true
PGM1,true
OR11H1,true
PCDHGA11,true
CST6,true
ZCWPW1,true
SMARCA4,true
ASMTL,true
IWS1,true
AHNAK,true
GATAD2A,true
HECTD4,true
IRS4,true
ADGRB1,true
FAM227B,true
NPHP3,true
PLXNC1,true
MKRN3,true
LAMB1,true
SEC61B,true
NBPF10,true
DIP2C,true
SVIL,true
HCCS,true
ADD3,true
HEBP1,true
RFPL2,true
CELF5,true
CHRNA1,true
RNF167,true
MAP3K19,true
SEMA7A,true
FCGR2B,true
SLC35E3,true
CPNE8,true
CFAP44,true
ADARB1,true
SPAM1,true
SETD6,true
SNX25,true
SETD2,true
UGT1A3,true
ALPK3,true
MMAA,true
GPR12,true
KCNC3,true
MORN1,true
KMT2B,true
NUBP1,true
LYZL2,true
PPFIBP1,true
BIRC3,true
CGNL1,true
SUOX,true
TMEM109,true
ADAMDEC1,true
KCTD16,true
DGKD,true
TMEM117,true
TET3,true
ASTN2,true
C3orf67,true
NRXN2,true
SLA,true
RPGRIP1L,true
NEK7,true
GBP5,true
FOLH1,true
WNT11,true
TLR2,true
SNAPC5,true
FCGRT,true
NFAT5,true
ERCC8,true
GRIN2A,true
DTNA,true
ADGRF5,true
OR2T33,true
FA2H,true
ARHGEF6,true
CTNNA3,true
SNRNP70,true
SH3PXD2B,true
EPHA7,true
CARF,true
CLINT1,true
LARP7,true
CD3D,true
ARHGAP36,true
ADAMTS16,true
ARAP3,true
PITX2,true
SLC12A9,true
XXbac-BPG116M5.17,true
RYK,true
MRC1,true
ITGBL1,true
DMTN,true
VCAM1,true
KCND1,true
CCT2,true
USP9Y,true
CCDC158,true
CCAR2,true
CCSER2,true
SPTBN1,true
CDR2,true
ACOT13,true
FANCD2,true
HEPACAM2,true
METTL13,true
EBPL,true
H2AFY,true
MRPL53,true
MIER1,true
SPHK2,true
CDK2AP1,true
ZFAND5,true
BCCIP,true
RAD51AP1,true
MYH7,true
GP2,true
METTL14,true
ZNF383,true
NAT2,true
OBSCN,true
DENND6A,true
CACNB3,true
SUZ12,true
HIST1H2BC,true
SAXO2,true
LRRC46,true
MAGI1,true
SNORD115-35,true
SLC40A1,true
AFF2,true
ANKRD53,true
TAF1L,true
FAM183B,true
ELMO3,true
DNTTIP1,true
OR2G6,true
ATG12,true
SLMAP,true
ZC3HC1,true
SAMSN1,true
MAB21L3,true
MGAT5B,true
C11orf68,true
AFAP1,true
RWDD1,true
FOXJ2,true
YEATS4,true
ZNF135,true
MBD2,true
C4orf33,true
ZNF621,true
ZKSCAN4,true
PRKAG1,true
ALDH18A1,true
PTPRK,true
ZNF521,true
FBXO24,true
TLL1,true
ZNF354C,true
KIAA1683,true
CCDC82,true
CHEK2P2,true
AKAP4,true
STXBP4,true
CD34,true
HEXA,true
PSMA4,true
MPO,true
SLC6A18,true
HFM1,true
C8orf58,true
ZNF692,true
WBP4,true
WDR72,true
AQP5,true
DUSP28,true
ITGB7,true
FAM153B,true
SLC10A5,true
UBQLN1,true
AP4M1,true
NPFFR2,true
KMT2D,true
HS3ST2,true
ITSN2,true
C19orf52,true
MUC7,true
NAP1L3,true
FN3K,true
RGS22,true
STX16,true
DVL2,true
CAND1,true
PIGM,true
DPP3,true
QTRTD1,true
PHKB,true
RALGAPB,true
CHRNA3,true
PTCHD2,true
KANK4,true
OSTC,true
NFU1,true
ANKRD32,true
FLT3LG,true
PCDH18,true
BCL2L15,true
ANKRD11,true
FAT2,true
SVEP1,true
PEX7,true
MDM1,true
ATG2B,true
ZNF248,true
TNFRSF25,true
NCOR2,true
PPIL3,true
TMPRSS5,true
GRAMD1C,true
ZNF493,true
SGK1,true
LY75,true
RBM10,true
PLEKHA3,true
ZFHX4,true
OSGEP,true
PDSS1,true
IGHV3-35,true
CSGALNACT2,true
USP32P1,true
LCN12,true
HINT1,true
TANGO6,true
ATPIF1,true
ZKSCAN8,true
TBCE,true
NAA16,true
MAPRE2,true
CHMP2A,true
CPNE1,true
PSMD1,true
OR5D18,true
CC2D2A,true
ADGRG6,true
FAM53B,true
LOR,true
KIAA1551,true
POU2F2,true
SIGLEC11,true
PDP1,true
KLHDC7A,true
PRRG3,true
CFAP70,true
MUTYH,true
ZNF275,true
FHL1,true
CACHD1,true
ANKRD35,true
CUBN,true
UBXN2B,true
ARHGAP30,true
LZTR1,true
DNMT1,true
HIST4H4,true
ZG16B,true
TENM1,true
MS4A12,true
MYO15A,true
CACNA2D3,true
OR51E2,true
SLC22A14,true
EPHA3,true
GPR42,true
SMC2,true
CPSF2,true
DPEP3,true
RBAK,true
POLR3B,true
CDHR3,true
CYLD,true
HSP90AA1,true
FBXO47,true
PIK3C3,true
SLC9B2,true
ZNF721,true
RP11-707M1.1,true
NKD1,true
BSG,true
DPY19L2,true
SOD1,true
NARF,true
RETN,true
REST,true
PTPN21,true
STXBP5L,true
FOXP2,true
ZIC2,true
MAP3K10,true
MPV17,true
SPIN2B,true
ITPKB,true
RPL12,true
BACH1,true
FAM196A,true
MFSD7,true
CATSPERG,true
LEPR,true
TMEM248,true
E4F1,true
C16orf86,true
LEMD1,true
BLMH,true
TRHDE,true
SIL1,true
SACS,true
OR2T34,true
TXNDC16,true
OR5B17,true
AGGF1,true
TMPRSS11B,true
ZC3H12C,true
RSL1D1,true
DEPDC1,true
SLC22A11,true
CAMKMT,true
TBX22,true
FANCG,true
ZPBP,true
EYA4,true
LRP11,true
PRDX1,true
PMCH,true
NUP210L,true
OSBPL7,true
DRG1,true
SLC9A6,true
FGF7,true
RALGPS2,true
VCL,true
LINGO1,true
WHSC1,true
BSN,true
KCND2,true
PARP4,true
CLMN,true
MIB2,true
TUBA3D,true
NPTX1,true
ADM,true
FBXW7,true
OR8B12,true
ARHGAP20,true
RNF7,true
WDR11,true
IL37,true
TRIP4,true
GPC1,true
ABCF1,true
PARD3,true
ZNF780B,true
KLC4,true
IGDCC4,true
ENKD1,true
THEG,true
DBT,true
PHF20,true
RPRD1B,true
CHD7,true
CEP128,true
GALNT10,true
BPI,true
SPCS1,true
GOLGA6L10,true
FBN3,true
KANSL1,true
CARD6,true
TP73,true
PCDHAC1,true
METTL8,true
AQP3,true
CENPF,true
EGFL6,true
ZFP28,true
ST6GALNAC4,true
FAM90A1,true
KRTAP10-11,true
TRIM11,true
RBM46,true
CNN2,true
PLSCR4,true
USP53,true
GPX8,true
PLA2G4D,true
ZDBF2,true
PTPRZ1,true
WDR59,true
CAMKV,true
TFAP2D,true
RLIM,true
MYT1L,true
SYTL3,true
NAIP,true
CHRNA5,true
INPP1,true
ITGAM,true
SPINK9,true
PLCB1,true
KCNH7,true
CALCB,true
DCAF4L2,true
WDR45,true
COL11A2,true
SPEN,true
ZNF280D,true
LRRIQ3,true
ALK,true
OPLAH,true
CDHR2,true
NNT,true
CHSY3,true
LUC7L3,true
CENPW,true
RECK,true
OCRL,true
BLZF1,true
SRSF10,true
GRB10,true
DAZL,true
CCDC170,true
DAPK3,true
NCAPD2,true
DDX54,true
KRTAP10-5,true
STOML3,true
NUDT5,true
MRPL28,true
TGFB2,true
CYTH4,true
EFCAB14,true
C2orf44,true
APLF,true
ADH4,true
UBAP1,true
FCRL2,true
STATH,true
PSG5,true
RP11-219C24.6,true
SLC28A1,true
MIR1270,true
HNRNPA2B1,true
ABLIM1,true
IFT46,true
COL15A1,true
VMP1,true
NPY4R,true
KCNH2,true
MSANTD4,true
TPT1,true
COPS6,true
NLRP6,true
VPS13B,true
ABCB11,true
TSGA13,true
NAV1,true
ABCD4,true
COL9A1,true
ZRANB3,true
FAM208B,true
IL2RG,true
EPHB6,true
SLC6A1,true
RBP3,true
LAMA2,true
DDIT4,true
ZNF440,true
GPR158,true
ZFAND2B,true
SPTBN2,true
NRIP1,true
MTHFD1,true
INVS,true
GPR179,true
LRP2,true
SSFA2,true
A2ML1,true
GCH1,true
CDCA2,true
ZNF583,true
CNR1,true
VWA3A,true
OR4L1,true
TKTL2,true
NAIF1,true
MYCBP2,true
ZNF341,true
CLDN18,true
PODXL,true
CDAN1,true
GNPAT,true
NSL1,true
POMGNT1,true
ATXN7,true
ARMCX3,true
ZNF335,true
HNRNPDL,true
FAM114A2,true
KIF20B,true
MUC20,true
RIPPLY2,true
HDAC9,true
CTCFL,true
SLC25A43,true
DIXDC1,true
FH,true
OR12D3,true
ROBO2,true
WDR17,true
PSME4,true
TP53I13,true
RAF1,true
PSG7,true
SLCO2B1,true
NAP1L1,true
MFSD8,true
CEP152,true
SETD7,true
ARFIP2,true
BUB3,true
ZSCAN16,true
RLF,true
CCT6B,true
RTN4,true
MEGF6,true
ULK3,true
S100PBP,true
HSPA4L,true
ECE2,true
TMEM70,true
KIF15,true
C16orf82,true
CUX1,true
ARSK,true
SRP68,true
TARS,true
TRIB3,true
YWHAZ,true
EIF4A2,true
TWISTNB,true
VEZT,true
SORBS3,true
CASC5,true
DHX37,true
WIZ,true
CAMK2B,true
USP10,true
TMPRSS11F,true
ZBTB22,true
DNAJC22,true
AKR1B15,true
CROCCP2,true
ZC3H4,true
CCDC24,true
ATP7A,true
SOX12,true
LRPPRC,true
ZNF117,true
LIFR,true
ATP10B,true
LRRCC1,true
PKD1L1,true
CTD-2206N4.2,true
KDM5A,true
FLOT1,true
ENPP2,true
KMT2C,true
GLYATL2,true
LRRC7,true
TRBV21OR9-2,true
DFNB31,true
CASP14,true
COQ6,true
THAP9,true
TIGD7,true
GABRA6,true
GSTM5,true
TNR,true
ZNF660,true
ZNF41,true
SLC25A26,true
BRSK2,true
AKAP10,true
OR1N2,true
TIFAB,true
SRSF12,true
C6orf47,true
CSF2RB,true
FSCB,true
COL4A5,true
THBS2,true
GPR89A,true
PGK2,true
SP4,true
TM7SF2,true
ARSG,true
TERT,true
SASH3,true
DRP2,true
KLHDC8B,true
ARHGEF10L,true
HEYL,true
PHF23,true
IKZF3,true
BICD1,true
PCDH11X,true
ZNF43,true
TMEM257,true
LDB3,true
SLC24A5,true
ASCC1,true
CDH11,true
CENPI,true
DPH1,true
PHACTR3,true
ZW10,true
CEP57L1,true
EFCAB6,true
BCLAF1,true
ATP2C2,true
CHD6,true
TSGA10,true
TSNAX,true
GRAMD4,true
CASC4,true
C10orf11,true
TROVE2,true
SEZ6L,true
SCARB2,true
CRTAM,true
TYSND1,true
RPAP3,true
ACAD9,true
EPSTI1,true
ACOT12,true
ULK2,true
ATP6AP1,true
SH3KBP1,true
GAS8,true
AQP12A,true
HSPE1,true
ITGA10,true
TEK,true
ZNF500,true
TRAV23DV6,true
SLC22A12,true
LYN,true
LMAN2L,true
CBWD3,true
MCOLN1,true
CPSF3,true
CC2D1A,true
SERPINH1,true
FABP3,true
DYRK1B,true
AKAP11,true
RSAD1,true
FMN2,true
CCDC88C,true
CHD9,true
ABCC12,true
FAM8A1,true
DCTN1,true
CHAT,true
SLC28A2,true
MYEF2,true
ZMPSTE24,true
TNFSF4,true
SOS2,true
KAT6B,true
PTPN14,true
ZNF230,true
ARIH1,true
NKTR,true
FAT1,true
ST8SIA6,true
IGF2R,true
NBPF15,true
LNX2,true
NAA60,true
C10orf62,true
TBCEL,true
KLHL5,true
SYNCRIP,true
GAK,true
TREM1,true
KALRN,true
HSH2D,true
EIF5,true
ZNF830,true
NADSYN1,true
HAPLN3,true
TMOD3,true
NGF,true
NSMAF,true
MKLN1,true
CHD2,true
TMOD1,true
GPR156,true
AGAP4,true
ACSS3,true
PANX2,true
MEPCE,true
CNPY4,true
PRB1,true
ADAM15,true
IFNL1,true
TOMM20L,true
SWSAP1,true
OXSR1,true
TGFBR3,true
MS4A2,true
BCL11A,true
OR10G4,true
SPTB,true
PPP1R35,true
CUL2,true
ZNF720,true
SERHL2,true
OR6A2,true
SMAD9,true
SOWAHB,true
ZNF184,true
OFD1,true
NTSR2,true
IL1R1,true
ARID2,true
UFL1,true
ORC3,true
MOB1B,true
KRTAP24-1,true
RNF146,true
RINT1,true
MICU1,true
ECT2L,true
NPAS2,true
VBP1,true
ESCO1,true
ATAD5,true
STX19,true
IFI44L,true
PPP2R2B,true
PSMB4,true
WFS1,true
CSNK1E,true
LGALS13,true
PPARA,true
DIAPH1,true
FRG2B,true
PCNXL2,true
FAM35A,true
CYTH1,true
POU1F1,true
OR2T4,true
SRD5A1,true
LRGUK,true
CPED1,true
TES,true
SARAF,true
SLTM,true
CTD-2374C24.1,true
GDPD2,true
PLEKHM1P,true
MGAT4C,true
ADAMTSL4,true
RBMS1,true
CLASP1,true
CDK11A,true
FBXO7,true
ZBTB24,true
MAP2K6,true
WRN,true
RNF217-AS1,true
PCDHGA12,true
MDM4,true
HIVEP2,true
FAM126B,true
KRTAP10-1,true
SUSD2,true
CNOT4,true
CCDC129,true
ARHGAP18,true
DUSP1,true
RUSC1,true
RALB,true
ATP13A5,true
PSAP,true
KCNIP1,true
ZFAND1,true
COL1A1,true
GULP1,true
SCRIB,true
RAB6A,true
RGR,true
PHGDH,true
NXF3,true
TOMM70A,true
PLEKHS1,true
PCDH8,true
SRCAP,true
MTHFR,true
ATP5SL,true
RIOK1,true
MOGAT1,true
ZFR2,true
SALL2,true
ACTL6B,true
NET1,true
ASPH,true
KIF23,true
FBXO3,true
SRR,true
GFI1B,true
PIK3R6,true
USP24,true
PCDHA10,true
HUS1B,true
SCUBE2,true
MYH13,true
SLC12A6,true
RSBN1,true
DHX40,true
ERICH3,true
ALDH6A1,true
THOC6,true
FRMPD3,true
ASPDH,true
TMEM107,true
ZNRF3,true
ABCD3,true
NOA1,true
UTP11L,true
CLCN2,true
ARL2,true
FHL2,true
PCSK6,true
MRAP2,true
IGHG3,true
PRDX6,true
OSGIN2,true
ZNF578,true
MAPK10,true
SLC3A1,true
TFPI,true
ARHGEF9,true
ARRDC3,true
CCKAR,true
NLGN4Y,true
ZNF543,true
TCF3,true
TTK,true
ATG3,true
OR4C3,true
CNGB3,true
MGAM,true
LYPD4,true
HDC,true
MEAF6,true
OR4C11,true
RUFY3,true
PLOD2,true
CAPN1,true
TEAD4,true
INADL,true
IGSF22,true
ZNF185,true
SLCO4C1,true
DCLK2,true
CCDC152,true
DSG4,true
MAP3K3,true
RMND1,true
SGSM2,true
EAPP,true
STARD3,true
SCN1A,true
OR2H2,true
RPL10L,true
ALKBH3,true
TRIM49C,true
ASB12,true
ANO1,true
RRN3P2,true
RAP1A,true
PPAT,true
LRRN4,true
CENPT,true
DOPEY2,true
PLOD1,true
AMZ2P1,true
GZMM,true
SORCS1,true
PTTG2,true
NSRP1,true
TMBIM4,true
IL17RA,true
ITGA8,true
LBR,true
AMBN,true
CDK9,true
NDUFB9,true
CLIC1,true
STAR,true
HTR4,true
SYCE1,true
CORO1A,true
PPHLN1,true
PTTG1IP,true
MOK,true
RALGAPA1,true
FRY,true
OXA1L,true
CTD-2331H12.5,true
PKD2L2,true
ATP6V1A,true
FGR,true
CBR3,true
IKBKAP,true
GOLGA3,true
SRRT,true
ERAP2,true
TCN1,true
RAPH1,true
SMARCAD1,true
GRIN2B,true
KRTAP10-7,true
PPP1R14C,true
TAF8,true
SUV39H2,true
PAQR6,true
ARHGAP4,true
CAPN9,true
HEATR6,true
WDFY3,true
NGFR,true
MTCL1,true
PAPPA,true
TEX101,true
PTPRO,true
PTS,true
TRAF1,true
MVB12A,true
MECOM,true
NIM1K,true
GJD2,true
ACKR4,true
NOP58,true
FRMD4A,true
ELP5,true
TM4SF1,true
RASA1,true
NAA25,true
NPHP4,true
CELF2,true
ABCC2,true
MAGEB6,true
PKD1P6,true
ANGEL2,true
RAB27A,true
NSUN4,true
ZNF876P,true
ZNF318,true
TRBV7-1,true
POLQ,true
DDHD1,true
HTATSF1,true
LARP1B,true
FAM50B,true
C16orf58,true
TJP1,true
EVPL,true
ZBTB10,true
RNF144A,true
DPF3,true
RECQL4,true
SOWAHD,true
GPATCH3,true
CDPF1,true
OR8B4,true
SNAP25,true
ALKBH6,true
ANO9,true
ZNF107,true
CDK1,true
TIMM8B,true
PTPRD,true
SYCP2L,true
C3AR1,true
PPP3R2,true
CASZ1,true
ANKLE1,true
HSPA13,true
C10orf12,true
P4HTM,true
KCMF1,true
NEUROD4,true
C1orf162,true
OPN4,true
TRMT12,true
SPATA2,true
CTD-2666L21.1,true
NETO1,true
BFAR,true
NUDT10,true
ZNF763,true
ZNF462,true
MET,true
SMG5,true
SPATA31A6,true
PRSS48,true
TMEM261,true
ZNF84,true
IL17RC,true
DAPK1,true
C10orf71,true
T,true
VAPA,true
DNAH9,true
COX4I1,true
ZNF26,true
WNK1,true
LCMT1,true
EPB41L1,true
DPPA4,true
MUC2,true
DDX19A,true
WDR36,true
ARID3B,true
DGCR8,true
CCL15,true
CNTNAP5,true
EFCAB1,true
RTFDC1,true
ATXN2,true
BTAF1,true
SSBP2,true
MARCKSL1,true
LPPR2,true
DIO1,true
AZGP1,true
RSRC2,true
USP44,true
SHC3,true
KRTAP10-2,true
COL3A1,true
DBH,true
ZNF788,true
CYP2A7P1,true
TCEAL2,true
PXN,true
GPR1,true
NDUFB6,true
EIF2B5,true
LRRN1,true
ZFPM2,true
APOB,true
FBXO11,true
NDUFA7,true
FRS3,true
MYH6,true
GLB1L,true
SLC26A10,true
EPS8L1,true
CALCR,true
SYF2,true
EXT2,true
CLK1,true
DPF1,true
RBM7,true
DNAJC14,true
NBPF9,true
SOX9,true
CEP164,true
PIR,true
RP11-707O23.5,true
PLCE1,true
NPNT,true
XRCC5,true
ZNF791,true
FAM221B,true
SPOCK3,true
CNOT2,true
MSLN,true
TATDN3,true
SLIT2,true
FUT9,true
ZNF136,true
ZC3H7A,true
MYH10,true
USP32,true
KAT5,true
DDX60,true
PHOX2A,true
NLRP5,true
DCST2,true
PHTF2,true
EIF2A,true
SNORD116-4,true
RBPJL,true
ZNF839,true
MMACHC,true
DDX56,true
CSF2RA,true
MYT1,true
GNG13,true
OAS3,true
LSM8,true
TIMP4,true
CYHR1,true
DSTYK,true
FBXL4,true
IGSF10,true
KLHL14,true
MORC4,true
STC2,true
SNX27,true
RABEPK,true
PRSS27,true
USP47,true
EXOSC2,true
OR5AS1,true
SERTAD3,true
ZFYVE28,true
HIRA,true
CYTH2,true
GSTO2,true
RUNDC1,true
PRSS1,true
REG3A,true
LTA4H,true
HCP5,true
HECW2,true
ABCA5,true
CAMSAP2,true
TUBGCP6,true
PLTP,true
ANKRD50,true
SMURF2,true
ADAM11,true
KIF13A,true
USP25,true
RGP1,true
HNRNPC,true
TCTN2,true
PML,true
CRTC3,true
SPOP,true
CREB3L3,true
TKT,true
SERPINB11,true
DBNL,true
WDR75,true
TREML4,true
DLGAP2,true
MCM3,true
SLC38A4,true
ZNF132,true
HDGFRP3,true
IDS,true
CSRNP1,true
RP1L1,true
MRPS9,true
MMP24,true
HZGJ,true
FAIM2,true
ZNF804A,true
EDEM3,true
UTP14C,true
UROD,true
AMPD3,true
RORC,true
MAGEC2,true
RBBP8,true
CPA2,true
DTWD1,true
NBPF26,true
ABCB7,true
OR4K17,true
TUBB2B,true
RGS8,true
BIRC6,true
WRAP53,true
EXOC2,true
CERS3,true
SIX5,true
GLI2,true
MTMR6,true
LAMC2,true
RTKN,true
KLHL35,true
KEL,true
GABRG2,true
CDH19,true
ELK4,true
BCO2,true
TRANK1,true
SUGP1,true
RNF111,true
CENPL,true
AC004448.5,true
FIGF,true
TDO2,true
LCTL,true
C14orf79,true
PM20D2,true
RBM15,true
MEGF8,true
ZNF716,true
SKIDA1,true
ZFP2,true
KRT38,true
ZNF556,true
PRDM4,true
MSL3P1,true
SPATA13,true
WDR6,true
CSHL1,true
KRT20,true
LPA,true
PRSS57,true
RNF213,true
MTOR,true
CYP4F11,true
CCDC155,true
TIRAP,true
GRIA4,true
CHRM5,true
GPR135,true
POGLUT1,true
INTS2,true
RNF39,true
BZRAP1,true
DOCK8,true
MST1,true
TTC27,true
TXNL1,true
NPC2,true
TRIM33,true
FANCI,true
SLC2A10,true
CD248,true
AK7,true
JPH2,true
HEATR3,true
CLEC4C,true
DLGAP5,true
TRMT5,true
LRRC37A2,true
PRPS1,true
SEC62,true
CCL23,true
DSCAML1,true
RIF1,true
HLX,true
RASAL2,true
CAMSAP3,true
SZT2,true
CFI,true
LRRC37BP1,true
FAM120C,true
GALNT12,true
ITGB3,true
SPTA1,true
ITGB2,true
SNRNP200,true
FXYD4,true
SSX1,true
NEXN,true
COIL,true
ZNF534,true
PPFIA4,true
TTC9B,true
SEPSECS,true
KCNC4,true
DCAF12L2,true
NUTF2,true
PCNX,true
AFF4,true
SPTBN4,true
SDCBP2,true
AP5B1,true
FAM98B,true
GRAMD2,true
GALNTL5,true
ODF2L,true
CD200R1,true
PZP,true
HEATR9,true
PCBP1,true
TDRD5,true
FNIP2,true
SEMG1,true
INPP5F,true
THSD7B,true
CXorf38,true
CDKN2C,true
EEA1,true
ABR,true
CTAGE4,true
CLSTN1,true
TOR1A,true
TULP4,true
GPT,true
REXO1L1P,true
SAMD5,true
ZNF141,true
FZR1,true
COPS4,true
VTA1,true
NOX5,true
ATP1A2,true
SLC38A9,true
ZIK1,true
INTS7,true
GATSL2,true
KRTAP5-11,true
DCLRE1B,true
PLCL1,true
SCAF4,true
ZNF598,true
CPXM1,true
TTF1,true
STRC,true
SEMA6A,true
LILRB1,true
HIST1H1C,true
CASS4,true
DICER1,true
UNC45B,true
PNLDC1,true
TCP1,true
TIMM44,true
PIK3CG,true
NIPAL2,true
DOCK10,true
ADGRG3,true
ZBED1,true
CCNL1,true
DNAJB11,true
FAM47A,true
PTCH1,true
ADSSL1,true
C17orf59,true
PACSIN3,true
CROCC,true
FAM13C,true
HTATIP2,true
DNTTIP2,true
MAL,true
SPHK1,true
FRRS1,true
PLD3,true
MBD6,true
EVL,true
STC1,true
OR4N5,true
PDZD8,true
PIK3C2A,true
ZSCAN5B,true
KRT18,true
PCSK2,true
IRS1,true
CORO1C,true
TCEB3B,true
RSPH6A,true
BAZ2A,true
PYGO1,true
METTL5,true
MMRN1,true
CTBS,true
ADAMTS9,true
RBL2,true
HPS3,true
CILP2,true
ATP4A,true
PDCL2,true
HOXA1,true
FAM175A,true
CHRDL1,true
NECAB1,true
IARS,true
RPTN,true
CD3E,true
SOSTDC1,true
BNIP3P1,true
FRS2,true
S100A1,true
PIAS3,true
HLA-DMA,true
SMCR8,true
DMXL1,true
DOCK3,true
OR5AK2,true
PRPF39,true
TAS1R3,true
GPNMB,true
SULT4A1,true
UBR7,true
PKHD1L1,true
RN7SL248P,true
FBN2,true
LMO7,true
CACNA2D1,true
FCRL3,true
PELI1,true
ARHGEF7,true
BDH2,true
ZFP64,true
SNORD115-32,true
SYNE1,true
GRM6,true
MEOX2,true
OR5T2,true
CLDN6,true
NPBWR2,true
ZC3H11A,true
EXD2,true
KYNU,true
CARS,true
VPS53,true
MED14,true
S100P,true
KIF26B,true
LYZ,true
MTDH,true
OR52A5,true
ZNF677,true
AGR2,true
ATXN7L1,true
PPP1R8,true
GNG5,true
APOL2,true
SLC11A2,true
LIG4,true
MAP2K1,true
SLC1A7,true
C1orf146,true
MLKL,true
NPRL2,true
ROM1,true
MAPKAPK3,true
COL1A2,true
MFHAS1,true
PRPF6,true
RP11-85G18.6,true
CNTN4,true
ZNF645,true
ARHGEF40,true
PHACTR2,true
CES4A,true
IDUA,true
ZNF436,true
KCNJ9,true
ARHGAP32,true
PUM1,true
MYH1,true
DCHS2,true
CYB5D1,true
SERPINC1,true
TP53BP2,true
SH2D3C,true
UBXN6,true
RPS2,true
UBE2A,true
NFATC4,true
TBC1D7,true
CASP7,true
YTHDC2,true
PPP6R2,true
XXbac-BPG32J3.19,true
PIWIL2,true
COL22A1,true
ZSCAN18,true
SGCE,true
AXIN1,true
PCDH17,true
AQP7P2,true
ZNF827,true
ANKS4B,true
ZNF397,true
RSU1,true
YWHAH,true
TBC1D32,true
GALNT15,true
GATS,true
ITM2B,true
ZNF713,true
ANXA3,true
GOLGA5,true
RABEP1,true
PPP1R3F,true
MAGEF1,true
TTC38,true
MROH7,true
BCAT1,true
SMARCA5,true
ZNF644,true
LAMA1,true
WDR46,true
TRIM54,true
RNF34,true
LRRC4C,true
APBB1,true
NOM1,true
ASXL1,true
MRPL19,true
PLS1,true
IL1RAPL1,true
ATE1,true
TNFAIP2,true
CMPK1,true
DUSP13,true
CTSH,true
VAMP3,true
SEC14L2,true
EPC2,true
KCTD3,true
HDAC10,true
ADTRP,true
TAS1R2,true
PFKFB4,true
CTPS2,true
KRT35,true
SETBP1,true
BPTF,true
MTTP,true
TACR3,true
HAND2,true
COL4A3BP,true
BBS12,true
FAN1,true
FOXD2,true
SLC2A5,true
INTS1,true
GUCY1B3,true
RDH16,true
PRR12,true
YEATS2,true
RP11-798G7.6,true
FAM222A,true
DNAJC16,true
ARRDC4,true
AGFG1,true
POLD4,true
TAF2,true
SLC12A5,true
KIF25,true
GIGYF1,true
ACSBG1,true
OR2AK2,true
APOL6,true
PCDHB1,true
DOK5,true
ZBTB43,true
GCDH,true
CHAF1A,true
FAR1,true
POLR3GL,true
GREB1,true
TLR1,true
SLC16A4,true
ZNF831,true
CAPZA3,true
CHIC2,true
DDX25,true
PDLIM1,true
KLHL26,true
MAGEE2,true
SMCO1,true
OR13C8,true
HPGD,true
FLOT2,true
OR56A1,true
RBM4,true
KIF19,true
USP51,true
DDX10,true
USP28,true
CDC42BPB,true
MOB3B,true
ZNF624,true
EEF2,true
WEE2,true
PLCZ1,true
SEMA4B,true
PRMT1,true
LARS2,true
KSR2,true
GFI1,true
SCG3,true
B3GNTL1,true
RP11-1319K7.1,true
MAST1,true
FHL5,true
RASGRP1,true
ORC2,true
NIPAL1,true
PKM,true
RPL36A,true
RAD9B,true
CORIN,true
SNORD115-7,true
TADA2A,true
SLC35D2,true
LTBP3,true
KIAA1217,true
VWA2,true
ZNF563,true
GP5,true
FAM155A,true
ELL2,true
MED24,true
DYNLT1,true
FKBPL,true
TRNT1,true
STON1,true
GORAB,true
CCER1,true
ENTPD7,true
ZGRF1,true
JAK2,true
ERH,true
ATP9B,true
ALMS1,true
CYP2A13,true
ADAM21,true
OSBPL9,true
KCNAB3,true
ING5,true
MFN2,true
EIF4A1,true
OR2T27,true
ANKZF1,true
PRRT3,true
MFSD4,true
PTPRA,true
FMNL1,true
SPATA32,true
PRKG2,true
C12orf56,true
AKT2,true
UQCRC1,true
ARHGEF4,true
HDDC2,true
OR5F1,true
KCNIP3,true
ETAA1,true
MAU2,true
OR5M1,true
LDHC,true
MAP4K4,true
KEAP1,true
PMS1,true
CCM2,true
FAM162A,true
NR3C2,true
DNAJC1,true
DGAT2L6,true
TEX14,true
SETX,true
AFM,true
SPIB,true
VPS4B,true
FSHR,true
SMCHD1,true
ATP13A4,true
HACL1,true
PFKP,true
OR4X1,true
SYT1,true
COL5A3,true
FUT1,true
NMBR,true
ZNF451,true
C9orf152,true
NBPF19,true
PPP6R3,true
HRH2,true
ACSL3,true
SLC35G5,true
NAGA,true
OR4D9,true
CAMP,true
CORO7,true
SLC5A10,true
BMS1,true
EPOR,true
NEIL3,true
VGLL4,true
BTK,true
RELN,true
BPNT1,true
NFATC1,true
DNAI2,true
ZNF623,true
PGD,true
UBXN4,true
CYP4V2,true
SDPR,true
FAM21A,true
UBE2Q2P1,true
ZNHIT3,true
DSC2,true
CAPN15,true
DZIP1,true
FZD6,true
SCIN,true
PRSS45,true
FOXC1,true
UBA7,true
CNIH4,true
XPOT,true
IFNGR2,true
FBXW8,true
ARMC12,true
STAU2,true
GOLGA1,true
ETV3L,true
CT45A1,true
KCND3,true
TMC2,true
CCDC28A,true
ADH7,true
IRF5,true
STXBP5,true
SESN1,true
PIGO,true
PHF2P2,true
PPIAL4A,true
SQLE,true
CDK5RAP3,true
RIOK2,true
NAA15,true
ATF7IP2,true
RAD52,true
AGTR1,true
GRB7,true
ATM,true
PLA2G5,true
SPATA12,true
ZNF324B,true
LGALS16,true
TCEB3,true
MCM2,true
SMG9,true
ZSCAN5A,true
MIR876,true
NCOA3,true
TAS2R42,true
POMZP3,true
ACTR6,true
RAD23B,true
ETS1,true
HEG1,true
HDAC8,true
PCDHGB4,true
TMEM132D,true
KHNYN,true
DEFB104A,true
PNISR,true
LRRIQ1,true
RBM22,true
CKAP2,true
ABCA10,true
TM2D3,true
ALS2CL,true
IGHV3OR15-7,true
NDUFA12,true
ALG11,true
CTSS,true
LCE1F,true
BTRC,true
VWF,true
GIMAP7,true
SLC38A11,true
TULP2,true
BEND2,true
SBNO1,true
INTS3,true
AP3M2,true
RNF135,true
PTENP1-AS,true
ALDH5A1,true
PDS5A,true
PAG1,true
GCNT2,true
TOPBP1,true
FGF20,true
C4orf22,true
DCP1A,true
RP11-204M4.2,true
TFE3,true
RGS12,true
KCNAB1,true
ANKRD54,true
PRDM15,true
GGT8P,true
MYRIP,true
MAST2,true
PSG8,true
DGKB,true
EMC4,true
CTDP1,true
NOMO1,true
MYO5C,true
KERA,true
CKMT1A,true
HOXD9,true
TALDO1,true
C12orf66,true
CEP89,true
ZMYND8,true
CAPNS1,true
CFAP47,true
DEPDC5,true
FNDC3A,true
ANO8,true
MYH15,true
RHBDL3,true
DCHS1,true
DAGLA,true
ANKRD36C,true
MED6,true
LRTOMT,true
NCOR1,true
PDZD2,true
ZNF304,true
ATG14,true
ANAPC2,true
TMEM47,true
COX7B,true
POU6F2,true
ZNF580,true
C10orf53,true
C10orf54,true
CD160,true
SHROOM3,true
RP11-1280N14.3,true
ITPR3,true
UBE2Q2,true
YIF1B,true
NSUN6,true
OR2B2,true
TBCK,true
TEFM,true
ZNF143,true
NKIRAS1,true
IL12A,true
GFRA3,true
NDRG4,true
CPA1,true
TUBB8,true
ZNF292,true
DSPP,true
NPR2,true
FLT4,true
HIATL1,true
RFK,true
CKAP5,true
AICDA,true
PDPR,true
KDM4C,true
BEND6,true
DENND5A,true
FOCAD,true
FABP7,true
MFSD6L,true
LRRFIP1,true
STOX2,true
MAGEA12,true
FNBP4,true
PSMB6,true
SHROOM1,true
PRKD2,true
HHLA2,true
PNMA3,true
SLC7A13,true
NOMO3,true
PPM1D,true
TRIO,true
ARHGEF12,true
KCNG1,true
RP11-213G2.3,true
SNTB2,true
KIF1B,true
ACIN1,true
FBXO44,true
LRFN5,true
DROSHA,true
GPC6,true
KDM6A,true
SDHAF2,true
RHOBTB3,true
FERMT1,true
PRR5-ARHGAP8,true
POLR2A,true
WDR4,true
ZNF181,true
C11orf63,true
RASAL1,true
FGD1,true
NUF2,true
IFNA5,true
GUK1,true
RP11-231C14.4,true
LRRTM3,true
GSPT1,true
MBTPS1,true
OR5V1,true
ZNF300,true
ESF1,true
PLIN5,true
SNX22,true
PPP1R13L,true
NOTCH3,true
PTPRS,true
ANKRD20A11P,true
PPP1R3B,true
SMARCC2,true
FAM47E-STBD1,true
UBE2Q2P2,true
ARSE,true
FAM120B,true
ARMC1,true
RB1,true
SLITRK6,true
PPID,true
CAP2,true
C3orf17,true
MYH3,true
AP1G1,true
SDC3,true
DIDO1,true
OR2C1,true
ZNHIT6,true
TNFRSF10A,true
ZBTB18,true
PTAR1,true
PPAN-P2RY11,true
CD93,true
GNAI3,true
MDN1,true
ZNF415,true
OR5B3,true
AAAS,true
GDPGP1,true
AQP6,true
CCKBR,true
ATP11C,true
JMJD1C,true
UBE2NL,true
MID1,true
FBXO10,true
BRICD5,true
TGOLN2,true
MYL12B,true
TPTE2,true
KRT85,true
FAM71C,true
TPRG1,true
EFTUD2,true
RMI1,true
MYH8,true
USP1,true
EPHA6,true
ADCY8,true
SPPL3,true
MRS2,true
SYN2,true
DDX28,true
ZNF565,true
PCM1,true
KIAA2022,true
KRTAP13-4,true
OR1L8,true
HAPLN1,true
DISC1,true
MYBPC3,true
RAB3C,true
B3GAT1,true
SIGLEC7,true
TAF1,true
OR7A17,true
TRMT13,true
ERAL1,true
SPECC1L,true
ZNF749,true
DMPK,true
ABCA13,true
LAX1,true
MS4A7,true
COPZ1,true
BCAP29,true
GFOD1,true
POR,true
TRIM6-TRIM34,true
GOT1,true
PI4K2B,true
RNF14,true
DYRK4,true
CAMK2G,true
SIN3A,true
P4HB,true
CTNNAL1,true
MS4A4A,true
CEP85L,true
GPR89B,true
PHF21A,true
DCAF8L2,true
GADD45G,true
ZNF85,true
CFD,true
PCDH20,true
RC3H2,true
NEDD4,true
MCPH1,true
RP1,true
ZNHIT2,true
EPRS,true
LRRC37A3,true
DERL1,true
NHLRC3,true
TARBP1,true
OTOL1,true
OR4D5,true
AP2A2,true
CITED2,true
KCNA1,true
C19orf57,true
BCAP31,true
MARS2,true
DOK1,true
ZNF804B,true
WASL,true
NDUFA9,true
GALT,true
RBM6,true
PSMC3IP,true
SLC25A10,true
PATE1,true
